lr-Adam,step,loss_train_step,pos_train_step,cell_train_step,atomic_numbers_train_step,epoch,loss_val,pos_val,cell_val,atomic_numbers_val,loss_train_epoch,pos_train_epoch,cell_train_epoch,atomic_numbers_train_epoch
0.0001,49,,,,,,,,,,,,,
,49,0.7494579553604126,4.111532688140869,0.14811056852340698,0.19019412994384766,0,,,,,,,,
0.0001,99,,,,,,,,,,,,,
,99,0.4803922474384308,3.072998046875,0.03234168887138367,0.1407507061958313,0,,,,,,,,
0.0001,149,,,,,,,,,,,,,
,149,0.4761488437652588,2.972588062286377,0.026226798072457314,0.1526632457971573,0,,,,,,,,
,153,,,,,0,0.431530237197876,2.943922996520996,0.013202850706875324,0.12393496930599213,,,,
,153,,,,,0,,,,,0.5144694447517395,3.581531286239624,0.016470985487103462,0.13984528183937073
0.0001,199,,,,,,,,,,,,,
,199,0.37479984760284424,2.3270926475524902,0.009549353271722794,0.132541224360466,1,,,,,,,,
0.0001,249,,,,,,,,,,,,,
,249,0.42976057529449463,2.9301023483276367,0.01018994115293026,0.12656036019325256,1,,,,,,,,
0.0001,299,,,,,,,,,,,,,
,299,0.33647313714027405,2.3894121646881104,0.00743410037830472,0.09009779244661331,1,,,,,,,,
,307,,,,,1,0.4176231622695923,2.8064475059509277,0.012304509989917278,0.12467401474714279,,,,
,307,,,,,1,,,,,0.48746514320373535,3.383697271347046,0.015885598957538605,0.13320964574813843
0.0001,349,,,,,,,,,,,,,
,349,0.5146179795265198,3.1606345176696777,0.0388108491897583,0.15974366664886475,2,,,,,,,,
0.0001,399,,,,,,,,,,,,,
,399,0.3968978524208069,3.076353073120117,0.015619544312357903,0.07364296913146973,2,,,,,,,,
0.0001,449,,,,,,,,,,,,,
,449,0.3932572603225708,2.9285857677459717,0.0054858108051121235,0.09491285681724548,2,,,,,,,,
,461,,,,,2,0.4224015474319458,2.9352869987487793,0.012679144740104675,0.1161937266588211,,,,
,461,,,,,2,,,,,0.4799433946609497,3.3680644035339355,0.016104616224765778,0.12703248858451843
0.0001,499,,,,,,,,,,,,,
,499,0.4455578327178955,2.976793050765991,0.006061493419110775,0.14181701838970184,3,,,,,,,,
0.0001,549,,,,,,,,,,,,,
,549,0.4164952039718628,3.067831516265869,0.018779674544930458,0.09093236923217773,3,,,,,,,,
0.0001,599,,,,,,,,,,,,,
,599,0.42516034841537476,3.0140326023101807,0.011883404105901718,0.11187367141246796,3,,,,,,,,
,615,,,,,3,0.41633954644203186,2.876814365386963,0.01065587904304266,0.1180022731423378,,,,
,615,,,,,3,,,,,0.48692604899406433,3.4779603481292725,0.014549847692251205,0.12458020448684692
0.0001,649,,,,,,,,,,,,,
,649,0.48136648535728455,3.3942394256591797,0.005854579620063305,0.13608790934085846,4,,,,,,,,
0.0001,699,,,,,,,,,,,,,
,699,0.448142945766449,2.9393677711486816,0.018407098948955536,0.13579903542995453,4,,,,,,,,
0.0001,749,,,,,,,,,,,,,
,749,0.3257199823856354,1.7343697547912598,0.008766870945692062,0.14351613819599152,4,,,,,,,,
,769,,,,,4,0.4191732704639435,2.924257755279541,0.01422667596489191,0.11252078413963318,,,,
,769,,,,,4,,,,,0.47821858525276184,3.3760571479797363,0.014748746529221535,0.12586407363414764
0.0001,799,,,,,,,,,,,,,
,799,0.6039719581604004,4.854229927062988,0.0198297630995512,0.09871920943260193,5,,,,,,,,
0.0001,849,,,,,,,,,,,,,
,849,0.4533083736896515,3.49421763420105,0.016691185534000397,0.08719541877508163,5,,,,,,,,
0.0001,899,,,,,,,,,,,,,
,899,0.33165398240089417,2.5075747966766357,0.00678049772977829,0.07411600649356842,5,,,,,,,,
,923,,,,,5,0.4405934512615204,3.1289639472961426,0.011557591147720814,0.11613939702510834,,,,
,923,,,,,5,,,,,0.4682035446166992,3.303476095199585,0.01457681879401207,0.1232791393995285
0.0001,949,,,,,,,,,,,,,
,949,0.7172493934631348,5.678794860839844,0.007685365155339241,0.14168450236320496,6,,,,,,,,
0.0001,999,,,,,,,,,,,,,
,999,0.7347659468650818,6.303220748901367,0.01917489990592003,0.08526895940303802,6,,,,,,,,
0.0001,1049,,,,,,,,,,,,,
,1049,0.5101436376571655,2.9957869052886963,0.01381085254251957,0.19675403833389282,6,,,,,,,,
,1077,,,,,6,0.4285668432712555,2.9920594692230225,0.011684461496770382,0.11767645180225372,,,,
,1077,,,,,6,,,,,0.48227882385253906,3.456907033920288,0.014415978454053402,0.12217209488153458
0.0001,1099,,,,,,,,,,,,,
,1099,0.6679707169532776,5.314413070678711,0.02559821866452694,0.11093119531869888,7,,,,,,,,
0.0001,1149,,,,,,,,,,,,,
,1149,0.5650097727775574,4.070204257965088,0.004951766692101955,0.15303756296634674,7,,,,,,,,
0.0001,1199,,,,,,,,,,,,,
,1199,0.46791261434555054,3.6276516914367676,0.015505985356867313,0.08964142948389053,7,,,,,,,,
,1231,,,,,7,0.43205663561820984,2.9861631393432617,0.011493227444589138,0.12194712460041046,,,,
,1231,,,,,7,,,,,0.47255489230155945,3.38869571685791,0.0131375752389431,0.12054768949747086
0.0001,1249,,,,,,,,,,,,,
,1249,0.5586209297180176,4.153328895568848,0.0047057135961949825,0.1385822743177414,8,,,,,,,,
0.0001,1299,,,,,,,,,,,,,
,1299,0.533049464225769,3.3189830780029297,0.02267141453921795,0.17847973108291626,8,,,,,,,,
0.0001,1349,,,,,,,,,,,,,
,1349,0.6167805790901184,2.6560592651367188,0.021551568061113358,0.32962310314178467,8,,,,,,,,
,1385,,,,,8,0.41318193078041077,2.7790186405181885,0.016311291605234146,0.11896872520446777,,,,
,1385,,,,,8,,,,,0.4773949682712555,3.3717217445373535,0.0148428063839674,0.12537989020347595
0.0001,1399,,,,,,,,,,,,,
,1399,0.527660071849823,3.2873892784118652,0.06167642027139664,0.13724471628665924,9,,,,,,,,
0.0001,1449,,,,,,,,,,,,,
,1449,0.6098771691322327,4.445949554443359,0.025101982057094574,0.14018023014068604,9,,,,,,,,
0.0001,1499,,,,,,,,,,,,,
,1499,0.8280733823776245,6.679904937744141,0.01984112709760666,0.14024171233177185,9,,,,,,,,
,1539,,,,,9,0.42718005180358887,2.9613287448883057,0.011925138533115387,0.11912207305431366,,,,
,1539,,,,,9,,,,,0.4892488420009613,3.5397493839263916,0.016680242493748665,0.11859366297721863
0.0001,1549,,,,,,,,,,,,,
,1549,0.42837265133857727,3.3910746574401855,0.013395982794463634,0.07586918771266937,10,,,,,,,,
0.0001,1599,,,,,,,,,,,,,
,1599,0.37429165840148926,2.3837177753448486,0.005784437991678715,0.13013547658920288,10,,,,,,,,
0.0001,1649,,,,,,,,,,,,,
,1649,0.5140845775604248,4.209908485412598,0.028475094586610794,0.06461863964796066,10,,,,,,,,
,1693,,,,,10,0.38204801082611084,2.651266098022461,0.008673914708197117,0.10824743658304214,,,,
,1693,,,,,10,,,,,0.4647550880908966,3.266944169998169,0.015373320318758488,0.12268733978271484
0.0001,1699,,,,,,,,,,,,,
,1699,0.4430730640888214,2.916438102722168,0.016036298125982285,0.135392963886261,11,,,,,,,,
0.0001,1749,,,,,,,,,,,,,
,1749,0.3417145311832428,2.382817029953003,0.003287597792223096,0.10014524310827255,11,,,,,,,,
0.0001,1799,,,,,,,,,,,,,
,1799,0.4235379695892334,2.9265923500061035,0.010073386132717133,0.12080533802509308,11,,,,,,,,
,1847,,,,,11,0.4081811308860779,2.8367693424224854,0.011595936492085457,0.112908273935318,,,,
,1847,,,,,11,,,,,0.4710146188735962,3.378689765930176,0.0151427136734128,0.11800315976142883
0.0001,1849,,,,,,,,,,,,,
,1849,0.567200779914856,4.303399085998535,0.009719905443489552,0.12714095413684845,12,,,,,,,,
0.0001,1899,,,,,,,,,,,,,
,1899,0.5427786111831665,3.8162920475006104,0.01093432679772377,0.15021508932113647,12,,,,,,,,
0.0001,1949,,,,,,,,,,,,,
,1949,0.4006168246269226,2.7256460189819336,0.007658371236175299,0.12039384245872498,12,,,,,,,,
0.0001,1999,,,,,,,,,,,,,
,1999,0.4807894825935364,3.3640594482421875,0.011437894776463509,0.13294564187526703,12,,,,,,,,
,2001,,,,,12,0.4282318949699402,3.018500804901123,0.01359020546078682,0.11279158294200897,,,,
,2001,,,,,12,,,,,0.4789336919784546,3.4483211040496826,0.012819359079003334,0.12128222733736038
0.0001,2049,,,,,,,,,,,,,
,2049,0.545522153377533,4.0689778327941895,0.011107825674116611,0.12751653790473938,13,,,,,,,,
0.0001,2099,,,,,,,,,,,,,
,2099,0.37483012676239014,2.9061577320098877,0.010202682577073574,0.0740116536617279,13,,,,,,,,
0.0001,2149,,,,,,,,,,,,,
,2149,0.4721745550632477,3.2904767990112305,0.012737724930047989,0.13038912415504456,13,,,,,,,,
,2155,,,,,13,0.40087464451789856,2.731212615966797,0.011417649686336517,0.11633574962615967,,,,
,2155,,,,,13,,,,,0.4591558873653412,3.253458261489868,0.012574907392263412,0.12123512476682663
0.0001,2199,,,,,,,,,,,,,
,2199,0.3861715793609619,2.225499153137207,0.006086715497076511,0.15753498673439026,14,,,,,,,,
0.0001,2249,,,,,,,,,,,,,
,2249,0.47625088691711426,3.6603527069091797,0.016696136444807053,0.09351946413516998,14,,,,,,,,
0.0001,2299,,,,,,,,,,,,,
,2299,0.36554059386253357,2.236124277114868,0.022773798555135727,0.11915436387062073,14,,,,,,,,
,2309,,,,,14,0.41320177912712097,2.86735200881958,0.01214842963963747,0.11431822180747986,,,,
,2309,,,,,14,,,,,0.4691022038459778,3.2925069332122803,0.01410642359405756,0.12574487924575806
0.0001,2349,,,,,,,,,,,,,
,2349,0.3132254481315613,1.977865219116211,0.010126943700015545,0.10531196743249893,15,,,,,,,,
0.0001,2399,,,,,,,,,,,,,
,2399,0.35465118288993835,2.6994056701660156,0.005487870890647173,0.07922274619340897,15,,,,,,,,
0.0001,2449,,,,,,,,,,,,,
,2449,0.4553350806236267,3.8380725383758545,0.00879333820194006,0.062734454870224,15,,,,,,,,
,2463,,,,,15,0.40800952911376953,2.807565450668335,0.011303483508527279,0.11594955623149872,,,,
,2463,,,,,15,,,,,0.476347953081131,3.4371044635772705,0.013383757323026657,0.11925370246171951
0.0001,2499,,,,,,,,,,,,,
,2499,0.3919951617717743,2.0417795181274414,0.005416311789304018,0.1824008822441101,16,,,,,,,,
0.0001,2549,,,,,,,,,,,,,
,2549,0.6826307773590088,5.6568193435668945,0.013896961696445942,0.10305184125900269,16,,,,,,,,
0.0001,2599,,,,,,,,,,,,,
,2599,0.41137397289276123,3.081387996673584,0.0077293748036026955,0.09550581872463226,16,,,,,,,,
,2617,,,,,16,0.4344278872013092,3.042095899581909,0.015337824821472168,0.1148805245757103,,,,
,2617,,,,,16,,,,,0.4697982966899872,3.371999979019165,0.012752165086567402,0.11984619498252869
0.0001,2649,,,,,,,,,,,,,
,2649,0.2872680425643921,1.2853063344955444,0.01873844861984253,0.13999897241592407,17,,,,,,,,
0.0001,2699,,,,,,,,,,,,,
,2699,0.5641072392463684,4.216004371643066,0.03012034110724926,0.11238645017147064,17,,,,,,,,
0.0001,2749,,,,,,,,,,,,,
,2749,0.4138583540916443,2.9274585247039795,0.011076973751187325,0.11003551632165909,17,,,,,,,,
,2771,,,,,17,0.4060790240764618,2.7982523441314697,0.010988951660692692,0.11526480317115784,,,,
,2771,,,,,17,,,,,0.47055116295814514,3.3625314235687256,0.013760348781943321,0.12053771317005157
0.0001,2799,,,,,,,,,,,,,
,2799,0.39343804121017456,3.0532538890838623,0.01597132533788681,0.07214131951332092,18,,,,,,,,
0.0001,2849,,,,,,,,,,,,,
,2849,0.4029281735420227,2.643908739089966,0.007288861554116011,0.13124842941761017,18,,,,,,,,
0.0001,2899,,,,,,,,,,,,,
,2899,0.5063301920890808,3.096656322479248,0.016187479719519615,0.1804770678281784,18,,,,,,,,
,2925,,,,,18,0.4085930287837982,2.877809762954712,0.010309509001672268,0.11050243675708771,,,,
,2925,,,,,18,,,,,0.4670945107936859,3.318880081176758,0.013042116537690163,0.12216433137655258
0.0001,2949,,,,,,,,,,,,,
,2949,0.5126962661743164,3.987886428833008,0.008560916408896446,0.10534670948982239,19,,,,,,,,
0.0001,2999,,,,,,,,,,,,,
,2999,0.4973967373371124,4.052100658416748,0.008730236440896988,0.08345642685890198,19,,,,,,,,
0.0001,3049,,,,,,,,,,,,,
,3049,0.7466861009597778,5.603354454040527,0.05661247298121452,0.12973815202713013,19,,,,,,,,
,3079,,,,,19,0.42445090413093567,3.0160651206970215,0.010789124295115471,0.11205525696277618,,,,
,3079,,,,,19,,,,,0.46769917011260986,3.337334632873535,0.013978897593915462,0.119986891746521
0.0001,3099,,,,,,,,,,,,,
,3099,0.3715856671333313,2.408322811126709,0.007263460662215948,0.12348994612693787,20,,,,,,,,
0.0001,3149,,,,,,,,,,,,,
,3149,0.3191339373588562,1.949702262878418,0.01080568041652441,0.1133580356836319,20,,,,,,,,
0.0001,3199,,,,,,,,,,,,,
,3199,0.4575059413909912,3.325864791870117,0.009348694235086441,0.11557076126337051,20,,,,,,,,
,3233,,,,,20,0.39854854345321655,2.797806739807129,0.01172040868550539,0.10704751312732697,,,,
,3233,,,,,20,,,,,0.4805333912372589,3.4780609607696533,0.014523057267069817,0.11820436269044876
0.0001,3249,,,,,,,,,,,,,
,3249,0.31742197275161743,1.8275885581970215,0.023682070896029472,0.1109810471534729,21,,,,,,,,
0.0001,3299,,,,,,,,,,,,,
,3299,0.3699699342250824,2.5960583686828613,0.004247668199241161,0.10611642152070999,21,,,,,,,,
0.0001,3349,,,,,,,,,,,,,
,3349,0.4141373932361603,3.0900826454162598,0.006410883739590645,0.09871827065944672,21,,,,,,,,
,3387,,,,,21,0.405795693397522,2.864842414855957,0.00883807335048914,0.11047337204217911,,,,
,3387,,,,,21,,,,,0.4757707715034485,3.4490647315979004,0.013373169116675854,0.11749104410409927
0.0001,3399,,,,,,,,,,,,,
,3399,0.45954298973083496,2.8885512351989746,0.01166466623544693,0.1590231955051422,22,,,,,,,,
0.0001,3449,,,,,,,,,,,,,
,3449,0.456815242767334,3.0941715240478516,0.014958709478378296,0.13243934512138367,22,,,,,,,,
0.0001,3499,,,,,,,,,,,,,
,3499,0.37263962626457214,2.5814666748046875,0.005260772071778774,0.10923215746879578,22,,,,,,,,
,3541,,,,,22,0.40461811423301697,2.8335158824920654,0.01132453978061676,0.10994196683168411,,,,
,3541,,,,,22,,,,,0.4794673025608063,3.426365852355957,0.014498517848551273,0.12233221530914307
0.0001,3549,,,,,,,,,,,,,
,3549,0.6017143130302429,4.868720531463623,0.005090833641588688,0.10975141823291779,23,,,,,,,,
0.0001,3599,,,,,,,,,,,,,
,3599,0.37128114700317383,2.6490061283111572,0.00777755631133914,0.09860299527645111,23,,,,,,,,
0.0001,3649,,,,,,,,,,,,,
,3649,0.4936109483242035,3.625243902206421,0.008931174874305725,0.12215539813041687,23,,,,,,,,
,3695,,,,,23,0.399350106716156,2.7825610637664795,0.010196949355304241,0.11089706420898438,,,,
,3695,,,,,23,,,,,0.46394550800323486,3.3186118602752686,0.012958119623363018,0.11912624537944794
0.0001,3699,,,,,,,,,,,,,
,3699,0.3843080699443817,2.053941011428833,0.003278628922998905,0.17563533782958984,24,,,,,,,,
0.0001,3749,,,,,,,,,,,,,
,3749,0.27661219239234924,1.6034531593322754,0.0034555140882730484,0.1128113865852356,24,,,,,,,,
0.0001,3799,,,,,,,,,,,,,
,3799,0.48867082595825195,3.6377406120300293,0.00879129022359848,0.11610541492700577,24,,,,,,,,
0.0001,3849,,,,,,,,,,,,,
,3849,0.6016783714294434,4.464282989501953,0.0063943639397621155,0.14885573089122772,24,,,,,,,,
,3849,,,,,24,0.4168544411659241,2.933210849761963,0.010507640428841114,0.11302578449249268,,,,
,3849,,,,,24,,,,,0.4624766707420349,3.2816765308380127,0.014603578485548496,0.11970538645982742
0.0001,3899,,,,,,,,,,,,,
,3899,0.44157886505126953,3.551445960998535,0.0152528565376997,0.07118140161037445,25,,,,,,,,
0.0001,3949,,,,,,,,,,,,,
,3949,0.3435435891151428,2.4386796951293945,0.004488104954361916,0.09518749266862869,25,,,,,,,,
0.0001,3999,,,,,,,,,,,,,
,3999,0.3965919613838196,2.8809123039245605,0.011713782325387001,0.09678694605827332,25,,,,,,,,
,4003,,,,,25,0.4224686920642853,2.9380078315734863,0.008906195871531963,0.11976157873868942,,,,
,4003,,,,,25,,,,,0.4719495475292206,3.407588481903076,0.012297752313315868,0.11889321357011795
0.0001,4049,,,,,,,,,,,,,
,4049,0.2889734208583832,1.7737209796905518,0.007681281305849552,0.10392001271247864,26,,,,,,,,
0.0001,4099,,,,,,,,,,,,,
,4099,0.41483625769615173,3.5175962448120117,0.013395829126238823,0.049680791795253754,26,,,,,,,,
0.0001,4149,,,,,,,,,,,,,
,4149,0.7793696522712708,6.638868808746338,0.017721056938171387,0.09776175022125244,26,,,,,,,,
,4157,,,,,26,0.40766453742980957,2.8151981830596924,0.008697272278368473,0.11744736135005951,,,,
,4157,,,,,26,,,,,0.47082048654556274,3.3892343044281006,0.013793764635920525,0.1181034967303276
0.0001,4199,,,,,,,,,,,,,
,4199,0.4679866433143616,3.360074043273926,0.010715235956013203,0.12126398086547852,27,,,,,,,,
0.0001,4249,,,,,,,,,,,,,
,4249,0.37002846598625183,2.6573476791381836,0.004166200757026672,0.10012750327587128,27,,,,,,,,
0.0001,4299,,,,,,,,,,,,,
,4299,0.28346872329711914,1.6497083902359009,0.034457240253686905,0.08404061943292618,27,,,,,,,,
,4311,,,,,27,0.4041058421134949,2.774996042251587,0.011866354383528233,0.11473994702100754,,,,
,4311,,,,,27,,,,,0.47693559527397156,3.4580295085906982,0.01373126171529293,0.11740155518054962
0.0001,4349,,,,,,,,,,,,,
,4349,0.48457974195480347,3.8192520141601562,0.0031246975995600224,0.09952983260154724,28,,,,,,,,
0.0001,4399,,,,,,,,,,,,,
,4399,0.38016796112060547,2.59496808052063,0.01183739211410284,0.10883374512195587,28,,,,,,,,
0.0001,4449,,,,,,,,,,,,,
,4449,0.49532413482666016,4.063990592956543,0.006857641972601414,0.08206741511821747,28,,,,,,,,
,4465,,,,,28,0.42816323041915894,3.015291452407837,0.013498516753315926,0.11313555389642715,,,,
,4465,,,,,28,,,,,0.46829330921173096,3.3963935375213623,0.012205755338072777,0.11644817143678665
0.0001,4499,,,,,,,,,,,,,
,4499,0.36836016178131104,2.1857194900512695,0.007862238213419914,0.14192594587802887,29,,,,,,,,
0.0001,4549,,,,,,,,,,,,,
,4549,0.566901683807373,4.29057502746582,0.008499962277710438,0.12934422492980957,29,,,,,,,,
0.0001,4599,,,,,,,,,,,,,
,4599,0.36246389150619507,2.5830237865448,0.00773243885487318,0.09642904251813889,29,,,,,,,,
,4619,,,,,29,0.4142509996891022,2.9336154460906982,0.010925224982202053,0.1099642738699913,,,,
,4619,,,,,29,,,,,0.4794033169746399,3.5018162727355957,0.013967849314212799,0.11525394022464752
0.0001,4649,,,,,,,,,,,,,
,4649,0.4348464608192444,2.949524402618408,0.017101766541600227,0.12279224395751953,30,,,,,,,,
0.0001,4699,,,,,,,,,,,,,
,4699,0.510578989982605,3.6976442337036133,0.030250638723373413,0.11056393384933472,30,,,,,,,,
0.0001,4749,,,,,,,,,,,,,
,4749,0.5160911679267883,4.029477119445801,0.008214622735977173,0.10492877662181854,30,,,,,,,,
,4773,,,,,30,0.4282359480857849,2.9511094093322754,0.013259569182991982,0.11986539512872696,,,,
,4773,,,,,30,,,,,0.4607987403869629,3.364413261413574,0.012287015095353127,0.11207050085067749
0.0001,4799,,,,,,,,,,,,,
,4799,0.41235411167144775,3.0816235542297363,0.0108407037332654,0.09335106611251831,31,,,,,,,,
0.0001,4849,,,,,,,,,,,,,
,4849,0.2833167314529419,1.7459113597869873,0.010363511741161346,0.09836208820343018,31,,,,,,,,
0.0001,4899,,,,,,,,,,,,,
,4899,0.5455344915390015,4.4828081130981445,0.02475384995341301,0.07249981164932251,31,,,,,,,,
,4927,,,,,31,0.42436760663986206,2.9232685565948486,0.012736985459923744,0.11930375546216965,,,,
,4927,,,,,31,,,,,0.4752338230609894,3.4205029010772705,0.013467836193740368,0.11971543729305267
0.0001,4949,,,,,,,,,,,,,
,4949,0.5726974606513977,4.2883195877075195,0.008816272020339966,0.1350492238998413,32,,,,,,,,
0.0001,4999,,,,,,,,,,,,,
,4999,0.5517787933349609,4.232055187225342,0.012970641255378723,0.11560262739658356,32,,,,,,,,
0.0001,5049,,,,,,,,,,,,,
,5049,0.37338703870773315,2.622681140899658,0.008587032556533813,0.10253188014030457,32,,,,,,,,
,5081,,,,,32,0.40803200006484985,2.8267741203308105,0.013221830129623413,0.11213276535272598,,,,
,5081,,,,,32,,,,,0.4545706510543823,3.2745277881622314,0.014702927321195602,0.11241474002599716
0.0001,5099,,,,,,,,,,,,,
,5099,0.4084281325340271,2.868758201599121,0.011518826708197594,0.11003348231315613,33,,,,,,,,
0.0001,5149,,,,,,,,,,,,,
,5149,0.44802555441856384,2.8472976684570312,0.025594793260097504,0.13770100474357605,33,,,,,,,,
0.0001,5199,,,,,,,,,,,,,
,5199,0.44246742129325867,3.0792510509490967,0.028780043125152588,0.10576226562261581,33,,,,,,,,
,5235,,,,,33,0.39400115609169006,2.6951308250427246,0.01033793855458498,0.11415013670921326,,,,
,5235,,,,,33,,,,,0.46638983488082886,3.3451554775238037,0.013403515331447124,0.1184707060456276
0.0001,5249,,,,,,,,,,,,,
,5249,0.3451875150203705,2.374382495880127,0.012822595424950123,0.09492667019367218,34,,,,,,,,
0.0001,5299,,,,,,,,,,,,,
,5299,0.40434783697128296,2.6601762771606445,0.004754764027893543,0.133575439453125,34,,,,,,,,
0.0001,5349,,,,,,,,,,,,,
,5349,0.4504064917564392,3.5282983779907227,0.007092753890901804,0.0904838889837265,34,,,,,,,,
,5389,,,,,34,0.4285689890384674,2.9927916526794434,0.011385255493223667,0.11790452897548676,,,,
,5389,,,,,34,,,,,0.47886529564857483,3.4576845169067383,0.012221543118357658,0.12087524682283401
0.0001,5399,,,,,,,,,,,,,
,5399,0.35628604888916016,2.5171384811401367,0.007891513407230377,0.09668069332838058,35,,,,,,,,
0.0001,5449,,,,,,,,,,,,,
,5449,0.34155017137527466,2.3179304599761963,0.03208339586853981,0.07767375558614731,35,,,,,,,,
0.0001,5499,,,,,,,,,,,,,
,5499,0.3138834238052368,2.2377350330352783,0.004010937176644802,0.08609898388385773,35,,,,,,,,
,5543,,,,,35,0.41584596037864685,2.856055974960327,0.01044920552521944,0.11979120969772339,,,,
,5543,,,,,35,,,,,0.46197089552879333,3.3365471363067627,0.011633173562586308,0.11668286472558975
0.0001,5549,,,,,,,,,,,,,
,5549,0.39924803376197815,2.843916893005371,0.014269459992647171,0.10058688372373581,36,,,,,,,,
0.0001,5599,,,,,,,,,,,,,
,5599,0.3608640432357788,2.819396734237671,0.01165954302996397,0.06726483255624771,36,,,,,,,,
0.0001,5649,,,,,,,,,,,,,
,5649,0.43602174520492554,3.12485671043396,0.008972322568297386,0.11456373333930969,36,,,,,,,,
,5697,,,,,36,0.4058073163032532,2.860020399093628,0.010574310086667538,0.10923093557357788,,,,
,5697,,,,,36,,,,,0.475959450006485,3.436789035797119,0.012129281647503376,0.12015139311552048
0.0001,5699,,,,,,,,,,,,,
,5699,0.2654971182346344,1.3519638776779175,0.0029151057824492455,0.12738561630249023,37,,,,,,,,
0.0001,5749,,,,,,,,,,,,,
,5749,0.23200811445713043,1.5178442001342773,0.010657595470547676,0.06956610083580017,37,,,,,,,,
0.0001,5799,,,,,,,,,,,,,
,5799,0.4117341637611389,2.6250553131103516,0.004967971704900265,0.14426064491271973,37,,,,,,,,
0.0001,5849,,,,,,,,,,,,,
,5849,0.35388287901878357,2.237370014190674,0.01629776880145073,0.11384810507297516,37,,,,,,,,
,5851,,,,,37,0.4040195941925049,2.759653329849243,0.01097424328327179,0.11708001047372818,,,,
,5851,,,,,37,,,,,0.4532965421676636,3.260638475418091,0.010954656638205051,0.11627797782421112
0.0001,5899,,,,,,,,,,,,,
,5899,0.4330855906009674,3.3698952198028564,0.008432753384113312,0.08766332268714905,38,,,,,,,,
0.0001,5949,,,,,,,,,,,,,
,5949,0.4512839913368225,2.7984771728515625,0.006647797301411629,0.16478845477104187,38,,,,,,,,
0.0001,5999,,,,,,,,,,,,,
,5999,0.38034024834632874,2.5767645835876465,0.009577279910445213,0.11308649182319641,38,,,,,,,,
,6005,,,,,38,0.41317060589790344,2.9798824787139893,0.010649073868989944,0.10453330725431442,,,,
,6005,,,,,38,,,,,0.46146294474601746,3.322404623031616,0.013761467300355434,0.1154608428478241
0.0001,6049,,,,,,,,,,,,,
,6049,0.5111433863639832,3.438894510269165,0.004653568379580975,0.1626003235578537,39,,,,,,,,
0.0001,6099,,,,,,,,,,,,,
,6099,0.7338144183158875,6.304720401763916,0.02308480627834797,0.08025756478309631,39,,,,,,,,
0.0001,6149,,,,,,,,,,,,,
,6149,0.3956562280654907,2.3331565856933594,0.014245470985770226,0.14809507131576538,39,,,,,,,,
,6159,,,,,39,0.41366562247276306,2.8953146934509277,0.009245708584785461,0.11488843709230423,,,,
,6159,,,,,39,,,,,0.4591127932071686,3.33135986328125,0.011635788716375828,0.11434086412191391
0.0001,6199,,,,,,,,,,,,,
,6199,0.3916597366333008,2.2965121269226074,0.014709913171827793,0.14729861915111542,40,,,,,,,,
0.0001,6249,,,,,,,,,,,,,
,6249,0.28761646151542664,1.6019400358200073,0.0028459918685257435,0.12457644939422607,40,,,,,,,,
0.0001,6299,,,,,,,,,,,,,
,6299,0.4058360457420349,2.6028075218200684,0.02464870736002922,0.12090654671192169,40,,,,,,,,
,6313,,,,,40,0.40347832441329956,2.786914587020874,0.007280064281076193,0.1175067201256752,,,,
,6313,,,,,40,,,,,0.4719848334789276,3.4438533782958984,0.011101712472736835,0.11649791896343231
0.0001,6349,,,,,,,,,,,,,
,6349,0.5034714341163635,4.019503593444824,0.01444564014673233,0.08707544207572937,41,,,,,,,,
0.0001,6399,,,,,,,,,,,,,
,6399,0.4714738726615906,3.055433988571167,0.006288446485996246,0.1596420407295227,41,,,,,,,,
0.0001,6449,,,,,,,,,,,,,
,6449,0.6948714256286621,5.67020320892334,0.010183360427618027,0.11766771227121353,41,,,,,,,,
,6467,,,,,41,0.4223528504371643,2.9523396492004395,0.01093018427491188,0.11618870496749878,,,,
,6467,,,,,41,,,,,0.4548557698726654,3.262373685836792,0.011861893348395824,0.11675649881362915
0.0001,6499,,,,,,,,,,,,,
,6499,0.44743815064430237,3.2890465259552,0.008870494551956654,0.1096629947423935,42,,,,,,,,
0.0001,6549,,,,,,,,,,,,,
,6549,0.42894285917282104,2.691593647003174,0.0373539961874485,0.1224294900894165,42,,,,,,,,
0.0001,6599,,,,,,,,,,,,,
,6599,0.38973090052604675,2.6892592906951904,0.011239390820264816,0.10956557095050812,42,,,,,,,,
,6621,,,,,42,0.4286448657512665,3.0256834030151367,0.010023977607488632,0.11605261266231537,,,,
,6621,,,,,42,,,,,0.4654809534549713,3.368725061416626,0.012944701127707958,0.11566377431154251
0.0001,6649,,,,,,,,,,,,,
,6649,0.29490286111831665,1.7869865894317627,0.002796419896185398,0.11340779066085815,43,,,,,,,,
0.0001,6699,,,,,,,,,,,,,
,6699,0.5582981705665588,4.293597221374512,0.02598119154572487,0.10295726358890533,43,,,,,,,,
0.0001,6749,,,,,,,,,,,,,
,6749,0.453308641910553,3.605323076248169,0.00604528933763504,0.08673103153705597,43,,,,,,,,
,6775,,,,,43,0.41160550713539124,2.8786957263946533,0.010677015408873558,0.11305894702672958,,,,
,6775,,,,,43,,,,,0.45868852734565735,3.29178786277771,0.011987610720098019,0.11752212792634964
0.0001,6799,,,,,,,,,,,,,
,6799,0.5332653522491455,4.322072505950928,0.024682775139808655,0.0763753205537796,44,,,,,,,,
0.0001,6849,,,,,,,,,,,,,
,6849,0.5277258157730103,3.5369067192077637,0.0061099594458937645,0.1679251790046692,44,,,,,,,,
0.0001,6899,,,,,,,,,,,,,
,6899,0.3638715445995331,2.374593496322632,0.008667932823300362,0.11774425208568573,44,,,,,,,,
,6929,,,,,44,0.40823060274124146,2.8017592430114746,0.00791204534471035,0.12014271318912506,,,,
,6929,,,,,44,,,,,0.4508499801158905,3.2152225971221924,0.013589473441243172,0.11573822796344757
0.0001,6949,,,,,,,,,,,,,
,6949,0.44018808007240295,2.8907294273376465,0.004956540651619434,0.14615857601165771,45,,,,,,,,
0.0001,6999,,,,,,,,,,,,,
,6999,0.40371173620224,3.0212433338165283,0.008725288324058056,0.09286211431026459,45,,,,,,,,
0.0001,7049,,,,,,,,,,,,,
,7049,0.6034194827079773,4.590181350708008,0.009983913041651249,0.13441745936870575,45,,,,,,,,
,7083,,,,,45,0.4060722887516022,2.8707048892974854,0.009174909442663193,0.10982686281204224,,,,
,7083,,,,,45,,,,,0.46742770075798035,3.3603339195251465,0.012631944380700588,0.11876223981380463
0.0001,7099,,,,,,,,,,,,,
,7099,0.7655012607574463,6.36642599105835,0.013898253440856934,0.11496037244796753,46,,,,,,,,
0.0001,7149,,,,,,,,,,,,,
,7149,0.5805792808532715,4.1894450187683105,0.012978938408195972,0.14865584671497345,46,,,,,,,,
0.0001,7199,,,,,,,,,,,,,
,7199,0.3925861418247223,2.6772634983062744,0.013181239366531372,0.11167854070663452,46,,,,,,,,
,7237,,,,,46,0.413394957780838,2.9325101375579834,0.010662034153938293,0.10948189347982407,,,,
,7237,,,,,46,,,,,0.4682988226413727,3.431912422180176,0.012195637449622154,0.1129118800163269
0.0001,7249,,,,,,,,,,,,,
,7249,0.5758984088897705,4.512872695922852,0.009435474872589111,0.11517556011676788,47,,,,,,,,
0.0001,7299,,,,,,,,,,,,,
,7299,0.32884103059768677,2.216493606567383,0.0034556486643850803,0.10373598337173462,47,,,,,,,,
0.0001,7349,,,,,,,,,,,,,
,7349,0.8170038461685181,6.691271781921387,0.009341909550130367,0.13853472471237183,47,,,,,,,,
,7391,,,,,47,0.4113689064979553,2.817485809326172,0.009750459343194962,0.1198699027299881,,,,
,7391,,,,,47,,,,,0.468635231256485,3.3638858795166016,0.012628327123820782,0.11961814761161804
0.0001,7399,,,,,,,,,,,,,
,7399,0.8147671818733215,6.825009822845459,0.012018398381769657,0.12024780362844467,48,,,,,,,,
0.0001,7449,,,,,,,,,,,,,
,7449,0.45010918378829956,3.304818630218506,0.003514351323246956,0.11611294746398926,48,,,,,,,,
0.0001,7499,,,,,,,,,,,,,
,7499,0.5315650701522827,4.21248722076416,0.007020831573754549,0.10329553484916687,48,,,,,,,,
,7545,,,,,48,0.409828782081604,2.825840711593628,0.011417318135499954,0.11582738161087036,,,,
,7545,,,,,48,,,,,0.4673776626586914,3.402841567993164,0.012319748289883137,0.11477378010749817
0.0001,7549,,,,,,,,,,,,,
,7549,0.39343446493148804,2.6189472675323486,0.010459505021572113,0.12108022719621658,49,,,,,,,,
0.0001,7599,,,,,,,,,,,,,
,7599,0.3197471499443054,2.355232000350952,0.010181277059018612,0.07404264807701111,49,,,,,,,,
0.0001,7649,,,,,,,,,,,,,
,7649,0.3440656065940857,2.4121947288513184,0.004299876280128956,0.09854627400636673,49,,,,,,,,
0.0001,7699,,,,,,,,,,,,,
,7699,1.0714727640151978,8.690750122070312,0.015525497496128082,0.1868721842765808,49,,,,,,,,
,7699,,,,,49,0.4310481548309326,3.021207809448242,0.011980513110756874,0.1169467642903328,,,,
,7699,,,,,49,,,,,0.45842787623405457,3.319489002227783,0.01196430716663599,0.11451467871665955
0.0001,7749,,,,,,,,,,,,,
,7749,0.3255862295627594,1.9228482246398926,0.0058184294030070305,0.12748295068740845,50,,,,,,,,
0.0001,7799,,,,,,,,,,,,,
,7799,0.4094378650188446,3.0537853240966797,0.014937516301870346,0.08912181109189987,50,,,,,,,,
0.0001,7849,,,,,,,,,,,,,
,7849,0.48250502347946167,3.602418899536133,0.010927815921604633,0.11133529990911484,50,,,,,,,,
,7853,,,,,50,0.42643389105796814,2.9479193687438965,0.016786426305770874,0.1148555651307106,,,,
,7853,,,,,50,,,,,0.4567933678627014,3.271343231201172,0.012878570705652237,0.11678050458431244
0.0001,7899,,,,,,,,,,,,,
,7899,0.7438042163848877,6.522042274475098,0.013673071749508381,0.07792692631483078,51,,,,,,,,
0.0001,7949,,,,,,,,,,,,,
,7949,0.45409220457077026,3.488126516342163,0.01054113358259201,0.0947384163737297,51,,,,,,,,
0.0001,7999,,,,,,,,,,,,,
,7999,0.6860402822494507,5.482115745544434,0.012607733719050884,0.12522095441818237,51,,,,,,,,
,8007,,,,,51,0.4204408526420593,2.9119739532470703,0.011618055403232574,0.11762537062168121,,,,
,8007,,,,,51,,,,,0.4754101634025574,3.4596502780914307,0.012897462584078312,0.11654777824878693
0.0001,8049,,,,,,,,,,,,,
,8049,0.6600441932678223,4.943851470947266,0.012920724228024483,0.1527383029460907,52,,,,,,,,
0.0001,8099,,,,,,,,,,,,,
,8099,0.4797630310058594,3.480872392654419,0.01875239983201027,0.11292333900928497,52,,,,,,,,
0.0001,8149,,,,,,,,,,,,,
,8149,0.4191204905509949,2.7374510765075684,0.018408024683594704,0.12696732580661774,52,,,,,,,,
,8161,,,,,52,0.41091325879096985,2.8686704635620117,0.011250268667936325,0.11279600113630295,,,,
,8161,,,,,52,,,,,0.45702195167541504,3.277881145477295,0.012735594063997269,0.11649821698665619
0.0001,8199,,,,,,,,,,,,,
,8199,0.3175201416015625,1.8291958570480347,0.00548773817718029,0.12911280989646912,53,,,,,,,,
0.0001,8249,,,,,,,,,,,,,
,8249,0.493974506855011,3.118715524673462,0.008712239563465118,0.17339074611663818,53,,,,,,,,
0.0001,8299,,,,,,,,,,,,,
,8299,0.22456005215644836,1.5838844776153564,0.0046410588547587395,0.061530523002147675,53,,,,,,,,
,8315,,,,,53,0.3972894251346588,2.7975871562957764,0.009413558058440685,0.10811709612607956,,,,
,8315,,,,,53,,,,,0.46408477425575256,3.355386734008789,0.011951953172683716,0.11659421026706696
0.0001,8349,,,,,,,,,,,,,
,8349,0.5969923138618469,4.53620719909668,0.017079712823033333,0.12629181146621704,54,,,,,,,,
0.0001,8399,,,,,,,,,,,,,
,8399,0.5208522081375122,3.5076918601989746,0.03108152747154236,0.13900144398212433,54,,,,,,,,
0.0001,8449,,,,,,,,,,,,,
,8449,0.31224751472473145,1.9197683334350586,0.050972286611795425,0.0692983865737915,54,,,,,,,,
,8469,,,,,54,0.42817869782447815,3.018225908279419,0.012432483956217766,0.11392364650964737,,,,
,8469,,,,,54,,,,,0.4649067521095276,3.3259682655334473,0.012322517111897469,0.11998740583658218
0.0001,8499,,,,,,,,,,,,,
,8499,0.3275648355484009,1.8444340229034424,0.0036117197014391422,0.13950975239276886,55,,,,,,,,
0.0001,8549,,,,,,,,,,,,,
,8549,0.48551681637763977,3.5422677993774414,0.0062466938979923725,0.1250433623790741,55,,,,,,,,
0.0001,8599,,,,,,,,,,,,,
,8599,0.5140392780303955,3.79862117767334,0.01888308674097061,0.11529406905174255,55,,,,,,,,
,8623,,,,,55,0.4278333783149719,3.0403687953948975,0.011289689689874649,0.11250682920217514,,,,
,8623,,,,,55,,,,,0.4517306983470917,3.229957103729248,0.01266256719827652,0.11607234925031662
0.0001,8649,,,,,,,,,,,,,
,8649,0.4271228313446045,2.9332616329193115,0.005155084654688835,0.12864159047603607,56,,,,,,,,
0.0001,8699,,,,,,,,,,,,,
,8699,0.6360929012298584,3.80922269821167,0.041434358805418015,0.21373631060123444,56,,,,,,,,
0.0001,8749,,,,,,,,,,,,,
,8749,0.4346727430820465,3.133786201477051,0.009626105427742004,0.11166802048683167,56,,,,,,,,
,8777,,,,,56,0.3897879123687744,2.710692882537842,0.009019921533763409,0.10969870537519455,,,,
,8777,,,,,56,,,,,0.46036797761917114,3.292947769165039,0.013713900931179523,0.11735914647579193
0.0001,8799,,,,,,,,,,,,,
,8799,0.8056349158287048,6.372806072235107,0.023770079016685486,0.14458417892456055,57,,,,,,,,
0.0001,8849,,,,,,,,,,,,,
,8849,0.5148224830627441,3.8731839656829834,0.009817609563469887,0.1176864504814148,57,,,,,,,,
0.0001,8899,,,,,,,,,,,,,
,8899,0.47831955552101135,3.2671053409576416,0.006272569764405489,0.14533644914627075,57,,,,,,,,
,8931,,,,,57,0.38448822498321533,2.663559913635254,0.008957857266068459,0.10917434841394424,,,,
,8931,,,,,57,,,,,0.461684912443161,3.3301730155944824,0.01484992727637291,0.11381752043962479
0.0001,8949,,,,,,,,,,,,,
,8949,0.5715968608856201,4.210843086242676,0.012216519564390182,0.13829603791236877,58,,,,,,,,
0.0001,8999,,,,,,,,,,,,,
,8999,0.48431456089019775,3.193018913269043,0.04878830537199974,0.11622432619333267,58,,,,,,,,
0.0001,9049,,,,,,,,,,,,,
,9049,0.4737366735935211,3.189291000366211,0.015706617385149002,0.13910096883773804,58,,,,,,,,
,9085,,,,,58,0.4141232371330261,2.8848636150360107,0.009255616925656796,0.11638125032186508,,,,
,9085,,,,,58,,,,,0.45385080575942993,3.251805543899536,0.011988339945673943,0.11668175458908081
0.0001,9099,,,,,,,,,,,,,
,9099,0.339077889919281,2.1226611137390137,0.002801070921123028,0.12401069700717926,59,,,,,,,,
0.0001,9149,,,,,,,,,,,,,
,9149,0.536403238773346,4.188962936401367,0.011594310402870178,0.10591261833906174,59,,,,,,,,
0.0001,9199,,,,,,,,,,,,,
,9199,0.5734440088272095,4.133893013000488,0.014224531129002571,0.14583009481430054,59,,,,,,,,
,9239,,,,,59,0.39462026953697205,2.7877261638641357,0.01015693973749876,0.10569063574075699,,,,
,9239,,,,,59,,,,,0.445095032453537,3.157721996307373,0.014332406222820282,0.11499042063951492
0.0001,9249,,,,,,,,,,,,,
,9249,0.7076432704925537,5.763890266418457,0.01150043960660696,0.11975385248661041,60,,,,,,,,
0.0001,9299,,,,,,,,,,,,,
,9299,0.3948392868041992,2.72891902923584,0.010921587236225605,0.11102581024169922,60,,,,,,,,
0.0001,9349,,,,,,,,,,,,,
,9349,0.44985848665237427,3.098379135131836,0.006257736124098301,0.13376279175281525,60,,,,,,,,
,9393,,,,,60,0.4208312928676605,2.998379945755005,0.008825890719890594,0.1121673583984375,,,,
,9393,,,,,60,,,,,0.47069522738456726,3.446307897567749,0.011507567018270493,0.11455704271793365
0.0001,9399,,,,,,,,,,,,,
,9399,0.42932748794555664,3.0074257850646973,0.007389352656900883,0.12119558453559875,61,,,,,,,,
0.0001,9449,,,,,,,,,,,,,
,9449,0.539985179901123,4.274102210998535,0.008439944125711918,0.10413502156734467,61,,,,,,,,
0.0001,9499,,,,,,,,,,,,,
,9499,0.3670575022697449,2.4739456176757812,0.011801252141594887,0.10786168277263641,61,,,,,,,,
,9547,,,,,61,0.4161543548107147,3.0061330795288086,0.010076607577502728,0.10546451061964035,,,,
,9547,,,,,61,,,,,0.47602730989456177,3.437324047088623,0.013334281742572784,0.11896058917045593
0.0001,9549,,,,,,,,,,,,,
,9549,0.3908236622810364,3.057051658630371,0.008990883827209473,0.07612759619951248,62,,,,,,,,
0.0001,9599,,,,,,,,,,,,,
,9599,0.5602207779884338,4.361461639404297,0.016637587919831276,0.10743701457977295,62,,,,,,,,
0.0001,9649,,,,,,,,,,,,,
,9649,0.39094918966293335,2.549417018890381,0.008405812084674835,0.12760168313980103,62,,,,,,,,
0.0001,9699,,,,,,,,,,,,,
,9699,0.4950350522994995,3.965765953063965,0.009088464081287384,0.08937001973390579,62,,,,,,,,
,9701,,,,,62,0.41900667548179626,2.946068286895752,0.009222780354321003,0.11517701297998428,,,,
,9701,,,,,62,,,,,0.45599547028541565,3.266519546508789,0.013570558279752731,0.11577298492193222
0.0001,9749,,,,,,,,,,,,,
,9749,0.4419691860675812,2.6865854263305664,0.02031218446791172,0.15299847722053528,63,,,,,,,,
0.0001,9799,,,,,,,,,,,,,
,9799,0.40989750623703003,2.7924084663391113,0.00423826277256012,0.1264183670282364,63,,,,,,,,
0.0001,9849,,,,,,,,,,,,,
,9849,0.5301384925842285,4.121963024139404,0.029315516352653503,0.08862663805484772,63,,,,,,,,
,9855,,,,,63,0.4077126681804657,2.8786799907684326,0.009879904799163342,0.10996465384960175,,,,
,9855,,,,,63,,,,,0.46327391266822815,3.3512182235717773,0.012055340223014355,0.11609689146280289
0.0001,9899,,,,,,,,,,,,,
,9899,0.3093514144420624,2.3433313369750977,0.004457114264369011,0.07056117057800293,64,,,,,,,,
0.0001,9949,,,,,,,,,,,,,
,9949,0.42326170206069946,3.272024154663086,0.011051942594349384,0.08500733971595764,64,,,,,,,,
0.0001,9999,,,,,,,,,,,,,
,9999,0.5071814060211182,4.145699501037598,0.009319214150309563,0.08329227566719055,64,,,,,,,,
,10009,,,,,64,0.4002791941165924,2.8381731510162354,0.010519110597670078,0.10594268888235092,,,,
,10009,,,,,64,,,,,0.4621396064758301,3.348599672317505,0.013178535737097263,0.11410123854875565
0.0001,10049,,,,,,,,,,,,,
,10049,0.5268420577049255,3.9880218505859375,0.006471927743405104,0.12156794220209122,65,,,,,,,,
0.0001,10099,,,,,,,,,,,,,
,10099,0.537712574005127,4.024615287780762,0.005464250221848488,0.12978675961494446,65,,,,,,,,
0.0001,10149,,,,,,,,,,,,,
,10149,0.405234694480896,2.7865092754364014,0.019481102004647255,0.1071026623249054,65,,,,,,,,
,10163,,,,,65,0.4043617844581604,2.8490161895751953,0.008915231563150883,0.11054486036300659,,,,
,10163,,,,,65,,,,,0.4662926197052002,3.3628780841827393,0.014076214283704758,0.11592865735292435
0.0001,10199,,,,,,,,,,,,,
,10199,1.0128686428070068,7.88571834564209,0.030755337327718735,0.1935415267944336,66,,,,,,,,
0.0001,10249,,,,,,,,,,,,,
,10249,0.40620049834251404,2.843804359436035,0.011334744282066822,0.11048530042171478,66,,,,,,,,
0.0001,10299,,,,,,,,,,,,,
,10299,0.5262490510940552,3.7348709106445312,0.026018470525741577,0.12674351036548615,66,,,,,,,,
,10317,,,,,66,0.4191952347755432,2.9276058673858643,0.010979044251143932,0.11545556783676147,,,,
,10317,,,,,66,,,,,0.4620603322982788,3.3507800102233887,0.012297924607992172,0.11468441039323807
0.0001,10349,,,,,,,,,,,,,
,10349,0.721555233001709,5.833937168121338,0.004606133326888084,0.13355539739131927,67,,,,,,,,
0.0001,10399,,,,,,,,,,,,,
,10399,0.3542582094669342,1.9641783237457275,0.018158448860049248,0.13968193531036377,67,,,,,,,,
0.0001,10449,,,,,,,,,,,,,
,10449,0.40448394417762756,2.644505023956299,0.014633512124419212,0.12539991736412048,67,,,,,,,,
,10471,,,,,67,0.3924560844898224,2.7531137466430664,0.00944456085562706,0.10770022869110107,,,,
,10471,,,,,67,,,,,0.4465394616127014,3.201843023300171,0.012144215404987335,0.11421079188585281
0.0001,10499,,,,,,,,,,,,,
,10499,0.6324712634086609,5.0626959800720215,0.015605292282998562,0.11059637367725372,68,,,,,,,,
0.0001,10549,,,,,,,,,,,,,
,10549,0.44537052512168884,2.9078869819641113,0.006839918904006481,0.14774192869663239,68,,,,,,,,
0.0001,10599,,,,,,,,,,,,,
,10599,0.473459929227829,3.593242883682251,0.012224368751049042,0.1019112691283226,68,,,,,,,,
,10625,,,,,68,0.4095645546913147,2.877530813217163,0.013678508810698986,0.10813292115926743,,,,
,10625,,,,,68,,,,,0.4605233073234558,3.3010823726654053,0.013057751581072807,0.11735711246728897
0.0001,10649,,,,,,,,,,,,,
,10649,0.36228102445602417,2.5084667205810547,0.005826069042086601,0.10560827702283859,69,,,,,,,,
0.0001,10699,,,,,,,,,,,,,
,10699,0.38753142952919006,2.9196298122406006,0.007310745771974325,0.08825765550136566,69,,,,,,,,
0.0001,10749,,,,,,,,,,,,,
,10749,0.5313438177108765,4.222491264343262,0.009243038482964039,0.09985166043043137,69,,,,,,,,
,10779,,,,,69,0.4220564663410187,2.994549036026001,0.009527582675218582,0.11307397484779358,,,,
,10779,,,,,69,,,,,0.4671354591846466,3.390223503112793,0.013385706581175327,0.11472734808921814
0.0001,10799,,,,,,,,,,,,,
,10799,0.42435771226882935,3.089022159576416,0.00851346179842949,0.10694201290607452,70,,,,,,,,
0.0001,10849,,,,,,,,,,,,,
,10849,0.3907274007797241,2.135193347930908,0.0047692786902189255,0.17243880033493042,70,,,,,,,,
0.0001,10899,,,,,,,,,,,,,
,10899,0.4961659610271454,3.682237386703491,0.004905532579869032,0.1230366975069046,70,,,,,,,,
,10933,,,,,70,0.4073479175567627,2.8473174571990967,0.00912316795438528,0.11349312961101532,,,,
,10933,,,,,70,,,,,0.46861934661865234,3.383375644683838,0.010456858202815056,0.11982507258653641
0.0001,10949,,,,,,,,,,,,,
,10949,0.4847569465637207,3.69285249710083,0.008179523050785065,0.10729213804006577,71,,,,,,,,
0.0001,10999,,,,,,,,,,,,,
,10999,0.6138018369674683,5.080187797546387,0.01983717828989029,0.08594578504562378,71,,,,,,,,
0.0001,11049,,,,,,,,,,,,,
,11049,0.402793288230896,2.8088364601135254,0.02976144105195999,0.09214819967746735,71,,,,,,,,
,11087,,,,,71,0.4098794758319855,2.8650104999542236,0.012265706434845924,0.1111128106713295,,,,
,11087,,,,,71,,,,,0.4543040096759796,3.2844760417938232,0.012968425638973713,0.1128879263997078
0.0001,11099,,,,,,,,,,,,,
,11099,0.7267649173736572,5.697135925292969,0.013421556912362576,0.1436297446489334,72,,,,,,,,
0.0001,11149,,,,,,,,,,,,,
,11149,0.4282284080982208,3.358738660812378,0.0036854271311312914,0.08866909146308899,72,,,,,,,,
0.0001,11199,,,,,,,,,,,,,
,11199,0.5056904554367065,3.3310487270355225,0.05075562745332718,0.12182989716529846,72,,,,,,,,
,11241,,,,,72,0.40053561329841614,2.7611403465270996,0.010718530975282192,0.11370304971933365,,,,
,11241,,,,,72,,,,,0.43916693329811096,3.1188626289367676,0.011403082869946957,0.11587757617235184
0.0001,11249,,,,,,,,,,,,,
,11249,0.3538282513618469,2.053440570831299,0.007583778817206621,0.14090043306350708,73,,,,,,,,
0.0001,11299,,,,,,,,,,,,,
,11299,0.48358243703842163,2.689424991607666,0.03869210183620453,0.1759478598833084,73,,,,,,,,
0.0001,11349,,,,,,,,,,,,,
,11349,0.5505039095878601,4.518364906311035,0.007361158262938261,0.09130620956420898,73,,,,,,,,
,11395,,,,,73,0.40838924050331116,2.827768564224243,0.015393001027405262,0.110219307243824,,,,
,11395,,,,,73,,,,,0.4549713134765625,3.222313165664673,0.013133947737514973,0.11960598081350327
0.0001,11399,,,,,,,,,,,,,
,11399,0.3478541970252991,2.5679097175598145,0.004659644328057766,0.08640356361865997,74,,,,,,,,
0.0001,11449,,,,,,,,,,,,,
,11449,0.4214797616004944,2.7703092098236084,0.01166335679590702,0.13278549909591675,74,,,,,,,,
0.0001,11499,,,,,,,,,,,,,
,11499,0.6456418037414551,4.763364315032959,0.01450411044061184,0.15480121970176697,74,,,,,,,,
0.0001,11549,,,,,,,,,,,,,
,11549,0.39925599098205566,1.8071883916854858,0.00360725331120193,0.21492989361286163,74,,,,,,,,
,11549,,,,,74,0.39730343222618103,2.7479119300842285,0.010466041974723339,0.11204620450735092,,,,
,11549,,,,,74,,,,,0.45447346568107605,3.263287305831909,0.014503446407616138,0.11364132910966873
0.0001,11599,,,,,,,,,,,,,
,11599,0.48432156443595886,3.9889376163482666,0.006738550029695034,0.07868923246860504,75,,,,,,,,
0.0001,11649,,,,,,,,,,,,,
,11649,0.6209292411804199,5.012012958526611,0.005731840617954731,0.11399607360363007,75,,,,,,,,
0.0001,11699,,,,,,,,,,,,,
,11699,0.5860869884490967,4.678861141204834,0.013764065690338612,0.1044367179274559,75,,,,,,,,
,11703,,,,,75,0.4125949740409851,2.8716628551483154,0.009566743858158588,0.11586187034845352,,,,
,11703,,,,,75,,,,,0.45160403847694397,3.244611978530884,0.012662939727306366,0.11447988450527191
0.0001,11749,,,,,,,,,,,,,
,11749,0.47752001881599426,3.27028751373291,0.0049523781053721905,0.14553889632225037,76,,,,,,,,
0.0001,11799,,,,,,,,,,,,,
,11799,0.7429291009902954,6.10569429397583,0.022291436791419983,0.11006825417280197,76,,,,,,,,
0.0001,11849,,,,,,,,,,,,,
,11849,0.39162200689315796,2.4869911670684814,0.004042321816086769,0.13888053596019745,76,,,,,,,,
,11857,,,,,76,0.4113010764122009,2.857546091079712,0.011963617987930775,0.11358289420604706,,,,
,11857,,,,,76,,,,,0.4808715581893921,3.521848201751709,0.013526728376746178,0.11515989154577255
0.0001,11899,,,,,,,,,,,,,
,11899,0.4107637405395508,2.8445026874542236,0.0324123315513134,0.0939011201262474,77,,,,,,,,
0.0001,11949,,,,,,,,,,,,,
,11949,0.5574058294296265,4.310629367828369,0.0173393115401268,0.10900354385375977,77,,,,,,,,
0.0001,11999,,,,,,,,,,,,,
,11999,0.5696370601654053,2.7710466384887695,0.09913691878318787,0.1933954507112503,77,,,,,,,,
,12011,,,,,77,0.4260164499282837,3.033435106277466,0.010786281898617744,0.11188661307096481,,,,
,12011,,,,,77,,,,,0.45215028524398804,3.245434522628784,0.013640342280268669,0.1139664277434349
0.0001,12049,,,,,,,,,,,,,
,12049,0.4828338325023651,3.443051338195801,0.004591607488691807,0.13393709063529968,78,,,,,,,,
0.0001,12099,,,,,,,,,,,,,
,12099,0.44390103220939636,3.3162059783935547,0.01045413501560688,0.10182629525661469,78,,,,,,,,
0.0001,12149,,,,,,,,,,,,,
,12149,0.3822588324546814,2.453071117401123,0.0029534657951444387,0.13399825990200043,78,,,,,,,,
,12165,,,,,78,0.41634854674339294,2.884565830230713,0.010292956605553627,0.11759894341230392,,,,
,12165,,,,,78,,,,,0.4529619514942169,3.285290479660034,0.012301091104745865,0.11213194578886032
0.0001,12199,,,,,,,,,,,,,
,12199,0.3372327983379364,2.4796531200408936,0.0031841336749494076,0.08608333766460419,79,,,,,,,,
0.0001,12249,,,,,,,,,,,,,
,12249,0.5298657417297363,3.8178141117095947,0.021444901823997498,0.1266394555568695,79,,,,,,,,
0.0001,12299,,,,,,,,,,,,,
,12299,0.374220609664917,2.413146495819092,0.00848897360265255,0.12441697716712952,79,,,,,,,,
,12319,,,,,79,0.42336133122444153,2.9720921516418457,0.009195768274366856,0.11695630848407745,,,,
,12319,,,,,79,,,,,0.46556100249290466,3.3901243209838867,0.012404508888721466,0.11414400488138199
0.0001,12349,,,,,,,,,,,,,
,12349,0.6124243140220642,4.929947853088379,0.009408317506313324,0.11002117395401001,80,,,,,,,,
0.0001,12399,,,,,,,,,,,,,
,12399,0.5326144695281982,4.430761337280273,0.017513465136289597,0.0720248594880104,80,,,,,,,,
0.0001,12449,,,,,,,,,,,,,
,12449,0.4991734027862549,3.607391119003296,0.004992259666323662,0.1334419846534729,80,,,,,,,,
,12473,,,,,80,0.4043756127357483,2.8316211700439453,0.009109568782150745,0.11210382729768753,,,,
,12473,,,,,80,,,,,0.4703068733215332,3.4561731815338135,0.014234392903745174,0.11045517772436142
0.0001,12499,,,,,,,,,,,,,
,12499,0.34687209129333496,2.2823781967163086,0.008617907762527466,0.11001637578010559,81,,,,,,,,
0.0001,12549,,,,,,,,,,,,,
,12549,0.3396759629249573,2.1572511196136475,0.007321609184145927,0.1166292279958725,81,,,,,,,,
0.0001,12599,,,,,,,,,,,,,
,12599,0.4968721866607666,4.22955846786499,0.005329092498868704,0.06858724355697632,81,,,,,,,,
,12627,,,,,81,0.41569167375564575,2.8604202270507812,0.009370959363877773,0.12027876079082489,,,,
,12627,,,,,81,,,,,0.4549202620983124,3.292848825454712,0.011671504937112331,0.11396383494138718
0.0001,12649,,,,,,,,,,,,,
,12649,0.4514511823654175,2.956118583679199,0.005922691430896521,0.1499166339635849,82,,,,,,,,
0.0001,12699,,,,,,,,,,,,,
,12699,0.5114546418190002,3.525831699371338,0.07357829064130783,0.08529317378997803,82,,,,,,,,
0.0001,12749,,,,,,,,,,,,,
,12749,0.49298083782196045,4.03271484375,0.00826994888484478,0.08143943548202515,82,,,,,,,,
,12781,,,,,82,0.42643988132476807,3.055253267288208,0.009227724745869637,0.11168677359819412,,,,
,12781,,,,,82,,,,,0.4654408395290375,3.348172426223755,0.013155714608728886,0.11746791005134583
0.0001,12799,,,,,,,,,,,,,
,12799,0.5617626905441284,3.9166691303253174,0.018509069457650185,0.15158668160438538,83,,,,,,,,
0.0001,12849,,,,,,,,,,,,,
,12849,0.6430156230926514,4.798356533050537,0.008357623592019081,0.15482231974601746,83,,,,,,,,
0.0001,12899,,,,,,,,,,,,,
,12899,0.4262588918209076,2.5574426651000977,0.007491100113838911,0.16302353143692017,83,,,,,,,,
,12935,,,,,83,0.43559181690216064,3.13718581199646,0.008115110918879509,0.1137581616640091,,,,
,12935,,,,,83,,,,,0.4636478126049042,3.3636200428009033,0.012500041164457798,0.1147858202457428
0.0001,12949,,,,,,,,,,,,,
,12949,0.4963269829750061,3.6396567821502686,0.0071507953107357025,0.12521050870418549,84,,,,,,,,
0.0001,12999,,,,,,,,,,,,,
,12999,0.30029988288879395,1.488118290901184,0.00450548529624939,0.1469825655221939,84,,,,,,,,
0.0001,13049,,,,,,,,,,,,,
,13049,0.46220701932907104,3.3154897689819336,0.01130919624119997,0.11934886127710342,84,,,,,,,,
,13089,,,,,84,0.4038378596305847,2.807720184326172,0.01057429239153862,0.11249151825904846,,,,
,13089,,,,,84,,,,,0.46560168266296387,3.362060785293579,0.01197853684425354,0.11741705238819122
0.0001,13099,,,,,,,,,,,,,
,13099,0.5845867395401001,4.371018886566162,0.004669514484703541,0.14281532168388367,85,,,,,,,,
0.0001,13149,,,,,,,,,,,,,
,13149,0.4906420111656189,3.6581215858459473,0.011238915845751762,0.11359092593193054,85,,,,,,,,
0.0001,13199,,,,,,,,,,,,,
,13199,0.39682537317276,2.3964340686798096,0.0029965690337121487,0.15418538451194763,85,,,,,,,,
,13243,,,,,85,0.38749775290489197,2.7044622898101807,0.010843371041119099,0.1062081903219223,,,,
,13243,,,,,85,,,,,0.4725170433521271,3.440070867538452,0.014452730305492878,0.11405733972787857
0.0001,13249,,,,,,,,,,,,,
,13249,0.4815385043621063,2.614016056060791,0.00979620311409235,0.210340678691864,86,,,,,,,,
0.0001,13299,,,,,,,,,,,,,
,13299,0.3314826786518097,2.3320016860961914,0.0044970265589654446,0.09378549456596375,86,,,,,,,,
0.0001,13349,,,,,,,,,,,,,
,13349,0.6498221158981323,5.142393112182617,0.01318381354212761,0.1223989874124527,86,,,,,,,,
,13397,,,,,86,0.41517409682273865,2.993922710418701,0.011936034075915813,0.10384579002857208,,,,
,13397,,,,,86,,,,,0.461620032787323,3.2948522567749023,0.011995638720691204,0.12013914436101913
0.0001,13399,,,,,,,,,,,,,
,13399,0.3825131952762604,2.7096292972564697,0.007062909658998251,0.1044873297214508,87,,,,,,,,
0.0001,13449,,,,,,,,,,,,,
,13449,0.34345996379852295,2.344057559967041,0.019571105018258095,0.0894831046462059,87,,,,,,,,
0.0001,13499,,,,,,,,,,,,,
,13499,0.6264082193374634,5.003334999084473,0.017305981367826462,0.1087687611579895,87,,,,,,,,
0.0001,13549,,,,,,,,,,,,,
,13549,0.39367052912712097,2.8715767860412598,0.010566109791398048,0.09594674408435822,87,,,,,,,,
,13551,,,,,87,0.4202982485294342,2.9376232624053955,0.01597490906715393,0.11056096851825714,,,,
,13551,,,,,87,,,,,0.4487648904323578,3.2424192428588867,0.012513846158981323,0.11200913786888123
0.0001,13599,,,,,,,,,,,,,
,13599,0.5273438692092896,4.2804670333862305,0.011036690324544907,0.08826053142547607,88,,,,,,,,
0.0001,13649,,,,,,,,,,,,,
,13649,0.3642578125,2.7818121910095215,0.005174717865884304,0.0809018462896347,88,,,,,,,,
0.0001,13699,,,,,,,,,,,,,
,13699,0.34898456931114197,2.541257858276367,0.00836875382810831,0.08649000525474548,88,,,,,,,,
,13705,,,,,88,0.41658979654312134,2.86739444732666,0.010324826464056969,0.11952552944421768,,,,
,13705,,,,,88,,,,,0.46187400817871094,3.3309004306793213,0.01341996155679226,0.11536408215761185
0.0001,13749,,,,,,,,,,,,,
,13749,0.4286896884441376,2.8879032135009766,0.010050361044704914,0.12984897196292877,89,,,,,,,,
0.0001,13799,,,,,,,,,,,,,
,13799,0.5361064672470093,4.1560163497924805,0.009828177280724049,0.11067666858434677,89,,,,,,,,
0.0001,13849,,,,,,,,,,,,,
,13849,0.45843642950057983,2.937945604324341,0.011913759633898735,0.15272808074951172,89,,,,,,,,
,13859,,,,,89,0.3943168520927429,2.7710087299346924,0.01023129466921091,0.1069847047328949,,,,
,13859,,,,,89,,,,,0.45440804958343506,3.266803503036499,0.013058794662356377,0.11466904729604721
0.0001,13899,,,,,,,,,,,,,
,13899,0.33542948961257935,2.5975053310394287,0.008203810080885887,0.06747515499591827,90,,,,,,,,
0.0001,13949,,,,,,,,,,,,,
,13949,0.4368521571159363,2.5526859760284424,0.038661882281303406,0.14292165637016296,90,,,,,,,,
0.0001,13999,,,,,,,,,,,,,
,13999,0.48064061999320984,3.6617271900177,0.01286341343075037,0.10160449147224426,90,,,,,,,,
,14013,,,,,90,0.4169532358646393,2.9173381328582764,0.01026330329477787,0.1149560883641243,,,,
,14013,,,,,90,,,,,0.4486597180366516,3.2043492794036865,0.011088909581303596,0.11713584512472153
0.0001,14049,,,,,,,,,,,,,
,14049,0.3498879075050354,2.1561279296875,0.04440256953239441,0.08987253904342651,91,,,,,,,,
0.0001,14099,,,,,,,,,,,,,
,14099,0.5216870307922363,3.694622039794922,0.022381020709872246,0.1298438012599945,91,,,,,,,,
0.0001,14149,,,,,,,,,,,,,
,14149,0.41654202342033386,2.9090828895568848,0.007583226077258587,0.11805051565170288,91,,,,,,,,
,14167,,,,,91,0.3983505964279175,2.7467761039733887,0.011484190821647644,0.11218875646591187,,,,
,14167,,,,,91,,,,,0.46149519085884094,3.325209140777588,0.012952684424817562,0.11602168530225754
0.0001,14199,,,,,,,,,,,,,
,14199,0.387475848197937,2.483567237854004,0.0043021151795983315,0.1348170042037964,92,,,,,,,,
0.0001,14249,,,,,,,,,,,,,
,14249,0.4187853932380676,2.9178895950317383,0.0045228516682982445,0.12247353792190552,92,,,,,,,,
0.0001,14299,,,,,,,,,,,,,
,14299,0.49730026721954346,3.1915974617004395,0.010928641073405743,0.1672118604183197,92,,,,,,,,
,14321,,,,,92,0.4090293347835541,2.831541061401367,0.010534136556088924,0.11534120887517929,,,,
,14321,,,,,92,,,,,0.45834285020828247,3.2953643798828125,0.012032422237098217,0.11677377671003342
0.0001,14349,,,,,,,,,,,,,
,14349,0.3845735192298889,2.9767770767211914,0.005997452884912491,0.08089837431907654,93,,,,,,,,
0.0001,14399,,,,,,,,,,,,,
,14399,0.42107412219047546,2.7647581100463867,0.005726512521505356,0.13887178897857666,93,,,,,,,,
0.0001,14449,,,,,,,,,,,,,
,14449,0.5780230760574341,4.719902038574219,0.004986661020666361,0.10104618966579437,93,,,,,,,,
,14475,,,,,93,0.40754473209381104,2.82897686958313,0.011899139732122421,0.11274797469377518,,,,
,14475,,,,,93,,,,,0.45778122544288635,3.324446678161621,0.011911673471331596,0.11342480033636093
0.0001,14499,,,,,,,,,,,,,
,14499,0.3906001150608063,2.1973190307617188,0.04615041986107826,0.12471780180931091,94,,,,,,,,
0.0001,14549,,,,,,,,,,,,,
,14549,0.48671257495880127,3.797111988067627,0.007173459976911545,0.09982794523239136,94,,,,,,,,
0.0001,14599,,,,,,,,,,,,,
,14599,0.5511053800582886,4.244999408721924,0.007719226181507111,0.11888618767261505,94,,,,,,,,
,14629,,,,,94,0.39360135793685913,2.737841844558716,0.009326232597231865,0.11049099266529083,,,,
,14629,,,,,94,,,,,0.4619044065475464,3.3452510833740234,0.011948482133448124,0.11543089151382446
0.0001,14649,,,,,,,,,,,,,
,14649,0.2706347703933716,1.5234830379486084,0.005337541922926903,0.11294892430305481,95,,,,,,,,
0.0001,14699,,,,,,,,,,,,,
,14699,0.37353095412254333,2.5820155143737793,0.007065343204885721,0.10826407372951508,95,,,,,,,,
0.0001,14749,,,,,,,,,,,,,
,14749,0.49506983160972595,3.9549028873443604,0.005654213018715382,0.0939253568649292,95,,,,,,,,
,14783,,,,,95,0.4128592014312744,2.9029266834259033,0.010526133701205254,0.11204031854867935,,,,
,14783,,,,,95,,,,,0.4649161994457245,3.3792054653167725,0.011219315230846405,0.11577633023262024
0.0001,14799,,,,,,,,,,,,,
,14799,0.45379340648651123,2.8868627548217773,0.005278882570564747,0.15982818603515625,96,,,,,,,,
0.0001,14849,,,,,,,,,,,,,
,14849,0.3549342155456543,2.2502753734588623,0.02065054327249527,0.10925613343715668,96,,,,,,,,
0.0001,14899,,,,,,,,,,,,,
,14899,0.39889979362487793,2.974238395690918,0.014663176611065865,0.08681274205446243,96,,,,,,,,
,14937,,,,,96,0.41588014364242554,2.971310615539551,0.009862516075372696,0.10888655483722687,,,,
,14937,,,,,96,,,,,0.46787846088409424,3.4242947101593018,0.0134294293820858,0.11201965063810349
0.0001,14949,,,,,,,,,,,,,
,14949,0.33008304238319397,2.526198387145996,0.01215472910553217,0.06530845910310745,97,,,,,,,,
0.0001,14999,,,,,,,,,,,,,
,14999,0.4194220304489136,2.9867300987243652,0.005858813878148794,0.1148901879787445,97,,,,,,,,
0.0001,15049,,,,,,,,,,,,,
,15049,0.43703165650367737,2.793731212615967,0.030295006930828094,0.12736353278160095,97,,,,,,,,
,15091,,,,,97,0.4170381724834442,3.021606922149658,0.012866185978055,0.10201125591993332,,,,
,15091,,,,,97,,,,,0.4581705629825592,3.2947025299072266,0.011623555794358253,0.11707643419504166
0.0001,15099,,,,,,,,,,,,,
,15099,0.37457573413848877,2.517503261566162,0.007178715895861387,0.11564669758081436,98,,,,,,,,
0.0001,15149,,,,,,,,,,,,,
,15149,0.3328526020050049,2.2962489128112793,0.008681836538016796,0.09454585611820221,98,,,,,,,,
0.0001,15199,,,,,,,,,,,,,
,15199,0.38896772265434265,2.67999005317688,0.004948764108121395,0.11601994186639786,98,,,,,,,,
,15245,,,,,98,0.39317142963409424,2.709568977355957,0.012443721294403076,0.10977078229188919,,,,
,15245,,,,,98,,,,,0.45208585262298584,3.2563583850860596,0.012111200019717216,0.11433877050876617
0.0001,15249,,,,,,,,,,,,,
,15249,0.3883885145187378,2.7791402339935303,0.0032336092554032803,0.10724088549613953,99,,,,,,,,
0.0001,15299,,,,,,,,,,,,,
,15299,0.3312632441520691,2.0735185146331787,0.004417108371853828,0.11949430406093597,99,,,,,,,,
0.0001,15349,,,,,,,,,,,,,
,15349,0.5072344541549683,4.078311443328857,0.004174044355750084,0.09522926807403564,99,,,,,,,,
0.0001,15399,,,,,,,,,,,,,
,15399,0.33837899565696716,2.8945608139038086,0.0015953725669533014,0.04732750728726387,99,,,,,,,,
,15399,,,,,99,0.40335628390312195,2.8684182167053223,0.009028872475028038,0.10748554766178131,,,,
,15399,,,,,99,,,,,0.466050922870636,3.3886618614196777,0.012092459946870804,0.11509227007627487
0.0001,15449,,,,,,,,,,,,,
,15449,0.6137956380844116,4.98264217376709,0.010121054016053677,0.10541032254695892,100,,,,,,,,
0.0001,15499,,,,,,,,,,,,,
,15499,0.5150986909866333,3.711237907409668,0.019691873341798782,0.12428300827741623,100,,,,,,,,
0.0001,15549,,,,,,,,,,,,,
,15549,0.3423200845718384,2.5358877182006836,0.00541150476783514,0.0833197683095932,100,,,,,,,,
,15553,,,,,100,0.41208910942077637,2.9433295726776123,0.00925657618790865,0.10849958658218384,,,,
,15553,,,,,100,,,,,0.4562855362892151,3.30662202835083,0.012360692955553532,0.11326263099908829
0.0001,15599,,,,,,,,,,,,,
,15599,0.3546333312988281,2.337999105453491,0.022578632459044456,0.09825482219457626,101,,,,,,,,
0.0001,15649,,,,,,,,,,,,,
,15649,0.290594220161438,1.7157526016235352,0.002940463600680232,0.1160784512758255,101,,,,,,,,
0.0001,15699,,,,,,,,,,,,,
,15699,0.3999375104904175,2.8777310848236084,0.00726920273154974,0.10489517450332642,101,,,,,,,,
,15707,,,,,101,0.41769927740097046,2.970972776412964,0.010814384557306767,0.10978756844997406,,,,
,15707,,,,,101,,,,,0.4543386399745941,3.258535861968994,0.011700545437633991,0.11678444594144821
0.0001,15749,,,,,,,,,,,,,
,15749,0.35693979263305664,2.7453761100769043,0.01247734297066927,0.06992480158805847,102,,,,,,,,
0.0001,15799,,,,,,,,,,,,,
,15799,0.39058029651641846,2.7870302200317383,0.004740389063954353,0.10713686794042587,102,,,,,,,,
0.0001,15849,,,,,,,,,,,,,
,15849,0.4545469284057617,3.2672278881073,0.008610270917415619,0.11921382695436478,102,,,,,,,,
,15861,,,,,102,0.4095000922679901,2.8948850631713867,0.00942812766879797,0.11058344691991806,,,,
,15861,,,,,102,,,,,0.4656961262226105,3.375734806060791,0.012886290438473225,0.11523634940385818
0.0001,15899,,,,,,,,,,,,,
,15899,0.49992871284484863,3.9240071773529053,0.010611213743686676,0.0969168171286583,103,,,,,,,,
0.0001,15949,,,,,,,,,,,,,
,15949,0.37293577194213867,2.602153778076172,0.006038950756192207,0.10668142139911652,103,,,,,,,,
0.0001,15999,,,,,,,,,,,,,
,15999,0.36474642157554626,2.2130656242370605,0.0075971330516040325,0.1358426809310913,103,,,,,,,,
,16015,,,,,103,0.4174765944480896,2.9220352172851562,0.014266346581280231,0.11100679636001587,,,,
,16015,,,,,103,,,,,0.4544733762741089,3.2831084728240967,0.011407120153307915,0.11475516110658646
0.0001,16049,,,,,,,,,,,,,
,16049,0.4358011484146118,2.689673662185669,0.008301197551190853,0.15853255987167358,104,,,,,,,,
0.0001,16099,,,,,,,,,,,,,
,16099,0.33976802229881287,2.2039191722869873,0.00840421486645937,0.1109718531370163,104,,,,,,,,
0.0001,16149,,,,,,,,,,,,,
,16149,1.0095640420913696,8.041563034057617,0.01763926073908806,0.18776845932006836,104,,,,,,,,
,16169,,,,,104,0.40396198630332947,2.8366808891296387,0.011903028935194016,0.10839081555604935,,,,
,16169,,,,,104,,,,,0.4559840261936188,3.296092987060547,0.011694404296576977,0.11468033492565155
0.0001,16199,,,,,,,,,,,,,
,16199,0.3274212181568146,2.2207179069519043,0.004419644363224506,0.10092980414628983,105,,,,,,,,
0.0001,16249,,,,,,,,,,,,,
,16249,0.32466331124305725,2.3866615295410156,0.007052448112517595,0.07894471287727356,105,,,,,,,,
0.0001,16299,,,,,,,,,,,,,
,16299,0.5332819223403931,3.9808406829833984,0.006947745569050312,0.1282501220703125,105,,,,,,,,
,16323,,,,,105,0.4113689363002777,2.9480600357055664,0.00928446277976036,0.10727861523628235,,,,
,16323,,,,,105,,,,,0.4583572745323181,3.3227779865264893,0.011056732386350632,0.11502277106046677
0.0001,16349,,,,,,,,,,,,,
,16349,0.5675915479660034,4.449947357177734,0.015963753685355186,0.10663305222988129,106,,,,,,,,
0.0001,16399,,,,,,,,,,,,,
,16399,0.6984629034996033,5.1581645011901855,0.014239251613616943,0.16840721666812897,106,,,,,,,,
0.0001,16449,,,,,,,,,,,,,
,16449,0.5469386577606201,4.1983561515808105,0.012834640219807625,0.11426841467618942,106,,,,,,,,
,16477,,,,,106,0.4153144061565399,2.894737958908081,0.010693328455090523,0.11514732241630554,,,,
,16477,,,,,106,,,,,0.464364618062973,3.3750720024108887,0.01198999397456646,0.11486734449863434
0.0001,16499,,,,,,,,,,,,,
,16499,0.4668985605239868,3.5061864852905273,0.009020020253956318,0.10725991427898407,107,,,,,,,,
0.0001,16549,,,,,,,,,,,,,
,16549,0.3969273865222931,2.979418992996216,0.013668895699083805,0.08531658351421356,107,,,,,,,,
0.0001,16599,,,,,,,,,,,,,
,16599,0.4370255470275879,2.906262159347534,0.006626938469707966,0.13977240025997162,107,,,,,,,,
,16631,,,,,107,0.3824203312397003,2.63533091545105,0.008673224598169327,0.1102139875292778,,,,
,16631,,,,,107,,,,,0.4604403078556061,3.349191904067993,0.012283115647733212,0.11323782801628113
0.0001,16649,,,,,,,,,,,,,
,16649,0.5119258165359497,3.669919013977051,0.005389337427914143,0.1395445466041565,108,,,,,,,,
0.0001,16699,,,,,,,,,,,,,
,16699,0.2904197573661804,2.082312822341919,0.009406616911292076,0.07278186082839966,108,,,,,,,,
0.0001,16749,,,,,,,,,,,,,
,16749,0.5275306105613708,4.159356594085693,0.007865623570978642,0.10372930765151978,108,,,,,,,,
,16785,,,,,108,0.4183422923088074,2.9549474716186523,0.010616015642881393,0.11223148554563522,,,,
,16785,,,,,108,,,,,0.46511709690093994,3.380242347717285,0.013664981350302696,0.11342782527208328
0.0001,16799,,,,,,,,,,,,,
,16799,0.4577605426311493,3.3356235027313232,0.009711489081382751,0.1144867092370987,109,,,,,,,,
0.0001,16849,,,,,,,,,,,,,
,16849,0.24417497217655182,1.4350848197937012,0.006160499062389135,0.09450600296258926,109,,,,,,,,
0.0001,16899,,,,,,,,,,,,,
,16899,1.1506822109222412,10.115130424499512,0.017595885321497917,0.12157333642244339,109,,,,,,,,
,16939,,,,,109,0.4096544682979584,2.8876495361328125,0.011071685701608658,0.10981780290603638,,,,
,16939,,,,,109,,,,,0.45622095465660095,3.3219363689422607,0.012472822330892086,0.11155463755130768
0.0001,16949,,,,,,,,,,,,,
,16949,0.40240731835365295,2.848153591156006,0.01322062499821186,0.1043713316321373,110,,,,,,,,
0.0001,16999,,,,,,,,,,,,,
,16999,0.9724584817886353,7.835105895996094,0.006871974095702171,0.1820758432149887,110,,,,,,,,
0.0001,17049,,,,,,,,,,,,,
,17049,0.4500833749771118,3.2937140464782715,0.004338493570685387,0.11637347936630249,110,,,,,,,,
,17093,,,,,110,0.37925827503204346,2.630164861679077,0.008220773190259933,0.10802093893289566,,,,
,17093,,,,,110,,,,,0.4662367105484009,3.3846518993377686,0.011072494089603424,0.11669912934303284
0.0001,17099,,,,,,,,,,,,,
,17099,0.402188241481781,2.4722394943237305,0.00696867611259222,0.14799559116363525,111,,,,,,,,
0.0001,17149,,,,,,,,,,,,,
,17149,0.30858761072158813,1.9254567623138428,0.006791182793676853,0.10925076901912689,111,,,,,,,,
0.0001,17199,,,,,,,,,,,,,
,17199,0.4421390891075134,3.189809799194336,0.008941728621721268,0.1142163872718811,111,,,,,,,,
,17247,,,,,111,0.4093860983848572,2.849916458129883,0.013492746278643608,0.11090181022882462,,,,
,17247,,,,,111,,,,,0.4626063406467438,3.3482325077056885,0.01158282719552517,0.11620025336742401
0.0001,17249,,,,,,,,,,,,,
,17249,0.348288357257843,2.589961290359497,0.008884795941412449,0.08040744066238403,112,,,,,,,,
0.0001,17299,,,,,,,,,,,,,
,17299,0.4688890278339386,3.6249217987060547,0.012732913717627525,0.09366390109062195,112,,,,,,,,
0.0001,17349,,,,,,,,,,,,,
,17349,0.2900756001472473,1.7959506511688232,0.007581493817269802,0.10289907455444336,112,,,,,,,,
0.0001,17399,,,,,,,,,,,,,
,17399,0.4904932379722595,3.6641483306884766,0.010030136443674564,0.11404827982187271,112,,,,,,,,
,17401,,,,,112,0.42088279128074646,2.9773871898651123,0.010833405889570713,0.11231068521738052,,,,
,17401,,,,,112,,,,,0.4527190029621124,3.2221734523773193,0.013009250164031982,0.11749231815338135
0.0001,17449,,,,,,,,,,,,,
,17449,0.591360867023468,4.770961284637451,0.00848468579351902,0.10578000545501709,113,,,,,,,,
0.0001,17499,,,,,,,,,,,,,
,17499,0.5697695016860962,4.496059417724609,0.01370226964354515,0.10646127164363861,113,,,,,,,,
0.0001,17549,,,,,,,,,,,,,
,17549,0.4595485031604767,3.32017183303833,0.008912312798202038,0.11861900985240936,113,,,,,,,,
,17555,,,,,113,0.43516862392425537,3.0854687690734863,0.010713712312281132,0.11590801179409027,,,,
,17555,,,,,113,,,,,0.4761011302471161,3.471813201904297,0.013408859260380268,0.11551105231046677
0.0001,17599,,,,,,,,,,,,,
,17599,0.4111385941505432,2.5446128845214844,0.009926829487085342,0.14675046503543854,114,,,,,,,,
0.0001,17649,,,,,,,,,,,,,
,17649,0.7438991069793701,6.308742046356201,0.006910937372595072,0.1061139702796936,114,,,,,,,,
0.0001,17699,,,,,,,,,,,,,
,17699,0.400206595659256,2.8769783973693848,0.01190619170665741,0.10060256719589233,114,,,,,,,,
,17709,,,,,114,0.40508344769477844,2.813891649246216,0.014036579988896847,0.10965769737958908,,,,
,17709,,,,,114,,,,,0.4558708071708679,3.2492165565490723,0.011942015960812569,0.11900699883699417
0.0001,17749,,,,,,,,,,,,,
,17749,0.49734723567962646,3.466902732849121,0.00879957340657711,0.14185741543769836,115,,,,,,,,
0.0001,17799,,,,,,,,,,,,,
,17799,0.6399692296981812,4.940927505493164,0.005857371725142002,0.14001911878585815,115,,,,,,,,
0.0001,17849,,,,,,,,,,,,,
,17849,0.4701237976551056,3.4163832664489746,0.00609204825013876,0.122393399477005,115,,,,,,,,
,17863,,,,,115,0.4193834960460663,2.9386723041534424,0.009817581623792648,0.1156986877322197,,,,
,17863,,,,,115,,,,,0.4647215008735657,3.3881118297576904,0.011485842987895012,0.1144246831536293
0.0001,17899,,,,,,,,,,,,,
,17899,0.4212037920951843,2.7273457050323486,0.006709914188832045,0.14175930619239807,116,,,,,,,,
0.0001,17949,,,,,,,,,,,,,
,17949,0.34935563802719116,2.2584009170532227,0.008119110949337482,0.1153964102268219,116,,,,,,,,
0.0001,17999,,,,,,,,,,,,,
,17999,0.4966907203197479,3.860097885131836,0.005264745093882084,0.1054161936044693,116,,,,,,,,
,18017,,,,,116,0.41186612844467163,2.8987491130828857,0.011309213005006313,0.1106819435954094,,,,
,18017,,,,,116,,,,,0.4560885727405548,3.306711435317993,0.010406173765659332,0.11501114070415497
0.0001,18049,,,,,,,,,,,,,
,18049,0.4564347267150879,3.3649277687072754,0.0039877621456980705,0.11595416814088821,117,,,,,,,,
0.0001,18099,,,,,,,,,,,,,
,18099,0.3635115325450897,2.264007806777954,0.004599681124091148,0.13251106441020966,117,,,,,,,,
0.0001,18149,,,,,,,,,,,,,
,18149,0.4003456234931946,2.771605968475342,0.004369063302874565,0.11881595849990845,117,,,,,,,,
,18171,,,,,117,0.4165850877761841,2.9657814502716064,0.011655107140541077,0.10835174471139908,,,,
,18171,,,,,117,,,,,0.446915864944458,3.149775266647339,0.014127502217888832,0.11781089752912521
0.0001,18199,,,,,,,,,,,,,
,18199,0.3829498887062073,2.9500889778137207,0.003761261235922575,0.08417971432209015,118,,,,,,,,
0.0001,18249,,,,,,,,,,,,,
,18249,0.3528570532798767,2.4827704429626465,0.013516340404748917,0.09106368571519852,118,,,,,,,,
0.0001,18299,,,,,,,,,,,,,
,18299,0.5250896215438843,3.6537137031555176,0.005260311532765627,0.15445788204669952,118,,,,,,,,
,18325,,,,,118,0.3926917314529419,2.725292682647705,0.010013103485107422,0.11014934629201889,,,,
,18325,,,,,118,,,,,0.4518674314022064,3.2329421043395996,0.012889075092971325,0.11568418145179749
0.0001,18349,,,,,,,,,,,,,
,18349,0.4050588607788086,3.017869234085083,0.012547154910862446,0.09072478115558624,119,,,,,,,,
0.0001,18399,,,,,,,,,,,,,
,18399,0.414955198764801,2.205777168273926,0.019314255565404892,0.17506325244903564,119,,,,,,,,
0.0001,18449,,,,,,,,,,,,,
,18449,0.2966136336326599,1.3954036235809326,0.026162564754486084,0.1309106945991516,119,,,,,,,,
,18479,,,,,119,0.38501816987991333,2.7042043209075928,0.008587425574660301,0.10601045191287994,,,,
,18479,,,,,119,,,,,0.451620489358902,3.249654531478882,0.011010628193616867,0.11564435809850693
0.0001,18499,,,,,,,,,,,,,
,18499,0.4962201714515686,2.9938554763793945,0.06082361564040184,0.1360110193490982,120,,,,,,,,
0.0001,18549,,,,,,,,,,,,,
,18549,0.707688570022583,5.875607490539551,0.01611160859465599,0.1040162518620491,120,,,,,,,,
0.0001,18599,,,,,,,,,,,,,
,18599,0.427071213722229,2.3593382835388184,0.012629681266844273,0.17850768566131592,120,,,,,,,,
,18633,,,,,120,0.4086993634700775,2.8542277812957764,0.012183536775410175,0.11109313368797302,,,,
,18633,,,,,120,,,,,0.4461648166179657,3.1613197326660156,0.011626843363046646,0.11840608716011047
0.0001,18649,,,,,,,,,,,,,
,18649,0.35844433307647705,2.73663592338562,0.009669899940490723,0.07511083781719208,121,,,,,,,,
0.0001,18699,,,,,,,,,,,,,
,18699,0.34008800983428955,2.2407338619232178,0.007166062481701374,0.10884856432676315,121,,,,,,,,
0.0001,18749,,,,,,,,,,,,,
,18749,0.4710248112678528,3.529910087585449,0.008513426408171654,0.10952037572860718,121,,,,,,,,
,18787,,,,,121,0.3959713876247406,2.7494354248046875,0.011499770916998386,0.10952811688184738,,,,
,18787,,,,,121,,,,,0.44328320026397705,3.1686830520629883,0.011484909802675247,0.11493008583784103
0.0001,18799,,,,,,,,,,,,,
,18799,0.4383991062641144,3.263129711151123,0.004234545864164829,0.10785156488418579,122,,,,,,,,
0.0001,18849,,,,,,,,,,,,,
,18849,0.42263296246528625,2.335899591445923,0.017717210575938225,0.17132577300071716,122,,,,,,,,
0.0001,18899,,,,,,,,,,,,,
,18899,0.37260016798973083,2.897939443588257,0.00452319486066699,0.07828302681446075,122,,,,,,,,
,18941,,,,,122,0.4138282239437103,2.851727247238159,0.01160776149481535,0.11704777926206589,,,,
,18941,,,,,122,,,,,0.4662426710128784,3.357971668243408,0.012394309043884277,0.1180512085556984
0.0001,18949,,,,,,,,,,,,,
,18949,0.5503040552139282,4.353279113769531,0.011064277961850166,0.1039118692278862,123,,,,,,,,
0.0001,18999,,,,,,,,,,,,,
,18999,0.44961217045783997,2.5459656715393066,0.0064915865659713745,0.1885240077972412,123,,,,,,,,
0.0001,19049,,,,,,,,,,,,,
,19049,0.46258997917175293,2.8067421913146973,0.05498558655381203,0.1269301176071167,123,,,,,,,,
,19095,,,,,123,0.4163266718387604,2.9924709796905518,0.008841292932629585,0.10823817551136017,,,,
,19095,,,,,123,,,,,0.4459143579006195,3.1613240242004395,0.013324430212378502,0.11645755171775818
0.0001,19099,,,,,,,,,,,,,
,19099,0.49096930027008057,2.882983922958374,0.00952593982219696,0.19314496219158173,124,,,,,,,,
0.0001,19149,,,,,,,,,,,,,
,19149,0.5309786796569824,4.285066604614258,0.0137790497392416,0.0886930376291275,124,,,,,,,,
0.0001,19199,,,,,,,,,,,,,
,19199,0.5873380303382874,4.626830101013184,0.004226204473525286,0.12042884528636932,124,,,,,,,,
0.0001,19249,,,,,,,,,,,,,
,19249,0.5124289989471436,4.516579627990723,0.01125925499945879,0.04951179027557373,124,,,,,,,,
,19249,,,,,124,0.4064467251300812,2.8821167945861816,0.009755134582519531,0.10847987234592438,,,,
,19249,,,,,124,,,,,0.45958003401756287,3.3119301795959473,0.013567064888775349,0.11481998860836029
0.0001,19299,,,,,,,,,,,,,
,19299,0.3724221885204315,2.4962973594665527,0.02805391512811184,0.09473855793476105,125,,,,,,,,
0.0001,19349,,,,,,,,,,,,,
,19349,0.4474574625492096,3.3162713050842285,0.006439670920372009,0.10939067602157593,125,,,,,,,,
0.0001,19399,,,,,,,,,,,,,
,19399,0.5267499089241028,4.273512840270996,0.01899486407637596,0.08040376007556915,125,,,,,,,,
,19403,,,,,125,0.4230230450630188,2.9669127464294434,0.010264369659125805,0.1160673126578331,,,,
,19403,,,,,125,,,,,0.4445945918560028,3.190492868423462,0.012829653918743134,0.11271554976701736
0.0001,19449,,,,,,,,,,,,,
,19449,0.527825117111206,4.29693603515625,0.01219258178025484,0.08593883365392685,126,,,,,,,,
0.0001,19499,,,,,,,,,,,,,
,19499,0.5504083633422852,4.418790340423584,0.0049787163734436035,0.10355062782764435,126,,,,,,,,
0.0001,19549,,,,,,,,,,,,,
,19549,0.5804340243339539,4.636565208435059,0.004956612829118967,0.11182089149951935,126,,,,,,,,
,19557,,,,,126,0.40194323658943176,2.847548007965088,0.009538304060697556,0.10765019059181213,,,,
,19557,,,,,126,,,,,0.46150195598602295,3.3431613445281982,0.012086581438779831,0.11509902030229568
0.0001,19599,,,,,,,,,,,,,
,19599,0.48009181022644043,3.171151638031006,0.007135998457670212,0.15584063529968262,127,,,,,,,,
0.0001,19649,,,,,,,,,,,,,
,19649,0.4381381869316101,3.226684808731079,0.009272158145904541,0.1061975508928299,127,,,,,,,,
0.0001,19699,,,,,,,,,,,,,
,19699,0.5957823395729065,4.380648612976074,0.022061649709939957,0.13565580546855927,127,,,,,,,,
,19711,,,,,127,0.40351808071136475,2.878376007080078,0.010812048800289631,0.10486844927072525,,,,
,19711,,,,,127,,,,,0.445516437292099,3.1736018657684326,0.012951868586242199,0.11520438641309738
0.0001,19749,,,,,,,,,,,,,
,19749,0.46030768752098083,2.9167556762695312,0.011226512491703033,0.15740559995174408,128,,,,,,,,
0.0001,19799,,,,,,,,,,,,,
,19799,0.6404246091842651,4.721340179443359,0.053838010877370834,0.11445260792970657,128,,,,,,,,
0.0001,19849,,,,,,,,,,,,,
,19849,0.49873846769332886,3.664910316467285,0.007085646502673626,0.1251617968082428,128,,,,,,,,
,19865,,,,,128,0.42326560616493225,3.0255203247070312,0.011514979414641857,0.10919862240552902,,,,
,19865,,,,,128,,,,,0.44956040382385254,3.2049078941345215,0.012354999780654907,0.11671465635299683
0.0001,19899,,,,,,,,,,,,,
,19899,0.33936619758605957,2.03957200050354,0.011277839541435242,0.12413116544485092,129,,,,,,,,
0.0001,19949,,,,,,,,,,,,,
,19949,0.27173709869384766,1.3953189849853516,0.004264573100954294,0.12794062495231628,129,,,,,,,,
0.0001,19999,,,,,,,,,,,,,
,19999,0.37810391187667847,2.1388731002807617,0.004204099997878075,0.16001248359680176,129,,,,,,,,
,20019,,,,,129,0.3984942138195038,2.7629828453063965,0.011352255009114742,0.11084360629320145,,,,
,20019,,,,,129,,,,,0.44692859053611755,3.220017194747925,0.012440096586942673,0.11248679459095001
0.0001,20049,,,,,,,,,,,,,
,20049,0.5196211338043213,3.480191707611084,0.0052305408753454685,0.1663714200258255,130,,,,,,,,
0.0001,20099,,,,,,,,,,,,,
,20099,0.389122873544693,2.3171372413635254,0.0031935900915414095,0.15421554446220398,130,,,,,,,,
0.0001,20149,,,,,,,,,,,,,
,20149,0.4523821771144867,3.4212746620178223,0.008317077532410622,0.10193763673305511,130,,,,,,,,
,20173,,,,,130,0.4085886776447296,2.8548336029052734,0.009274265728890896,0.11383102089166641,,,,
,20173,,,,,130,,,,,0.4632628262042999,3.3486645221710205,0.012738845311105251,0.11565742641687393
0.0001,20199,,,,,,,,,,,,,
,20199,0.5037420988082886,3.6229248046875,0.012404046952724457,0.12904557585716248,131,,,,,,,,
0.0001,20249,,,,,,,,,,,,,
,20249,0.3333323001861572,2.533416271209717,0.010739872232079506,0.06925079971551895,131,,,,,,,,
0.0001,20299,,,,,,,,,,,,,
,20299,0.2740756869316101,1.7336013317108154,0.0031502200290560722,0.09756531566381454,131,,,,,,,,
,20327,,,,,131,0.3906337022781372,2.766758918762207,0.009793330915272236,0.10416438430547714,,,,
,20327,,,,,131,,,,,0.4649384915828705,3.366961717605591,0.013015909120440483,0.11522631347179413
0.0001,20349,,,,,,,,,,,,,
,20349,0.6555373668670654,4.982287406921387,0.00915580429136753,0.14815282821655273,132,,,,,,,,
0.0001,20399,,,,,,,,,,,,,
,20399,0.4390093982219696,3.1168932914733887,0.009257866069674492,0.11806222796440125,132,,,,,,,,
0.0001,20449,,,,,,,,,,,,,
,20449,0.3153494894504547,2.0310068130493164,0.012608712539076805,0.09964010119438171,132,,,,,,,,
,20481,,,,,132,0.40373146533966064,2.8911001682281494,0.008997953496873379,0.1056235134601593,,,,
,20481,,,,,132,,,,,0.45346057415008545,3.2667064666748047,0.012502078898251057,0.11428791284561157
0.0001,20499,,,,,,,,,,,,,
,20499,0.442230761051178,3.7252073287963867,0.006990989204496145,0.06271900981664658,133,,,,,,,,
0.0001,20549,,,,,,,,,,,,,
,20549,0.3220283091068268,1.705269455909729,0.004514189437031746,0.146987184882164,133,,,,,,,,
0.0001,20599,,,,,,,,,,,,,
,20599,0.5384941101074219,4.322668552398682,0.011312054470181465,0.0949152484536171,133,,,,,,,,
,20635,,,,,133,0.41471239924430847,2.911484479904175,0.00884822104126215,0.11471573263406754,,,,
,20635,,,,,133,,,,,0.4578411281108856,3.2791385650634766,0.01398409716784954,0.1159433126449585
0.0001,20649,,,,,,,,,,,,,
,20649,0.3868194818496704,2.7060208320617676,0.01628962531685829,0.09992776811122894,134,,,,,,,,
0.0001,20699,,,,,,,,,,,,,
,20699,0.6635856628417969,5.061814785003662,0.013646425679326057,0.14375773072242737,134,,,,,,,,
0.0001,20749,,,,,,,,,,,,,
,20749,0.37941616773605347,2.915048122406006,0.009102310985326767,0.07880904525518417,134,,,,,,,,
,20789,,,,,134,0.4147905111312866,2.9562995433807373,0.009051606990396976,0.11010900884866714,,,,
,20789,,,,,134,,,,,0.46630898118019104,3.4295315742492676,0.012001340277493,0.11135432124137878
0.0001,20799,,,,,,,,,,,,,
,20799,0.3719114363193512,2.614832639694214,0.008487815037369728,0.10194037109613419,135,,,,,,,,
0.0001,20849,,,,,,,,,,,,,
,20849,0.3830186128616333,2.7835707664489746,0.008411494083702564,0.09625004231929779,135,,,,,,,,
0.0001,20899,,,,,,,,,,,,,
,20899,0.5711075663566589,4.24483585357666,0.006634566932916641,0.13998939096927643,135,,,,,,,,
,20943,,,,,135,0.4035927951335907,2.792696714401245,0.010760435834527016,0.11356262117624283,,,,
,20943,,,,,135,,,,,0.4711030423641205,3.434701919555664,0.01288846880197525,0.11474445462226868
0.0001,20949,,,,,,,,,,,,,
,20949,0.47156715393066406,2.646801471710205,0.06120394170284271,0.14568307995796204,136,,,,,,,,
0.0001,20999,,,,,,,,,,,,,
,20999,0.5173891186714172,3.621511220932007,0.005903878249228001,0.1493341326713562,136,,,,,,,,
0.0001,21049,,,,,,,,,,,,,
,21049,0.4307718575000763,3.4768803119659424,0.007396184839308262,0.07568766176700592,136,,,,,,,,
,21097,,,,,136,0.4001440107822418,2.7531697750091553,0.009135757572948933,0.11569127440452576,,,,
,21097,,,,,136,,,,,0.4463375210762024,3.1851744651794434,0.011236200109124184,0.11658385396003723
0.0001,21099,,,,,,,,,,,,,
,21099,0.45704185962677,3.6103744506835938,0.002422496909275651,0.0935819000005722,137,,,,,,,,
0.0001,21149,,,,,,,,,,,,,
,21149,0.40250515937805176,2.4386539459228516,0.007953936234116554,0.1506858468055725,137,,,,,,,,
0.0001,21199,,,,,,,,,,,,,
,21199,0.3111427426338196,2.133237361907959,0.008684778586030006,0.08913423866033554,137,,,,,,,,
0.0001,21249,,,,,,,,,,,,,
,21249,0.3819742798805237,3.028717517852783,0.004378994926810265,0.0747234970331192,137,,,,,,,,
,21251,,,,,137,0.3961803615093231,2.7045257091522217,0.009152569808065891,0.11657516658306122,,,,
,21251,,,,,137,,,,,0.4605928063392639,3.347252607345581,0.010505867190659046,0.11536166816949844
0.0001,21299,,,,,,,,,,,,,
,21299,0.4895106256008148,3.7270545959472656,0.008893797174096107,0.1079113781452179,138,,,,,,,,
0.0001,21349,,,,,,,,,,,,,
,21349,0.4814046025276184,3.562683582305908,0.01390402764081955,0.1112322211265564,138,,,,,,,,
0.0001,21399,,,,,,,,,,,,,
,21399,0.46470165252685547,3.1224160194396973,0.008189696818590164,0.14427033066749573,138,,,,,,,,
,21405,,,,,138,0.39655986428260803,2.700977325439453,0.01130539458245039,0.11515671759843826,,,,
,21405,,,,,138,,,,,0.4579089879989624,3.308253526687622,0.011206652969121933,0.11587712913751602
0.0001,21449,,,,,,,,,,,,,
,21449,0.5002074241638184,3.9120378494262695,0.005265843588858843,0.10373778641223907,139,,,,,,,,
0.0001,21499,,,,,,,,,,,,,
,21499,0.3519695997238159,2.300722122192383,0.006036011036485434,0.11586137115955353,139,,,,,,,,
0.0001,21549,,,,,,,,,,,,,
,21549,0.46069616079330444,3.1430511474609375,0.01045643724501133,0.13593459129333496,139,,,,,,,,
,21559,,,,,139,0.39356061816215515,2.7421152591705322,0.009154205210506916,0.11019483953714371,,,,
,21559,,,,,139,,,,,0.4558146893978119,3.305959939956665,0.011621711775660515,0.11359705030918121
0.0001,21599,,,,,,,,,,,,,
,21599,0.38740065693855286,2.693452835083008,0.007600896991789341,0.1104544997215271,140,,,,,,,,
0.0001,21649,,,,,,,,,,,,,
,21649,0.42564335465431213,2.8733553886413574,0.0041749561205506325,0.13413284718990326,140,,,,,,,,
0.0001,21699,,,,,,,,,,,,,
,21699,0.38926219940185547,2.998460292816162,0.00879551749676466,0.0806206464767456,140,,,,,,,,
,21713,,,,,140,0.4277503192424774,3.1563823223114014,0.009717408567667007,0.10239472985267639,,,,
,21713,,,,,140,,,,,0.4502022862434387,3.2589049339294434,0.012079442851245403,0.11223240941762924
0.0001,21749,,,,,,,,,,,,,
,21749,0.4132951498031616,2.957772970199585,0.00838549342006445,0.10913235694169998,141,,,,,,,,
0.0001,21799,,,,,,,,,,,,,
,21799,0.37566566467285156,2.5960264205932617,0.013078535906970501,0.10298452526330948,141,,,,,,,,
0.0001,21849,,,,,,,,,,,,,
,21849,0.5654350519180298,4.356584548950195,0.005291733890771866,0.1244848370552063,141,,,,,,,,
,21867,,,,,141,0.40676039457321167,2.871755361557007,0.01038887444883585,0.10919602960348129,,,,
,21867,,,,,141,,,,,0.44700950384140015,3.208195447921753,0.010796555317938328,0.11539340019226074
0.0001,21899,,,,,,,,,,,,,
,21899,0.6014953851699829,4.734728813171387,0.00944229681044817,0.11858019977807999,142,,,,,,,,
0.0001,21949,,,,,,,,,,,,,
,21949,0.38892361521720886,2.5847368240356445,0.004870714619755745,0.12557922303676605,142,,,,,,,,
0.0001,21999,,,,,,,,,,,,,
,21999,0.3458702266216278,2.1570820808410645,0.0036665108054876328,0.12649551033973694,142,,,,,,,,
,22021,,,,,142,0.41760876774787903,2.9735488891601562,0.010382069274783134,0.10987182706594467,,,,
,22021,,,,,142,,,,,0.4512799382209778,3.2832555770874023,0.010608012787997723,0.1123463436961174
0.0001,22049,,,,,,,,,,,,,
,22049,0.3013424873352051,1.8979105949401855,0.0067609986290335655,0.10479040443897247,143,,,,,,,,
0.0001,22099,,,,,,,,,,,,,
,22099,0.39927375316619873,2.589418411254883,0.008829180151224136,0.1315026879310608,143,,,,,,,,
0.0001,22149,,,,,,,,,,,,,
,22149,0.27306699752807617,1.6206457614898682,0.006377039477229118,0.10462537407875061,143,,,,,,,,
,22175,,,,,143,0.41322454810142517,2.8963558673858643,0.010146007873117924,0.11344300210475922,,,,
,22175,,,,,143,,,,,0.45355480909347534,3.286149024963379,0.012523879297077656,0.1124160960316658
0.0001,22199,,,,,,,,,,,,,
,22199,0.4148719310760498,2.8736884593963623,0.0034431172534823418,0.12405997514724731,144,,,,,,,,
0.0001,22249,,,,,,,,,,,,,
,22249,0.41292694211006165,2.9922401905059814,0.0044753896072506905,0.10922752320766449,144,,,,,,,,
0.0001,22299,,,,,,,,,,,,,
,22299,0.3410579264163971,2.493640422821045,0.028482966125011444,0.06321091949939728,144,,,,,,,,
,22329,,,,,144,0.40300604701042175,2.8554041385650635,0.009074278175830841,0.10839135199785233,,,,
,22329,,,,,144,,,,,0.44673240184783936,3.2370765209198,0.011311574839055538,0.11171313375234604
0.0001,22349,,,,,,,,,,,,,
,22349,0.36687248945236206,2.240046501159668,0.0146129559725523,0.12825487554073334,145,,,,,,,,
0.0001,22399,,,,,,,,,,,,,
,22399,0.6172359585762024,4.867114067077637,0.012043475173413754,0.11848106235265732,145,,,,,,,,
0.0001,22449,,,,,,,,,,,,,
,22449,0.3993871212005615,2.6021928787231445,0.019702773541212082,0.11946508288383484,145,,,,,,,,
,22483,,,,,145,0.4180643558502197,2.9373979568481445,0.01152820698916912,0.11279642581939697,,,,
,22483,,,,,145,,,,,0.45298299193382263,3.3132266998291016,0.011127704754471779,0.11053255200386047
0.0001,22499,,,,,,,,,,,,,
,22499,0.5288497805595398,4.165278434753418,0.006242476869374514,0.10607948899269104,146,,,,,,,,
0.0001,22549,,,,,,,,,,,,,
,22549,0.5481951832771301,4.257575035095215,0.005363367032259703,0.11707431077957153,146,,,,,,,,
0.0001,22599,,,,,,,,,,,,,
,22599,0.33952295780181885,2.095846652984619,0.005716385785490274,0.12422188371419907,146,,,,,,,,
,22637,,,,,146,0.39257919788360596,2.737262487411499,0.00783380214124918,0.11101919412612915,,,,
,22637,,,,,146,,,,,0.455461710691452,3.306623935699463,0.01156356930732727,0.11323577165603638
0.0001,22649,,,,,,,,,,,,,
,22649,0.35837286710739136,2.1972076892852783,0.024223903194069862,0.11442822217941284,147,,,,,,,,
0.0001,22699,,,,,,,,,,,,,
,22699,0.5191942453384399,4.077278137207031,0.012049738317728043,0.09941673278808594,147,,,,,,,,
0.0001,22749,,,,,,,,,,,,,
,22749,0.48270437121391296,3.782626152038574,0.005677634850144386,0.09876413643360138,147,,,,,,,,
,22791,,,,,147,0.4051567614078522,2.812164306640625,0.008420219644904137,0.1155201643705368,,,,
,22791,,,,,147,,,,,0.4547474980354309,3.272207736968994,0.011907720007002354,0.11561894416809082
0.0001,22799,,,,,,,,,,,,,
,22799,0.35092440247535706,2.3722448348999023,0.00522279366850853,0.10847711563110352,148,,,,,,,,
0.0001,22849,,,,,,,,,,,,,
,22849,0.31957629323005676,2.1234328746795654,0.006445678882300854,0.10078730434179306,148,,,,,,,,
0.0001,22899,,,,,,,,,,,,,
,22899,0.43207764625549316,3.028813600540161,0.014669150114059448,0.1145271509885788,148,,,,,,,,
,22945,,,,,148,0.40562981367111206,2.877955436706543,0.010165637359023094,0.1076686754822731,,,,
,22945,,,,,148,,,,,0.4453044831752777,3.1824843883514404,0.012260863557457924,0.11479529738426208
0.0001,22949,,,,,,,,,,,,,
,22949,0.38214200735092163,2.702080249786377,0.00700029730796814,0.10493367910385132,149,,,,,,,,
0.0001,22999,,,,,,,,,,,,,
,22999,0.3755146265029907,2.8454432487487793,0.005074239801615477,0.0858960822224617,149,,,,,,,,
0.0001,23049,,,,,,,,,,,,,
,23049,0.45853227376937866,3.4955716133117676,0.004652582108974457,0.10432256013154984,149,,,,,,,,
0.0001,23099,,,,,,,,,,,,,
,23099,0.23111996054649353,0.9982582926750183,0.003135666251182556,0.12815845012664795,149,,,,,,,,
,23099,,,,,149,0.398914635181427,2.7806992530822754,0.011145932599902153,0.10969869792461395,,,,
,23099,,,,,149,,,,,0.450517863035202,3.2881624698638916,0.01181447971612215,0.10988730192184448
0.0001,23149,,,,,,,,,,,,,
,23149,0.41785579919815063,3.1226119995117188,0.005687040276825428,0.09990756213665009,150,,,,,,,,
0.0001,23199,,,,,,,,,,,,,
,23199,0.4437604248523712,3.265220880508423,0.010085239075124264,0.10715310275554657,150,,,,,,,,
0.0001,23249,,,,,,,,,,,,,
,23249,0.47512954473495483,3.6409106254577637,0.007298373617231846,0.10374008864164352,150,,,,,,,,
,23253,,,,,150,0.4222608506679535,2.9803049564361572,0.014081458561122417,0.11014894396066666,,,,
,23253,,,,,150,,,,,0.4516509473323822,3.2671234607696533,0.011865458451211452,0.11307315528392792
0.0001,23299,,,,,,,,,,,,,
,23299,0.4854067862033844,3.736116409301758,0.006351517513394356,0.10544362664222717,151,,,,,,,,
0.0001,23349,,,,,,,,,,,,,
,23349,0.4744083285331726,3.468963861465454,0.014824631623923779,0.11268730461597443,151,,,,,,,,
0.0001,23399,,,,,,,,,,,,,
,23399,0.4000754654407501,3.1470541954040527,0.004142165184020996,0.08122788369655609,151,,,,,,,,
,23407,,,,,151,0.403535932302475,2.7552807331085205,0.01228680182248354,0.11572110652923584,,,,
,23407,,,,,151,,,,,0.4582817554473877,3.2991514205932617,0.011797730810940266,0.11656876653432846
0.0001,23449,,,,,,,,,,,,,
,23449,0.4743098020553589,3.819969654083252,0.01269112341105938,0.07962173223495483,152,,,,,,,,
0.0001,23499,,,,,,,,,,,,,
,23499,0.30718034505844116,2.154463768005371,0.006366312969475985,0.08536764979362488,152,,,,,,,,
0.0001,23549,,,,,,,,,,,,,
,23549,0.42782002687454224,3.2119994163513184,0.006916378624737263,0.09970369935035706,152,,,,,,,,
,23561,,,,,152,0.39063844084739685,2.738231897354126,0.009132598526775837,0.10768259316682816,,,,
,23561,,,,,152,,,,,0.4541291892528534,3.338935375213623,0.009419700130820274,0.11081602424383163
0.0001,23599,,,,,,,,,,,,,
,23599,0.4161968529224396,3.108863353729248,0.01177864708006382,0.09353185445070267,153,,,,,,,,
0.0001,23649,,,,,,,,,,,,,
,23649,0.40084603428840637,2.9489338397979736,0.007228699978441,0.09872393310070038,153,,,,,,,,
0.0001,23699,,,,,,,,,,,,,
,23699,0.3579181730747223,2.2871861457824707,0.029591470956802368,0.09960807114839554,153,,,,,,,,
,23715,,,,,153,0.4047696888446808,2.8499300479888916,0.009873921982944012,0.10990270972251892,,,,
,23715,,,,,153,,,,,0.4526214301586151,3.2702484130859375,0.012209479697048664,0.1133870780467987
0.0001,23749,,,,,,,,,,,,,
,23749,0.37573501467704773,2.522217273712158,0.007680843118578196,0.11583242565393448,154,,,,,,,,
0.0001,23799,,,,,,,,,,,,,
,23799,0.40935051441192627,3.2150163650512695,0.011364433914422989,0.07648446410894394,154,,,,,,,,
0.0001,23849,,,,,,,,,,,,,
,23849,0.4047115743160248,2.5279202461242676,0.034762904047966,0.11715668439865112,154,,,,,,,,
,23869,,,,,154,0.39305761456489563,2.693011999130249,0.00901595875620842,0.11474046111106873,,,,
,23869,,,,,154,,,,,0.4548241198062897,3.3069446086883545,0.011367282830178738,0.11276238411664963
0.0001,23899,,,,,,,,,,,,,
,23899,0.2955893874168396,1.9853764772415161,0.009303823113441467,0.08774793148040771,155,,,,,,,,
0.0001,23949,,,,,,,,,,,,,
,23949,0.2959063947200775,1.935492992401123,0.004911412950605154,0.09744571149349213,155,,,,,,,,
0.0001,23999,,,,,,,,,,,,,
,23999,0.44886288046836853,3.677342176437378,0.007477863226085901,0.07365080714225769,155,,,,,,,,
,24023,,,,,155,0.4044969081878662,2.773496627807617,0.012318016029894352,0.1148291677236557,,,,
,24023,,,,,155,,,,,0.4546754062175751,3.292665958404541,0.01294277049601078,0.112466000020504
0.0001,24049,,,,,,,,,,,,,
,24049,0.4810718894004822,3.473389148712158,0.047756824642419815,0.08597616851329803,156,,,,,,,,
0.0001,24099,,,,,,,,,,,,,
,24099,0.39180779457092285,2.783327579498291,0.01226256974041462,0.10121247917413712,156,,,,,,,,
0.0001,24149,,,,,,,,,,,,,
,24149,0.30368563532829285,2.0900356769561768,0.0050330497324466705,0.0896490067243576,156,,,,,,,,
,24177,,,,,156,0.4100804924964905,2.862471103668213,0.011513709090650082,0.11231975257396698,,,,
,24177,,,,,156,,,,,0.45156043767929077,3.2397825717926025,0.014450541697442532,0.11313164234161377
0.0001,24199,,,,,,,,,,,,,
,24199,0.405681848526001,2.8636879920959473,0.0029128617607057095,0.11640018969774246,157,,,,,,,,
0.0001,24249,,,,,,,,,,,,,
,24249,0.3971526026725769,2.847886800765991,0.010108299553394318,0.10225564241409302,157,,,,,,,,
0.0001,24299,,,,,,,,,,,,,
,24299,0.44043827056884766,2.957235097885132,0.01108277216553688,0.13363203406333923,157,,,,,,,,
,24331,,,,,157,0.3887075185775757,2.695793390274048,0.008864937350153923,0.11026328057050705,,,,
,24331,,,,,157,,,,,0.441169410943985,3.1991751194000244,0.011594987474381924,0.10965698957443237
0.0001,24349,,,,,,,,,,,,,
,24349,0.4551362991333008,3.19101619720459,0.006981087848544121,0.12905357778072357,158,,,,,,,,
0.0001,24399,,,,,,,,,,,,,
,24399,0.4751013219356537,3.41656494140625,0.020075663924217224,0.1133691668510437,158,,,,,,,,
0.0001,24449,,,,,,,,,,,,,
,24449,0.2808942198753357,1.891941785812378,0.007386327255517244,0.08431370556354523,158,,,,,,,,
,24485,,,,,158,0.4067072868347168,2.8770294189453125,0.009081264026463032,0.10992304980754852,,,,
,24485,,,,,158,,,,,0.4465211033821106,3.232755184173584,0.010616671293973923,0.11262890696525574
0.0001,24499,,,,,,,,,,,,,
,24499,0.2721559405326843,1.789045810699463,0.0049001434817910194,0.08835122734308243,159,,,,,,,,
0.0001,24549,,,,,,,,,,,,,
,24549,0.44565218687057495,2.922842502593994,0.013886261731386185,0.13948166370391846,159,,,,,,,,
0.0001,24599,,,,,,,,,,,,,
,24599,0.29518359899520874,1.8950341939926147,0.005924781318753958,0.09975539147853851,159,,,,,,,,
,24639,,,,,159,0.3921787440776825,2.713768243789673,0.013327778317034245,0.10747408121824265,,,,
,24639,,,,,159,,,,,0.4600832760334015,3.3316874504089355,0.012923292815685272,0.11399126052856445
0.0001,24649,,,,,,,,,,,,,
,24649,0.44231486320495605,3.5286829471588135,0.011980348266661167,0.0774662122130394,160,,,,,,,,
0.0001,24699,,,,,,,,,,,,,
,24699,0.38049742579460144,2.2560763359069824,0.030111661180853844,0.12477810680866241,160,,,,,,,,
0.0001,24749,,,,,,,,,,,,,
,24749,0.3015444874763489,1.9072864055633545,0.003317225258797407,0.10749858617782593,160,,,,,,,,
,24793,,,,,160,0.39549684524536133,2.737628936767578,0.008710059337317944,0.11302389204502106,,,,
,24793,,,,,160,,,,,0.453259140253067,3.28621768951416,0.011022303253412247,0.11361496150493622
0.0001,24799,,,,,,,,,,,,,
,24799,0.5167931318283081,3.8340306282043457,0.005043014883995056,0.12834703922271729,161,,,,,,,,
0.0001,24849,,,,,,,,,,,,,
,24849,0.3072008490562439,1.8709306716918945,0.005856763571500778,0.11425100266933441,161,,,,,,,,
0.0001,24899,,,,,,,,,,,,,
,24899,0.36710309982299805,2.5104904174804688,0.010827350430190563,0.10522671043872833,161,,,,,,,,
,24947,,,,,161,0.4001922607421875,2.852971315383911,0.009293962270021439,0.10560111701488495,,,,
,24947,,,,,161,,,,,0.45094752311706543,3.2984771728515625,0.010827353224158287,0.11027233302593231
0.0001,24949,,,,,,,,,,,,,
,24949,0.38797593116760254,2.912416458129883,0.010088466107845306,0.08664581179618835,162,,,,,,,,
0.0001,24999,,,,,,,,,,,,,
,24999,0.3668743073940277,2.4065847396850586,0.005954548716545105,0.12026126682758331,162,,,,,,,,
0.0001,25049,,,,,,,,,,,,,
,25049,0.39677053689956665,2.484848976135254,0.0041117919608950615,0.14417386054992676,162,,,,,,,,
0.0001,25099,,,,,,,,,,,,,
,25099,0.44884589314460754,3.2560763359069824,0.017371632158756256,0.10586661100387573,162,,,,,,,,
,25101,,,,,162,0.40966561436653137,2.8795979022979736,0.009372428990900517,0.11233341693878174,,,,
,25101,,,,,162,,,,,0.4414708912372589,3.1520836353302,0.011570350266993046,0.1146920844912529
0.0001,25149,,,,,,,,,,,,,
,25149,0.6531636714935303,4.698511123657227,0.00878826342523098,0.17452429234981537,163,,,,,,,,
0.0001,25199,,,,,,,,,,,,,
,25199,0.30647799372673035,1.8605824708938599,0.013655530288815498,0.10676421225070953,163,,,,,,,,
0.0001,25249,,,,,,,,,,,,,
,25249,0.4195314943790436,2.9534494876861572,0.0212006364017725,0.1029859259724617,163,,,,,,,,
,25255,,,,,163,0.3836519420146942,2.6904754638671875,0.010595579631626606,0.10400886088609695,,,,
,25255,,,,,163,,,,,0.4582749307155609,3.3298428058624268,0.011811629869043827,0.11347897350788116
0.0001,25299,,,,,,,,,,,,,
,25299,0.3666020631790161,2.688814640045166,0.008985777385532856,0.08873480558395386,164,,,,,,,,
0.0001,25349,,,,,,,,,,,,,
,25349,0.4047064781188965,3.2429699897766113,0.005890346132218838,0.07451910525560379,164,,,,,,,,
0.0001,25399,,,,,,,,,,,,,
,25399,0.39845162630081177,2.6439032554626465,0.00846326258033514,0.1255980283021927,164,,,,,,,,
,25409,,,,,164,0.418999582529068,2.9076738357543945,0.012024344876408577,0.11620788276195526,,,,
,25409,,,,,164,,,,,0.4638609290122986,3.3885231018066406,0.012476113624870777,0.1125325858592987
0.0001,25449,,,,,,,,,,,,,
,25449,0.36548325419425964,2.2812209129333496,0.005445949267596006,0.13191521167755127,165,,,,,,,,
0.0001,25499,,,,,,,,,,,,,
,25499,0.3606094717979431,2.5730414390563965,0.00716827530413866,0.09613704681396484,165,,,,,,,,
0.0001,25549,,,,,,,,,,,,,
,25549,0.5612287521362305,4.198028087615967,0.011452656239271164,0.12997326254844666,165,,,,,,,,
,25563,,,,,165,0.40819990634918213,2.909235715866089,0.01119372621178627,0.10608251392841339,,,,
,25563,,,,,165,,,,,0.4617393910884857,3.3542301654815674,0.010539935901761055,0.11577636748552322
0.0001,25599,,,,,,,,,,,,,
,25599,0.7710675001144409,6.0211639404296875,0.037619709968566895,0.13133138418197632,166,,,,,,,,
0.0001,25649,,,,,,,,,,,,,
,25649,1.0241048336029053,8.40438461303711,0.017155803740024567,0.1665104329586029,166,,,,,,,,
0.0001,25699,,,,,,,,,,,,,
,25699,0.3609244227409363,2.493844747543335,0.008035006001591682,0.10350492596626282,166,,,,,,,,
,25717,,,,,166,0.42463919520378113,2.9838075637817383,0.009156215004622936,0.11710227280855179,,,,
,25717,,,,,166,,,,,0.4463074803352356,3.184688091278076,0.0135023333132267,0.11433618515729904
0.0001,25749,,,,,,,,,,,,,
,25749,0.4216828942298889,3.0831995010375977,0.007662796415388584,0.10570010542869568,167,,,,,,,,
0.0001,25799,,,,,,,,,,,,,
,25799,0.28133338689804077,1.4753775596618652,0.00453986506909132,0.1292557716369629,167,,,,,,,,
0.0001,25849,,,,,,,,,,,,,
,25849,0.506081759929657,4.109755516052246,0.012633061036467552,0.08247310668230057,167,,,,,,,,
,25871,,,,,167,0.38652855157852173,2.642364740371704,0.011318213306367397,0.11097392439842224,,,,
,25871,,,,,167,,,,,0.4570044279098511,3.332026720046997,0.010027656331658363,0.1137741431593895
0.0001,25899,,,,,,,,,,,,,
,25899,0.531499445438385,4.389026165008545,0.00992395170032978,0.08267287164926529,168,,,,,,,,
0.0001,25949,,,,,,,,,,,,,
,25949,0.47933298349380493,3.563075304031372,0.00909989234060049,0.11392556130886078,168,,,,,,,,
0.0001,25999,,,,,,,,,,,,,
,25999,0.4095765948295593,2.644350051879883,0.017761152237653732,0.12738046050071716,168,,,,,,,,
,26025,,,,,168,0.4123557507991791,2.9296889305114746,0.010890927165746689,0.10849594324827194,,,,
,26025,,,,,168,,,,,0.46036937832832336,3.3276207447052,0.012154210358858109,0.11545313149690628
0.0001,26049,,,,,,,,,,,,,
,26049,0.42216822504997253,3.0591187477111816,0.01876642368733883,0.09748991578817368,169,,,,,,,,
0.0001,26099,,,,,,,,,,,,,
,26099,0.3737905025482178,2.6659255027770996,0.003902844386175275,0.10329509526491165,169,,,,,,,,
0.0001,26149,,,,,,,,,,,,,
,26149,0.3827286958694458,2.260678291320801,0.0070375315845012665,0.1496233493089676,169,,,,,,,,
,26179,,,,,169,0.40851396322250366,2.8295340538024902,0.011089512147009373,0.11447089165449142,,,,
,26179,,,,,169,,,,,0.45958301424980164,3.346517562866211,0.01202780194580555,0.11290352046489716
0.0001,26199,,,,,,,,,,,,,
,26199,0.4972548484802246,4.028617858886719,0.006262441165745258,0.08813057839870453,170,,,,,,,,
0.0001,26249,,,,,,,,,,,,,
,26249,0.4365071952342987,3.0487189292907715,0.004768744111061096,0.12686654925346375,170,,,,,,,,
0.0001,26299,,,,,,,,,,,,,
,26299,0.3334643244743347,1.7749005556106567,0.02493145503103733,0.13104282319545746,170,,,,,,,,
,26333,,,,,170,0.3756255507469177,2.566234827041626,0.009568448178470135,0.10943369567394257,,,,
,26333,,,,,170,,,,,0.45238813757896423,3.270996332168579,0.013037266209721565,0.11225128918886185
0.0001,26349,,,,,,,,,,,,,
,26349,0.583625078201294,4.314805030822754,0.018534941598773003,0.1336095929145813,171,,,,,,,,
0.0001,26399,,,,,,,,,,,,,
,26399,0.3657364845275879,2.830692768096924,0.010649316012859344,0.07201789319515228,171,,,,,,,,
0.0001,26449,,,,,,,,,,,,,
,26449,0.6307364702224731,5.214672565460205,0.008422655053436756,0.10084652155637741,171,,,,,,,,
,26487,,,,,171,0.4151357114315033,2.9332544803619385,0.008769783191382885,0.1130405142903328,,,,
,26487,,,,,171,,,,,0.4531507194042206,3.2822303771972656,0.01160095538944006,0.11332672834396362
0.0001,26499,,,,,,,,,,,,,
,26499,0.2673042416572571,1.618232250213623,0.006838568486273289,0.09864245355129242,172,,,,,,,,
0.0001,26549,,,,,,,,,,,,,
,26549,0.5907400846481323,4.670436859130859,0.02470611408352852,0.0989902913570404,172,,,,,,,,
0.0001,26599,,,,,,,,,,,,,
,26599,0.40367957949638367,2.6939756870269775,0.006303505972027779,0.12797850370407104,172,,,,,,,,
,26641,,,,,172,0.38523751497268677,2.699954032897949,0.00993588101118803,0.1053062155842781,,,,
,26641,,,,,172,,,,,0.4642987549304962,3.3840348720550537,0.012646729126572609,0.1132485643029213
0.0001,26649,,,,,,,,,,,,,
,26649,0.30842870473861694,2.3191399574279785,0.008752798661589622,0.06776192039251328,173,,,,,,,,
0.0001,26699,,,,,,,,,,,,,
,26699,0.47389012575149536,3.309797525405884,0.011196106672286987,0.13171425461769104,173,,,,,,,,
0.0001,26749,,,,,,,,,,,,,
,26749,0.5111905336380005,3.185570240020752,0.03120708093047142,0.16142641007900238,173,,,,,,,,
,26795,,,,,173,0.4020708501338959,2.778315782546997,0.010309968143701553,0.11392921954393387,,,,
,26795,,,,,173,,,,,0.4590105414390564,3.3310532569885254,0.011234959587454796,0.11467015743255615
6e-05,26799,,,,,,,,,,,,,
,26799,0.4505378305912018,3.051405668258667,0.005628115497529507,0.13976916670799255,174,,,,,,,,
6e-05,26849,,,,,,,,,,,,,
,26849,0.4174645245075226,3.123573064804077,0.01269159372895956,0.09241563081741333,174,,,,,,,,
6e-05,26899,,,,,,,,,,,,,
,26899,0.4985840916633606,3.442905902862549,0.014198203571140766,0.1400952935218811,174,,,,,,,,
6e-05,26949,,,,,,,,,,,,,
,26949,0.3995617926120758,2.4327385425567627,0.014003072865307331,0.1422848254442215,174,,,,,,,,
,26949,,,,,174,0.4167688190937042,2.8697943687438965,0.01138363592326641,0.11840572953224182,,,,
,26949,,,,,174,,,,,0.44962722063064575,3.242324113845825,0.01223592460155487,0.11315900832414627
6e-05,26999,,,,,,,,,,,,,
,26999,0.3881542384624481,2.520725965499878,0.005079451948404312,0.13100217282772064,175,,,,,,,,
6e-05,27049,,,,,,,,,,,,,
,27049,0.35146966576576233,2.7394866943359375,0.007550707086920738,0.0699702799320221,175,,,,,,,,
6e-05,27099,,,,,,,,,,,,,
,27099,0.582139790058136,4.238928318023682,0.013647343963384628,0.14459964632987976,175,,,,,,,,
,27103,,,,,175,0.41806456446647644,2.9808197021484375,0.009756543673574924,0.1102261170744896,,,,
,27103,,,,,175,,,,,0.43193790316581726,3.095212459564209,0.01298812497407198,0.10942865908145905
6e-05,27149,,,,,,,,,,,,,
,27149,0.3944471478462219,2.7391960620880127,0.016204439103603363,0.10432305932044983,176,,,,,,,,
6e-05,27199,,,,,,,,,,,,,
,27199,0.40211254358291626,3.0435543060302734,0.013164321891963482,0.0845927745103836,176,,,,,,,,
6e-05,27249,,,,,,,,,,,,,
,27249,0.9706559181213379,7.826841354370117,0.04719145596027374,0.14078029990196228,176,,,,,,,,
,27257,,,,,176,0.392769992351532,2.7803869247436523,0.00991817656904459,0.10481299459934235,,,,
,27257,,,,,176,,,,,0.44907739758491516,3.2597620487213135,0.010150609537959099,0.11295042932033539
6e-05,27299,,,,,,,,,,,,,
,27299,0.32389864325523376,2.2030744552612305,0.005832985043525696,0.0977582186460495,177,,,,,,,,
6e-05,27349,,,,,,,,,,,,,
,27349,0.36319759488105774,2.5085878372192383,0.01177096739411354,0.10056785494089127,177,,,,,,,,
6e-05,27399,,,,,,,,,,,,,
,27399,0.4498191773891449,2.6527037620544434,0.00403954740613699,0.18050925433635712,177,,,,,,,,
,27411,,,,,177,0.4101477563381195,2.914795160293579,0.010232760570943356,0.10843536257743835,,,,
,27411,,,,,177,,,,,0.44639697670936584,3.2838430404663086,0.011335419490933418,0.10667731612920761
6e-05,27449,,,,,,,,,,,,,
,27449,0.7116897106170654,4.770345687866211,0.14086799323558807,0.09378717839717865,178,,,,,,,,
6e-05,27499,,,,,,,,,,,,,
,27499,0.40714502334594727,3.043506622314453,0.00818711705505848,0.09460722655057907,178,,,,,,,,
6e-05,27549,,,,,,,,,,,,,
,27549,0.46794041991233826,3.4880433082580566,0.007769047748297453,0.11136706173419952,178,,,,,,,,
,27565,,,,,178,0.406566858291626,2.8802433013916016,0.011586006730794907,0.10695646703243256,,,,
,27565,,,,,178,,,,,0.45476821064949036,3.2676501274108887,0.01252727396786213,0.11547604203224182
6e-05,27599,,,,,,,,,,,,,
,27599,0.8726732134819031,6.8756866455078125,0.027694333344697952,0.15741023421287537,179,,,,,,,,
6e-05,27649,,,,,,,,,,,,,
,27649,0.3917653560638428,2.768413543701172,0.006897277198731899,0.10802669823169708,179,,,,,,,,
6e-05,27699,,,,,,,,,,,,,
,27699,0.3250599205493927,2.2184243202209473,0.0031880829483270645,0.10002937912940979,179,,,,,,,,
,27719,,,,,179,0.42174047231674194,3.011080026626587,0.009034685790538788,0.1115977093577385,,,,
,27719,,,,,179,,,,,0.4531742036342621,3.2674906253814697,0.012271377258002758,0.11415357887744904
6e-05,27749,,,,,,,,,,,,,
,27749,0.3381193280220032,2.3087172508239746,0.02909935638308525,0.0781482458114624,180,,,,,,,,
6e-05,27799,,,,,,,,,,,,,
,27799,0.5490394830703735,3.935652256011963,0.003097658511251211,0.15237653255462646,180,,,,,,,,
6e-05,27849,,,,,,,,,,,,,
,27849,0.6286957859992981,5.0649094581604,0.004487974569201469,0.11771687120199203,180,,,,,,,,
,27873,,,,,180,0.4020374119281769,2.826848030090332,0.008209743537008762,0.11114289611577988,,,,
,27873,,,,,180,,,,,0.45611676573753357,3.3452823162078857,0.012289640493690968,0.10929898917675018
6e-05,27899,,,,,,,,,,,,,
,27899,0.6441730260848999,5.056716442108154,0.006808541715145111,0.13169287145137787,181,,,,,,,,
6e-05,27949,,,,,,,,,,,,,
,27949,0.3412463068962097,2.090651512145996,0.0039420113898813725,0.12823915481567383,181,,,,,,,,
6e-05,27999,,,,,,,,,,,,,
,27999,0.4622838497161865,3.227778673171997,0.02772965095937252,0.11177635192871094,181,,,,,,,,
,28027,,,,,181,0.402992844581604,2.894927740097046,0.009352283552289009,0.10414769500494003,,,,
,28027,,,,,181,,,,,0.4558188021183014,3.337327003479004,0.011748308315873146,0.11033785343170166
6e-05,28049,,,,,,,,,,,,,
,28049,0.6029616594314575,4.576159954071045,0.0162910558283329,0.12905462086200714,182,,,,,,,,
6e-05,28099,,,,,,,,,,,,,
,28099,0.2952215075492859,2.211751699447632,0.007434016093611717,0.06661230325698853,182,,,,,,,,
6e-05,28149,,,,,,,,,,,,,
,28149,0.6654700040817261,5.199102401733398,0.022586911916732788,0.12297282367944717,182,,,,,,,,
,28181,,,,,182,0.42255187034606934,3.0123214721679688,0.011081933043897152,0.11023774743080139,,,,
,28181,,,,,182,,,,,0.44014450907707214,3.179718494415283,0.012592418119311333,0.10958003252744675
6e-05,28199,,,,,,,,,,,,,
,28199,0.33827558159828186,2.03869366645813,0.007060748524963856,0.127345472574234,183,,,,,,,,
6e-05,28249,,,,,,,,,,,,,
,28249,0.5760104060173035,4.215555667877197,0.007613300811499357,0.14684151113033295,183,,,,,,,,
6e-05,28299,,,,,,,,,,,,,
,28299,0.8100883960723877,6.372156143188477,0.021131331101059914,0.15174148976802826,183,,,,,,,,
,28335,,,,,183,0.4042721688747406,2.906191825866699,0.007969170808792114,0.10568379610776901,,,,
,28335,,,,,183,,,,,0.46472930908203125,3.385366678237915,0.01273882295936346,0.11345382034778595
6e-05,28349,,,,,,,,,,,,,
,28349,0.5067590475082397,3.7267134189605713,0.012091971933841705,0.12199579924345016,184,,,,,,,,
6e-05,28399,,,,,,,,,,,,,
,28399,0.378436803817749,2.6751105785369873,0.007628212217241526,0.10329752415418625,184,,,,,,,,
6e-05,28449,,,,,,,,,,,,,
,28449,0.5095093250274658,3.9110143184661865,0.01118932943791151,0.10721856355667114,184,,,,,,,,
,28489,,,,,184,0.405422568321228,2.8663110733032227,0.009977145120501518,0.10881436616182327,,,,
,28489,,,,,184,,,,,0.4487064480781555,3.262394428253174,0.011038781143724918,0.11142832785844803
6e-05,28499,,,,,,,,,,,,,
,28499,0.5131742358207703,4.193037986755371,0.011501755565404892,0.08236868679523468,185,,,,,,,,
6e-05,28549,,,,,,,,,,,,,
,28549,0.32183220982551575,2.5850555896759033,0.008358307182788849,0.054968319833278656,185,,,,,,,,
6e-05,28599,,,,,,,,,,,,,
,28599,0.4116509258747101,2.7858805656433105,0.017375554889440536,0.11568727344274521,185,,,,,,,,
,28643,,,,,185,0.40953922271728516,2.93471360206604,0.009130747988820076,0.10693707317113876,,,,
,28643,,,,,185,,,,,0.44915321469306946,3.248690366744995,0.011934400536119938,0.11234987527132034
6e-05,28649,,,,,,,,,,,,,
,28649,0.5041229724884033,3.887436628341675,0.006677909288555384,0.10870145261287689,186,,,,,,,,
6e-05,28699,,,,,,,,,,,,,
,28699,0.38870763778686523,2.3205199241638184,0.026937173679471016,0.12971848249435425,186,,,,,,,,
6e-05,28749,,,,,,,,,,,,,
,28749,0.5274178981781006,3.9918723106384277,0.004682269413024187,0.12354842573404312,186,,,,,,,,
,28797,,,,,186,0.4154379069805145,2.966986656188965,0.01164940744638443,0.10708971321582794,,,,
,28797,,,,,186,,,,,0.45147526264190674,3.2966034412384033,0.012790379114449024,0.10902465879917145
6e-05,28799,,,,,,,,,,,,,
,28799,0.48802000284194946,3.4448423385620117,0.011464141309261322,0.1320716142654419,187,,,,,,,,
6e-05,28849,,,,,,,,,,,,,
,28849,0.3480469584465027,2.4446375370025635,0.00294708670116961,0.10063613206148148,187,,,,,,,,
6e-05,28899,,,,,,,,,,,,,
,28899,0.3828620910644531,2.914196491241455,0.005350198596715927,0.08609220385551453,187,,,,,,,,
6e-05,28949,,,,,,,,,,,,,
,28949,0.49011027812957764,3.662149429321289,0.004655251279473305,0.11924007534980774,187,,,,,,,,
,28951,,,,,187,0.39562851190567017,2.7870919704437256,0.01059417612850666,0.10632520914077759,,,,
,28951,,,,,187,,,,,0.4531030058860779,3.2747292518615723,0.010709324851632118,0.1149207279086113
6e-05,28999,,,,,,,,,,,,,
,28999,0.3189825415611267,2.220438003540039,0.0034731985069811344,0.09346550703048706,188,,,,,,,,
6e-05,29049,,,,,,,,,,,,,
,29049,0.44707995653152466,2.9174089431762695,0.006769217550754547,0.14856982231140137,188,,,,,,,,
6e-05,29099,,,,,,,,,,,,,
,29099,0.3830166459083557,2.516012191772461,0.008894837461411953,0.12252060323953629,188,,,,,,,,
,29105,,,,,188,0.4092658460140228,2.895301103591919,0.009488886222243309,0.11024685204029083,,,,
,29105,,,,,188,,,,,0.4504854381084442,3.216954231262207,0.01384162437170744,0.1149483323097229
6e-05,29149,,,,,,,,,,,,,
,29149,0.39306098222732544,2.592226505279541,0.018800511956214905,0.11503779888153076,189,,,,,,,,
6e-05,29199,,,,,,,,,,,,,
,29199,0.41472065448760986,2.6394293308258057,0.01624036766588688,0.13453732430934906,189,,,,,,,,
6e-05,29249,,,,,,,,,,,,,
,29249,0.5555121898651123,3.903334140777588,0.0081146489828825,0.15706416964530945,189,,,,,,,,
,29259,,,,,189,0.42688921093940735,3.027538776397705,0.013192242942750454,0.11094307899475098,,,,
,29259,,,,,189,,,,,0.4589204788208008,3.333042621612549,0.01071136724203825,0.1149047315120697
6e-05,29299,,,,,,,,,,,,,
,29299,0.37334227561950684,2.718134880065918,0.003079093061387539,0.0984496995806694,190,,,,,,,,
6e-05,29349,,,,,,,,,,,,,
,29349,1.0422593355178833,8.542940139770508,0.01903684437274933,0.1689283847808838,190,,,,,,,,
6e-05,29399,,,,,,,,,,,,,
,29399,0.41316407918930054,3.1511659622192383,0.005771426949650049,0.09227606654167175,190,,,,,,,,
,29413,,,,,190,0.41629722714424133,2.9618704319000244,0.01147181075066328,0.10863837599754333,,,,
,29413,,,,,190,,,,,0.45594000816345215,3.3230843544006348,0.012004801072180271,0.1116267591714859
6e-05,29449,,,,,,,,,,,,,
,29449,0.4358512759208679,3.2563624382019043,0.008396271616220474,0.10181877017021179,191,,,,,,,,
6e-05,29499,,,,,,,,,,,,,
,29499,0.454630047082901,3.2769663333892822,0.023596875369548798,0.10333652794361115,191,,,,,,,,
6e-05,29549,,,,,,,,,,,,,
,29549,0.3862522542476654,2.955332040786743,0.0021116193383932114,0.08860741555690765,191,,,,,,,,
,29567,,,,,191,0.4229552745819092,2.9949522018432617,0.014970572665333748,0.10848945379257202,,,,
,29567,,,,,191,,,,,0.43506136536598206,3.1707944869995117,0.011109397746622562,0.10687248408794403
6e-05,29599,,,,,,,,,,,,,
,29599,0.38424962759017944,2.1222264766693115,0.0025829016231000423,0.16944409906864166,192,,,,,,,,
6e-05,29649,,,,,,,,,,,,,
,29649,0.4296872615814209,2.776022434234619,0.016725219786167145,0.1353597790002823,192,,,,,,,,
6e-05,29699,,,,,,,,,,,,,
,29699,0.24146588146686554,1.243969202041626,0.002995380200445652,0.11407358944416046,192,,,,,,,,
,29721,,,,,192,0.4047326147556305,2.878960609436035,0.010148338973522186,0.10668821632862091,,,,
,29721,,,,,192,,,,,0.4477597177028656,3.244790554046631,0.01215808279812336,0.11112257093191147
6e-05,29749,,,,,,,,,,,,,
,29749,0.2953726053237915,1.5715067386627197,0.00579619687050581,0.13242575526237488,193,,,,,,,,
6e-05,29799,,,,,,,,,,,,,
,29799,0.8636256456375122,7.539897441864014,0.009293636307120323,0.10034224390983582,193,,,,,,,,
6e-05,29849,,,,,,,,,,,,,
,29849,0.5883426666259766,4.566979885101318,0.005058313719928265,0.12658634781837463,193,,,,,,,,
,29875,,,,,193,0.41669732332229614,2.957148790359497,0.008352823555469513,0.11262965202331543,,,,
,29875,,,,,193,,,,,0.4545772969722748,3.277981758117676,0.013551331125199795,0.11322756856679916
6e-05,29899,,,,,,,,,,,,,
,29899,0.2949839234352112,2.173236846923828,0.005385829135775566,0.07227440178394318,194,,,,,,,,
6e-05,29949,,,,,,,,,,,,,
,29949,0.7786337733268738,6.531296730041504,0.04328126460313797,0.0822228491306305,194,,,,,,,,
6e-05,29999,,,,,,,,,,,,,
,29999,0.8021479845046997,6.569796085357666,0.03549075126647949,0.10967758297920227,194,,,,,,,,
,30029,,,,,194,0.41774818301200867,2.923506498336792,0.013464299030601978,0.11193326860666275,,,,
,30029,,,,,194,,,,,0.4421297609806061,3.1756479740142822,0.012076745741069317,0.11248816549777985
6e-05,30049,,,,,,,,,,,,,
,30049,0.38691434264183044,2.804694652557373,0.0077321529388427734,0.09871275722980499,195,,,,,,,,
6e-05,30099,,,,,,,,,,,,,
,30099,0.32043543457984924,2.040435314178467,0.0047525567933917046,0.11163933575153351,195,,,,,,,,
6e-05,30149,,,,,,,,,,,,,
,30149,0.6043049693107605,3.744476795196533,0.009223468601703644,0.22063377499580383,195,,,,,,,,
,30183,,,,,195,0.4191769063472748,2.9077157974243164,0.012065823189914227,0.11633963137865067,,,,
,30183,,,,,195,,,,,0.4594759941101074,3.295761823654175,0.012075578793883324,0.11782428622245789
6e-05,30199,,,,,,,,,,,,,
,30199,0.3485342562198639,2.614469528198242,0.010673611424863338,0.07641368359327316,196,,,,,,,,
6e-05,30249,,,,,,,,,,,,,
,30249,0.26618731021881104,1.6123738288879395,0.007489309646189213,0.09746059775352478,196,,,,,,,,
6e-05,30299,,,,,,,,,,,,,
,30299,0.5307577848434448,3.819769859313965,0.02138703688979149,0.12739384174346924,196,,,,,,,,
,30337,,,,,196,0.401220440864563,2.7847557067871094,0.00907011516392231,0.11367467790842056,,,,
,30337,,,,,196,,,,,0.4372117817401886,3.122821092605591,0.012088829651474953,0.11284080892801285
6e-05,30349,,,,,,,,,,,,,
,30349,0.3704319894313812,2.888792037963867,0.007979177869856358,0.07357360422611237,197,,,,,,,,
6e-05,30399,,,,,,,,,,,,,
,30399,0.46320492029190063,3.454418659210205,0.014222967438399792,0.10354007035493851,197,,,,,,,,
6e-05,30449,,,,,,,,,,,,,
,30449,0.3962706923484802,2.397604465484619,0.00823784526437521,0.14827238023281097,197,,,,,,,,
,30491,,,,,197,0.41857558488845825,2.9660561084747314,0.010910107754170895,0.1110600009560585,,,,
,30491,,,,,197,,,,,0.451102077960968,3.284808874130249,0.011052403599023819,0.11156871914863586
6e-05,30499,,,,,,,,,,,,,
,30499,0.4746699929237366,3.7347769737243652,0.00889621488749981,0.0922960489988327,198,,,,,,,,
6e-05,30549,,,,,,,,,,,,,
,30549,0.5584403276443481,4.324800491333008,0.011828863993287086,0.11413143575191498,198,,,,,,,,
6e-05,30599,,,,,,,,,,,,,
,30599,0.7026981711387634,5.632135391235352,0.028736833482980728,0.11074778437614441,198,,,,,,,,
,30645,,,,,198,0.40348657965660095,2.8999931812286377,0.008750183507800102,0.10473699122667313,,,,
,30645,,,,,198,,,,,0.4628871977329254,3.3494880199432373,0.01342348475009203,0.11451486498117447
6e-05,30649,,,,,,,,,,,,,
,30649,0.5559686422348022,4.112521648406982,0.015159348025918007,0.12955716252326965,199,,,,,,,,
6e-05,30699,,,,,,,,,,,,,
,30699,0.562609076499939,2.8542683124542236,0.01886899583041668,0.25831326842308044,199,,,,,,,,
6e-05,30749,,,,,,,,,,,,,
,30749,0.4075997471809387,2.9243946075439453,0.013488389551639557,0.10167191177606583,199,,,,,,,,
6e-05,30799,,,,,,,,,,,,,
,30799,0.2306804656982422,1.7708139419555664,0.007330985274165869,0.04626809433102608,199,,,,,,,,
,30799,,,,,199,0.4104531407356262,2.83264422416687,0.014330963604152203,0.11285775154829025,,,,
,30799,,,,,199,,,,,0.4475211501121521,3.205022096633911,0.011976216919720173,0.11504270136356354
