lr-Adam,step,loss_train_step,pos_train_step,cell_train_step,atomic_numbers_train_step,epoch,loss_val,pos_val,cell_val,atomic_numbers_val,loss_train_epoch,pos_train_epoch,cell_train_epoch,atomic_numbers_train_epoch,,,loss_train_epoch,loss_val
0.0001,49,,,,,,,,,,,,,,,1,0.431586385,0.41594094
,49,0.541000485,3.9328651428222656,0.016462961211800575,0.1312509924173355,0,,,,,,,,,,2,0.418177664,0.420046538
0.0001,99,,,,,,,,,,,,,,,3,0.411928445,0.441799045
,99,0.4781542122364044,2.8552136421203613,0.016649324,0.1759835183620453,0,,,,,,,,,,4,0.418771625,0.427335888
,146,,,,,0,0.41594094038009644,2.8748085498809814,0.010862624272704124,0.11759742349386215,,,,,,5,0.413497329,0.439221561
,146,,,,,0,,,,,0.4315863847732544,2.892706871032715,0.014513678848743439,0.1278020590543747,,6,0.406941116,0.415780813
0.0001,149,,,,,,,,,,,,,,,7,0.417437434,0.420947999
,149,0.3995056748390198,2.681650161743164,0.006930658,0.12440996617078781,1,,,,,,,,,,8,0.417477727,0.412440419
0.0001,199,,,,,,,,,,,,,,,9,0.403095663,0.41739133
,199,0.478770912,3.413818836212158,0.01167387,0.12571516633033752,1,,,,,,,,,,10,0.412641615,0.403271705
0.0001,249,,,,,,,,,,,,,,,11,0.41614455,0.410581321
,249,0.5279231071472168,3.616976737976074,0.016698172315955162,0.14952722191810608,1,,,,,,,,,,12,0.413259655,0.414663017
,293,,,,,1,0.42004653811454773,2.859382152557373,0.010019132867455482,0.12408912926912308,,,,,,13,0.406122595,0.411350638
,293,,,,,1,,,,,0.41817766427993774,2.8836867809295654,0.011188914999365807,0.11862000077962875,,14,0.424381256,0.429216236
0.0001,299,,,,,,,,,,,,,,,15,0.416968256,0.409041971
,299,0.33825749158859253,2.2338812351226807,0.009366974,0.1055024117231369,2,,,,,,,,,,16,0.41684714,0.408852547
0.0001,349,,,,,,,,,,,,,,,17,0.409962237,0.408186823
,349,0.4456091523170471,3.1806371212005615,0.032462671399116516,0.09508276,2,,,,,,,,,,18,0.404256791,0.415973037
0.0001,399,,,,,,,,,,,,,,,19,0.400904715,0.435412973
,399,0.4214325249195099,3.0030531883239746,0.010997920297086239,0.11012926697731018,2,,,,,,,,,,20,0.411521256,0.424751937
,440,,,,,2,0.4417990446090698,3.044052839279175,0.012985977344214916,0.1244077980518341,,,,,,21,0.410333276,0.423725873
,440,,,,,2,,,,,0.4119284451007843,2.7979276180267334,0.011827991344034672,0.12030774354934692,,22,0.408660561,0.411348492
0.0001,449,,,,,,,,,,,,,,,23,0.413063645,0.423260123
,449,0.45601367950439453,3.210104227,0.004910226,0.1300930380821228,3,,,,,,,,,,24,0.418961525,0.394771814
0.0001,499,,,,,,,,,,,,,,,25,0.410437256,0.404000819
,499,0.36683911085128784,2.433584690093994,0.015626803040504456,0.10785385221242905,3,,,,,,,,,,26,0.408076376,0.41193682
0.0001,549,,,,,,,,,,,,,,,27,0.40549773,0.410733312
,549,0.45629632472991943,2.9150772094726562,0.010742325335741043,0.15404626727104187,3,,,,,,,,,,28,0.418292463,0.425257713
,587,,,,,3,0.4273358881473541,2.9523632526397705,0.012342799,0.1197567880153656,,,,,,29,0.411719114,0.430056304
,587,,,,,3,,,,,0.4187716245651245,2.896042823791504,0.012108661234378815,0.11705852299928665,,30,0.401630193,0.391129494
0.0001,599,,,,,,,,,,,,,,,31,0.405214369,0.408789039
,599,0.2205721139907837,0.9946483373641968,0.004755841,0.1163514107465744,4,,,,,,,,,,32,0.41240865,0.420776129
0.0001,649,,,,,,,,,,,,,,,33,0.419106215,0.404705375
,649,0.27835017442703247,1.8453646898269653,0.005728573,0.08808513,4,,,,,,,,,,34,0.413990617,0.399992645
0.0001,699,,,,,,,,,,,,,,,35,0.406303525,0.425203055
,699,0.3377975821495056,2.3099372386932373,0.012218127027153969,0.094585702,4,,,,,,,,,,36,0.402257562,0.402441025
,734,,,,,4,0.4392215609550476,3.0992543697357178,0.010052132420241833,0.11924400180578232,,,,,,37,0.415955871,0.411296427
,734,,,,,4,,,,,0.41349732875823975,2.8445563316345215,0.012660081498324871,0.11638162285089493,,38,0.394977987,0.410264403
0.0001,749,,,,,,,,,,,,,,,39,0.407748103,0.408278823
,749,0.45091497898101807,3.503671169281006,0.008685361,0.091862522,5,,,,,,,,,,40,0.414496154,0.402526528
0.0001,799,,,,,,,,,,,,,,,41,0.418590873,0.384348899
,799,0.36267417669296265,2.456310272216797,0.006527443,0.11051574349403381,5,,,,,,,,,,42,0.407906383,0.410945088
0.0001,849,,,,,,,,,,,,,,,43,0.413109124,0.414141268
,849,0.43575334548950195,3.1700387001037598,0.004130577,0.11461889743804932,5,,,,,,,,,,44,0.40399012,0.415363669
,881,,,,,5,0.41578081250190735,2.949470281600952,0.009992761,0.1108410432934761,,,,,,45,0.406279922,0.399772257
,881,,,,,5,,,,,0.40694111585617065,2.807027578353882,0.011981924995779991,0.11425645649433136,,46,0.403420329,0.416459948
0.0001,899,,,,,,,,,,,,,,,47,0.406825155,0.407153606
,899,0.5063303709030151,3.790642499923706,0.013819434680044651,0.11344663798809052,6,,,,,,,,,,48,0.404228389,0.408098876
0.0001,949,,,,,,,,,,,,,,,49,0.407496572,0.419094324
,949,0.3311934471130371,2.2589781284332275,0.007456454,0.097839147,6,,,,,,,,,,50,0.410188407,0.411581933
0.0001,999,,,,,,,,,,,,,,,51,0.417975605,0.424850494
,999,0.5950113534927368,3.880916118621826,0.046979528,0.15994015336036682,6,,,,,,,,,,52,0.402959079,0.415247083
,1028,,,,,6,0.42094799876213074,2.9372546672821045,0.010882979,0.11633944511413574,,,,,,53,0.395388544,0.386771202
,1028,,,,,6,,,,,0.41743743419647217,2.8946738243103027,0.011768003,0.11620206385850906,,54,0.397737563,0.401383162
0.0001,1049,,,,,,,,,,,,,,,55,0.403630793,0.429435283
,1049,0.41429492831230164,2.8107783794403076,0.037693314254283905,0.095523775,7,,,,,,,,,,56,0.400682896,0.423998266
0.0001,1099,,,,,,,,,,,,,,,57,0.405553907,0.41624397
,1099,0.3255980908870697,2.4790022373199463,0.006004767,0.071693107,7,,,,,,,,,,58,0.403327495,0.389025629
0.0001,1149,,,,,,,,,,,,,,,59,0.405958116,0.401945114
,1149,0.5409488677978516,4.031009674072266,0.003201847,0.13464602828025818,7,,,,,,,,,,60,0.40881902,0.396492988
,1175,,,,,7,0.4124404191970825,2.8740200996398926,0.00904145,0.11599702388048172,,,,,,61,0.403372616,0.418613821
,1175,,,,,7,,,,,0.41747772693634033,2.898611307144165,0.011700126342475414,0.115916409,,62,0.410678267,0.407832712
0.0001,1199,,,,,,,,,,,,,,,63,0.410315454,0.406993866
,1199,0.35946714878082275,2.458094596862793,0.003570323,0.11008735746145248,8,,,,,,,,,,64,0.40842554,0.394793212
0.0001,1249,,,,,,,,,,,,,,,65,0.399497032,0.413799912
,1249,0.3182665705680847,2.2326345443725586,0.00545392,0.089549184,8,,,,,,,,,,66,0.403293192,0.418183923
0.0001,1299,,,,,,,,,,,,,,,67,0.415733814,0.416396827
,1299,0.3865383267402649,2.815464735031128,0.005157793,0.099834055,8,,,,,,,,,,68,0.40087378,0.415672928
,1322,,,,,8,0.4173913300037384,2.895972252,0.010542905889451504,0.11725112795829773,,,,,,69,0.399199843,0.406369627
,1322,,,,,8,,,,,0.40309566259384155,2.801881790161133,0.011247412,0.11166006326675415,,70,0.413085341,0.391036361
0.0001,1349,,,,,,,,,,,,,,,71,0.408747375,0.400104135
,1349,0.5206408500671387,4.098175048828125,0.024272256,0.086551078,9,,,,,,,,,,72,0.412283808,0.395942241
0.0001,1399,,,,,,,,,,,,,,,73,0.410114855,0.429477155
,1399,0.41804930567741394,2.5216598510742188,0.005642761,0.16024059057235718,9,,,,,,,,,,74,0.407525837,0.39402321
0.0001,1449,,,,,,,,,,,,,,,75,0.39869523,0.40088746
,1449,0.4818679690361023,3.3569629192352295,0.025992015,0.1201796755194664,9,,,,,,,,,,76,0.39977029,0.410947114
,1469,,,,,9,0.40327170491218567,2.808518886566162,0.010051236487925053,0.11236843466758728,,,,,,77,0.416916281,0.409150839
,1469,,,,,9,,,,,0.41264161467552185,2.887202024459839,0.011450588703155518,0.11247094720602036,,78,0.394324183,0.394515246
0.0001,1499,,,,,,,,,,,,,,,79,0.402036756,0.393784255
,1499,0.37198418378829956,2.4294276237487793,0.006797682,0.122243732,10,,,,,,,,,,80,0.407002717,0.424749792
0.0001,1549,,,,,,,,,,,,,,,81,0.398206443,0.393788725
,1549,0.46771329641342163,3.396420955657959,0.015324476175010204,0.11274674534797668,10,,,,,,,,,,82,0.399787962,0.414460003
0.0001,1599,,,,,,,,,,,,,,,83,0.40349254,0.427061796
,1599,0.39628103375434875,2.686347007751465,0.004225317,0.12342099845409393,10,,,,,,,,,,84,0.405723184,0.407423943
,1616,,,,,10,0.4105813205242157,2.7849440574645996,0.011281759478151798,0.12080512940883636,,,,,,85,0.399761528,0.414167106
,1616,,,,,10,,,,,0.41614454984664917,2.885826587677002,0.011480316519737244,0.11608163267374039,,86,0.396139383,0.416335821
0.0001,1649,,,,,,,,,,,,,,,87,0.399650186,0.409475565
,1649,0.5447794198989868,4.025389671325684,0.006698169,0.13554222881793976,11,,,,,,,,,,88,0.392946601,0.400857687
0.0001,1699,,,,,,,,,,,,,,,89,0.40371424,0.402864873
,1699,0.4039744436740875,2.8879857063293457,0.014034202322363853,0.10114164650440216,11,,,,,,,,,,90,0.39941147,0.421213239
0.0001,1749,,,,,,,,,,,,,,,91,0.406605244,0.411304832
,1749,0.325203538,1.6858229637145996,0.003865607,0.15275564789772034,11,,,,,,,,,,92,0.403360695,0.408545822
,1763,,,,,11,0.41466301679611206,2.945073127746582,0.009548747,0.11060699075460434,,,,,,93,0.407654077,0.40102604
,1763,,,,,11,,,,,0.4132596552371979,2.901069164276123,0.011057627387344837,0.11209531128406525,,94,0.39876312,0.407838762
0.0001,1799,,,,,,,,,,,,,,,95,0.409300715,0.400987864
,1799,0.43928787112236023,3.310497760772705,0.005264098,0.10297396779060364,12,,,,,,,,,,96,0.405772448,0.396606147
0.0001,1849,,,,,,,,,,,,,,,97,0.402982324,0.399733186
,1849,0.316842258,1.767630934715271,0.006917883,0.133161262,12,,,,,,,,,,98,0.405709267,0.402956337
0.0001,1899,,,,,,,,,,,,,,,99,0.397222102,0.42408517
,1899,0.39366865158081055,3.1654911041259766,0.005555854,0.071563691,12,,,,,,,,,,100,0.403182477,0.41972965
,1910,,,,,12,0.41135063767433167,2.858410358428955,0.012757761403918266,0.11275184899568558,,,,,,101,0.401232958,0.403331131
,1910,,,,,12,,,,,0.4061225950717926,2.842923641204834,0.009633336,0.1121969223022461,,102,0.411844581,0.416381508
0.0001,1949,,,,,,,,,,,,,,,103,0.3990089,0.42837441
,1949,0.36568671464920044,2.342087745666504,0.005301405,0.12617653608322144,13,,,,,,,,,,104,0.40242812,0.417626113
0.0001,1999,,,,,,,,,,,,,,,105,0.405831784,0.410881341
,1999,0.5004095435142517,3.654620647,0.018323630094528198,0.11662381887435913,13,,,,,,,,,,106,0.402337998,0.396028191
0.0001,2049,,,,,,,,,,,,,,,107,0.408600032,0.408966631
,2049,0.33006152510643005,1.7345997095108032,0.004991342,0.15161021053791046,13,,,,,,,,,,108,0.398306638,0.419703037
,2057,,,,,13,0.4292162358760834,3.068681001663208,0.011001827,0.11134633421897888,,,,,,109,0.41204226,0.420234323
,2057,,,,,13,,,,,0.4243812561035156,2.994936943054199,0.011106179095804691,0.11378149688243866,,110,0.409223527,0.406434685
0.0001,2099,,,,,,,,,,,,,,,111,0.406929642,0.40662542
,2099,0.42977699637413025,3.1348013877868652,0.009130994,0.1071658506989479,14,,,,,,,,,,112,0.411162674,0.393250823
0.0001,2149,,,,,,,,,,,,,,,113,0.399216771,0.423211545
,2149,0.31780707836151123,2.0280935764312744,0.009559369,0.10543833673000336,14,,,,,,,,,,114,0.403027236,0.416617513
0.0001,2199,,,,,,,,,,,,,,,115,0.403572202,0.413380176
,2199,0.43016254901885986,2.511892080307007,0.009423461,0.1695498824119568,14,,,,,,,,,,116,0.398849994,0.429183036
,2204,,,,,14,0.40904197096824646,2.7661447525024414,0.014679985120892525,0.11774756759405136,,,,,,117,0.401537955,0.416895658
,2204,,,,,14,,,,,0.4169682562351227,2.9144837856292725,0.010190044529736042,0.11532989144325256,,118,0.403118879,0.393320084
0.0001,2249,,,,,,,,,,,,,,,119,0.393785745,0.410533726
,2249,0.42517674,3.1574604511260986,0.006022319,0.10340836644172668,15,,,,,,,,,,120,0.392165989,0.414152503
0.0001,2299,,,,,,,,,,,,,,,121,0.400735885,0.41149357
,2299,0.25468844175338745,1.9419060945510864,0.00473758,0.055760256946086884,15,,,,,,,,,,122,0.396804422,0.408325166
0.0001,2349,,,,,,,,,,,,,,,123,0.390141606,0.422780961
,2349,0.4637576937675476,3.2459022998809814,0.024068258702754974,0.11509918421506882,15,,,,,,,,,,124,0.395199865,0.409121662
,2351,,,,,15,0.40885254740715027,2.827225923538208,0.008591908,0.11753807216882706,,,,,,125,0.394201398,0.394030869
,2351,,,,,15,,,,,0.4168471395969391,2.968247890472412,0.010963086038827896,0.10905943810939789,,126,0.398143113,0.411550313
0.0001,2399,,,,,,,,,,,,,,,127,0.394290358,0.425532818
,2399,0.3083378076553345,2.0603995323181152,0.013907654210925102,0.088390231,16,,,,,,,,,,128,0.401251435,0.433412164
0.0001,2449,,,,,,,,,,,,,,,129,0.40555495,0.415307909
,2449,0.3727603554725647,2.598634719848633,0.011563591659069061,0.10133330523967743,16,,,,,,,,,,130,0.405075133,0.423462987
,2498,,,,,16,0.40818682312965393,2.815793752670288,0.009983918,0.11662358790636063,,,,,,131,0.391184211,0.393973798
,2498,,,,,16,,,,,0.4099622368812561,2.8484580516815186,0.010045891,0.11507042497396469,,132,0.396045387,0.416090906
0.0001,2499,,,,,,,,,,,,,,,133,0.406910747,0.412393659
,2499,0.3395654559135437,1.9457744359970093,0.025056378915905952,0.11993161588907242,17,,,,,,,,,,134,0.400124311,0.39201346
0.0001,2549,,,,,,,,,,,,,,,135,0.390147358,0.406048357
,2549,0.473743737,3.3129966259002686,0.008604536,0.13383954763412476,17,,,,,,,,,,136,0.40354234,0.396426797
0.0001,2599,,,,,,,,,,,,,,,137,0.404076904,0.401384562
,2599,0.3674132525920868,2.118837356567383,0.014847368001937866,0.1406821608543396,17,,,,,,,,,,138,0.408479124,0.429123193
,2645,,,,,17,0.415973037,2.9202144145965576,0.008524423,0.11542714387178421,,,,,,139,0.402793765,0.386773556
,2645,,,,,17,,,,,0.40425679087638855,2.818469762802124,0.009332444,0.11307742446660995,,140,0.400023341,0.401467681
0.0001,2649,,,,,,,,,,,,,,,141,0.4034352,0.401678503
,2649,0.3912543058395386,1.9157153367996216,0.01746521,0.1822175830602646,18,,,,,,,,,,142,0.391126215,0.413970679
0.0001,2699,,,,,,,,,,,,,,,143,0.409974515,0.44538182
,2699,0.5115565061569214,4.056678295135498,0.014124755747616291,0.091763929,18,,,,,,,,,,144,0.388941437,0.400289685
0.0001,2749,,,,,,,,,,,,,,,145,0.412505597,0.427901179
,2749,0.3878815770149231,3.0126636028289795,0.004349835,0.082265347,18,,,,,,,,,,146,0.407473624,0.419589907
,2792,,,,,18,0.4354129731655121,3.118828535079956,0.008504373,0.11502578854560852,,,,,,147,0.401853621,0.395004869
,2792,,,,,18,,,,,0.40090471506118774,2.8055357933044434,0.010543925687670708,0.10980720072984695,,148,0.400547534,0.416010141
0.0001,2799,,,,,,,,,,,,,,,149,0.392923772,0.398997217
,2799,0.41287147998809814,3.354477882385254,0.003377556,0.074046127,19,,,,,,,,,,150,0.408541232,0.4080576
0.0001,2849,,,,,,,,,,,,,,,151,0.39398542,0.374231637
,2849,0.4735765755176544,3.3131039142608643,0.004853445,0.13741274178028107,19,,,,,,,,,,152,0.404221565,0.402292997
0.0001,2899,,,,,,,,,,,,,,,153,0.404547364,0.406417519
,2899,0.43462255597114563,3.196141004562378,0.013809965,0.10119849443435669,19,,,,,,,,,,154,0.398008794,0.401896775
,2939,,,,,19,0.4247519373893738,2.9789557456970215,0.010279996320605278,0.11657635122537613,,,,,,155,0.393894494,0.392993689
,2939,,,,,19,,,,,0.4115212559700012,2.8997907638549805,0.00982724,0.1117149144411087,,156,0.395937175,0.415460914
0.0001,2949,,,,,,,,,,,,,,,157,0.400387883,0.416948617
,2949,0.48204895853996277,3.284155846,0.00780219,0.14583119750022888,20,,,,,,,,,,158,0.39297986,0.406974345
0.0001,2999,,,,,,,,,,,,,,,159,0.394049972,0.401863217
,2999,0.32013803720474243,1.893739104270935,0.004906103,0.12585803866386414,20,,,,,,,,,,160,0.400669634,0.409885168
0.0001,3049,,,,,,,,,,,,,,,161,0.390187055,0.41522786
,3049,0.5225398540496826,3.4576570987701416,0.00823769,0.16853642463684082,20,,,,,,,,,,162,0.403968662,0.40902856
,3086,,,,,20,0.4237258732318878,3.0096523761749268,0.009084908,0.11367563903331757,,,,,,163,0.398217678,0.407790393
,3086,,,,,20,,,,,0.4103332757949829,2.8522040843963623,0.010245196521282196,0.11486770957708359,,164,0.395962566,0.41498822
0.0001,3099,,,,,,,,,,,,,,,165,0.396333963,0.407747686
,3099,0.4047521948814392,2.3290367126464844,0.007845404,0.1640031486749649,21,,,,,,,,,,166,0.395779043,0.40467903
0.0001,3149,,,,,,,,,,,,,,,167,0.399445444,0.412186474
,3149,0.3373816907405853,2.459512233734131,0.004861164,0.086569324,21,,,,,,,,,,168,0.394058377,0.417065799
0.0001,3199,,,,,,,,,,,,,,,169,0.394078195,0.410548389
,3199,0.5104304552078247,3.974341393,0.015509430319070816,0.097486898,21,,,,,,,,,,170,0.402412027,0.397386074
,3233,,,,,21,0.41134849190711975,2.8752572536468506,0.009652323,0.11417046934366226,,,,,,171,0.399869859,0.397171408
,3233,,,,,21,,,,,0.40866056084632874,2.890232563018799,0.009659237,0.10997792333364487,,172,0.40223074,0.419900984
0.0001,3249,,,,,,,,,,,,,,,173,0.396615714,0.400362492
,3249,0.43125951290130615,3.028381348,0.005122008,0.12329935282468796,22,,,,,,,,,,174,0.404681027,0.427335143
0.0001,3299,,,,,,,,,,,,,,,175,0.390259922,0.406386644
,3299,0.41531771421432495,2.955848217010498,0.007679288,0.11205360293388367,22,,,,,,,,,,176,0.399066716,0.395407915
0.0001,3349,,,,,,,,,,,,,,,177,0.393403232,0.393010974
,3349,0.3549581468105316,2.576660633087158,0.0034685,0.093823597,22,,,,,,,,,,178,0.402176648,0.417699307
,3380,,,,,22,0.4232601225376129,2.996546745300293,0.012487556785345078,0.11111780256032944,,,,,,179,0.391869485,0.416051358
,3380,,,,,22,,,,,0.413063645,2.8762550354003906,0.010697546415030956,0.11474046111106873,,180,0.405990154,0.428797185
0.0001,3399,,,,,,,,,,,,,,,181,0.396946013,0.38783592
,3399,0.4082149863243103,3.1408581733703613,0.010120861232280731,0.084008276,23,,,,,,,,,,182,0.391179711,0.424131066
0.0001,3449,,,,,,,,,,,,,,,183,0.394703329,0.404739171
,3449,0.4222877025604248,3.3560891151428223,0.007469095,0.079209685,23,,,,,,,,,,184,0.4024207,0.408560574
0.0001,3499,,,,,,,,,,,,,,,185,0.39918226,0.398823977
,3499,0.3664904832839966,2.308856964111328,0.009757342,0.12584741413593292,23,,,,,,,,,,186,0.391015619,0.401590407
,3527,,,,,23,0.3947718143463135,2.7651479244232178,0.011103587225079536,0.10715343058109283,,,,,,187,0.393809587,0.389839053
,3527,,,,,23,,,,,0.4189615249633789,2.935452938079834,0.011181329376995564,0.11423495411872864,,188,0.40244171,0.395830989
0.0001,3549,,,,,,,,,,,,,,,189,0.39151901,0.416329175
,3549,0.3966999650001526,2.6978893280029297,0.006272919,0.12063813209533691,24,,,,,,,,,,190,0.392386436,0.402678013
0.0001,3599,,,,,,,,,,,,,,,191,0.403299958,0.400097787
,3599,0.41472458839416504,3.0012993812561035,0.007342018,0.10725262761116028,24,,,,,,,,,,192,0.398528934,0.392817765
0.0001,3649,,,,,,,,,,,,,,,193,0.401393026,0.409536332
,3649,0.46949219703674316,3.4302053451538086,0.004282277,0.12218938767910004,24,,,,,,,,,,194,0.397909284,0.395980895
,3674,,,,,24,0.40400081872940063,2.845332622528076,0.012295704334974289,0.10717169940471649,,,,,,195,0.410997421,0.407227516
,3674,,,,,24,,,,,0.4104372560977936,2.8885555267333984,0.008434534,0.11314726620912552,,196,0.400775164,0.424007922
0.0001,3699,,,,,,,,,,,,,,,197,0.397091091,0.427144617
,3699,0.40515220165252686,3.0205235481262207,0.007127691,0.095972151,25,,,,,,,,,,198,0.393892348,0.41436854
0.0001,3749,,,,,,,,,,,,,,,199,0.403612733,0.398638964
,3749,0.4843536615371704,3.4569671154022217,0.005355817,0.13330113887786865,25,,,,,,,,,,200,0.38790825,0.388649344
0.0001,3799,,,,,,,,,,,,,,,,,
,3799,0.39886096119880676,2.6713767051696777,0.007468549,0.12425471842288971,25,,,,,,,,,,,,
,3821,,,,,25,0.41193681955337524,2.848574161529541,0.010034183971583843,0.1170453131198883,,,,,,,,
,3821,,,,,25,,,,,0.40807637572288513,2.874148368835449,0.009818515,0.11084302514791489,,,,
0.0001,3849,,,,,,,,,,,,,,,,,
,3849,0.516161323,3.944965362548828,0.004328582,0.1173362210392952,26,,,,,,,,,,,,
0.0001,3899,,,,,,,,,,,,,,,,,
,3899,0.34555894136428833,1.9898661375045776,0.008329363,0.1382429599761963,26,,,,,,,,,,,,
0.0001,3949,,,,,,,,,,,,,,,,,
,3949,0.3882427513599396,2.678173065185547,0.009442167,0.11098326742649078,26,,,,,,,,,,,,
,3968,,,,,26,0.41073331236839294,2.9024314880371094,0.012132291682064533,0.10835776478052139,,,,,,,,
,3968,,,,,26,,,,,0.4054977297782898,2.8785624504089355,0.009247977,0.10839349776506424,,,,
0.0001,3999,,,,,,,,,,,,,,,,,
,3999,0.33991432189941406,2.370434522628784,0.022473255172371864,0.080397576,27,,,,,,,,,,,,
0.0001,4049,,,,,,,,,,,,,,,,,
,4049,0.39414122700691223,2.6415343284606934,0.005097251,0.12489055097103119,27,,,,,,,,,,,,
0.0001,4099,,,,,,,,,,,,,,,,,
,4099,0.5314429998397827,4.119053840637207,0.003522769,0.11601486057043076,27,,,,,,,,,,,,
,4115,,,,,27,0.42525771260261536,2.9996299743652344,0.012164376676082611,0.11313033103942871,,,,,,,,
,4115,,,,,27,,,,,0.41829246282577515,2.986300468444824,0.010805618949234486,0.10885684937238693,,,,
0.0001,4149,,,,,,,,,,,,,,,,,
,4149,0.395940363,2.965183973312378,0.008687753,0.090734243,28,,,,,,,,,,,,
0.0001,4199,,,,,,,,,,,,,,,,,
,4199,0.39049381017684937,3.109487533569336,0.009068096,0.070476964,28,,,,,,,,,,,,
0.0001,4249,,,,,,,,,,,,,,,,,
,4249,0.48115038871765137,3.449840545654297,0.006363135,0.12980318069458008,28,,,,,,,,,,,,
,4262,,,,,28,0.43005630373954773,3.0430796146392822,0.00994241,0.11580584198236465,,,,,,,,
,4262,,,,,28,,,,,0.41171911358833313,2.858473062515259,0.011679460294544697,0.11419244855642319,,,,
0.0001,4299,,,,,,,,,,,,,,,,,
,4299,0.41129329800605774,3.010915756225586,0.006703745,0.10349798947572708,29,,,,,,,,,,,,
0.0001,4349,,,,,,,,,,,,,,,,,
,4349,0.47925394773483276,3.273798942565918,0.018216338008642197,0.13365773856639862,29,,,,,,,,,,,,
0.0001,4399,,,,,,,,,,,,,,,,,
,4399,0.44922205805778503,2.8042235374450684,0.061099578,0.10770007967948914,29,,,,,,,,,,,,
,4409,,,,,29,0.3911294937133789,2.7075459957122803,0.009815198,0.11055973917245865,,,,,,,,
,4409,,,,,29,,,,,0.4016301929950714,2.823665142059326,0.010291648097336292,0.10897194594144821,,,,
0.0001,4449,,,,,,,,,,,,,,,,,
,4449,0.4126597046852112,3.014545440673828,0.005570304,0.10563487559556961,30,,,,,,,,,,,,
0.0001,4499,,,,,,,,,,,,,,,,,
,4499,0.4668208062648773,3.3676857948303223,0.011015706695616245,0.11903651058673859,30,,,,,,,,,,,,
0.0001,4549,,,,,,,,,,,,,,,,,
,4549,0.32534608244895935,2.218355178833008,0.00400973,0.099500835,30,,,,,,,,,,,,
,4556,,,,,30,0.4087890386581421,2.876574754714966,0.010619336739182472,0.11051218956708908,,,,,,,,
,4556,,,,,30,,,,,0.4052143692970276,2.8696107864379883,0.010004747658967972,0.10824840515851974,,,,
0.0001,4599,,,,,,,,,,,,,,,,,
,4599,0.4711261987686157,3.4085638523101807,0.00582112,0.12444865703582764,31,,,,,,,,,,,,
0.0001,4649,,,,,,,,,,,,,,,,,
,4649,0.46201831102371216,3.3346052169799805,0.014902401715517044,0.11365539580583572,31,,,,,,,,,,,,
0.0001,4699,,,,,,,,,,,,,,,,,
,4699,0.3949732184410095,2.940523624420166,0.009947652,0.090973191,31,,,,,,,,,,,,
,4703,,,,,31,0.4207761287689209,2.9133381843566895,0.014706977643072605,0.11473536491394043,,,,,,,,
,4703,,,,,31,,,,,0.41240864992141724,2.899791955947876,0.011161740869283676,0.11126773059368134,,,,
0.0001,4749,,,,,,,,,,,,,,,,,
,4749,0.4793514609336853,3.780726432800293,0.009223467,0.092055321,32,,,,,,,,,,,,
0.0001,4799,,,,,,,,,,,,,,,,,
,4799,0.4524773955345154,3.199380397796631,0.011517060920596123,0.12102227658033371,32,,,,,,,,,,,,
0.0001,4849,,,,,,,,,,,,,,,,,
,4849,0.39148664474487305,2.4882936477661133,0.016468307003378868,0.1261889934539795,32,,,,,,,,,,,,
,4850,,,,,32,0.40470537543296814,2.8262884616851807,0.008883236,0.11319331079721451,,,,,,,,
,4850,,,,,32,,,,,0.41910621523857117,2.9853498935699463,0.010460327379405499,0.1101108193397522,,,,
0.0001,4899,,,,,,,,,,,,,,,,,
,4899,0.3807789087295532,2.4981651306152344,0.010876575484871864,0.12008583545684814,33,,,,,,,,,,,,
0.0001,4949,,,,,,,,,,,,,,,,,
,4949,0.36034727096557617,2.3773398399353027,0.019640307873487473,0.10297295451164246,33,,,,,,,,,,,,
,4997,,,,,33,0.3999926447868347,2.716402292251587,0.009354142,0.11899827420711517,,,,,,,,
,4997,,,,,33,,,,,0.4139906167984009,2.870347261428833,0.012188051827251911,0.11476796120405197,,,,
0.0001,4999,,,,,,,,,,,,,,,,,
,4999,0.36782407760620117,2.405519485473633,0.009187477,0.11808465421199799,34,,,,,,,,,,,,
0.0001,5049,,,,,,,,,,,,,,,,,
,5049,0.28332650661468506,2.046339750289917,0.004758266,0.073934257,34,,,,,,,,,,,,
0.0001,5099,,,,,,,,,,,,,,,,,
,5099,0.6172670722007751,4.736045837402344,0.022283036,0.12137946486473083,34,,,,,,,,,,,,
,5144,,,,,34,0.4252030551433563,3.0068485736846924,0.011492217,0.1130259782075882,,,,,,,,
,5144,,,,,34,,,,,0.4063035249710083,2.858137845993042,0.009242079,0.11124756932258606,,,,
0.0001,5149,,,,,,,,,,,,,,,,,
,5149,0.4175809621810913,3.261301279067993,0.007357163,0.084093682,35,,,,,,,,,,,,
0.0001,5199,,,,,,,,,,,,,,,,,
,5199,0.39120537,2.626795768737793,0.002982512,0.1255432814359665,35,,,,,,,,,,,,
0.0001,5249,,,,,,,,,,,,,,,,,
,5249,0.3964003026485443,2.5284066200256348,0.029125685,0.11443396657705307,35,,,,,,,,,,,,
,5291,,,,,35,0.40244102478027344,2.8811914920806885,0.007432469,0.10688938200473785,,,,,,,,
,5291,,,,,35,,,,,0.4022575616836548,2.7872519493103027,0.012359293177723885,0.11117320507764816,,,,
0.0001,5299,,,,,,,,,,,,,,,,,
,5299,0.4104021191596985,2.8200430870056152,0.005719402,0.12267836928367615,36,,,,,,,,,,,,
0.0001,5349,,,,,,,,,,,,,,,,,
,5349,0.4767703115940094,3.564420223236084,0.012289512902498245,0.1080387607216835,36,,,,,,,,,,,,
0.0001,5399,,,,,,,,,,,,,,,,,
,5399,0.5947026014328003,4.712594985961914,0.004767418,0.11867564916610718,36,,,,,,,,,,,,
,5438,,,,,36,0.41129642724990845,2.9007139205932617,0.009018426,0.11220671981573105,,,,,,,,
,5438,,,,,36,,,,,0.41595587134361267,2.873729705810547,0.014005278,0.11457750201225281,,,,
0.0001,5449,,,,,,,,,,,,,,,,,
,5449,0.34725263714790344,2.5526294708251953,0.009107907,0.082881778,37,,,,,,,,,,,,
0.0001,5499,,,,,,,,,,,,,,,,,
,5499,0.3636954724788666,2.6817479133605957,0.006386683,0.089134,37,,,,,,,,,,,,
0.0001,5549,,,,,,,,,,,,,,,,,
,5549,0.4203658998012543,3.4891855716705322,0.007340951,0.064106368,37,,,,,,,,,,,,
,5585,,,,,37,0.41026440262794495,2.872786283493042,0.010412929579615593,0.1125727966427803,,,,,,,,
,5585,,,,,37,,,,,0.39497798681259155,2.730553150177002,0.011161972768604755,0.11076069623231888,,,,
0.0001,5599,,,,,,,,,,,,,,,,,
,5599,0.46549955010414124,2.8949151039123535,0.021892268,0.15411576628684998,38,,,,,,,,,,,,
0.0001,5649,,,,,,,,,,,,,,,,,
,5649,0.3264867067337036,2.0592987537384033,0.022522252053022385,0.098034561,38,,,,,,,,,,,,
0.0001,5699,,,,,,,,,,,,,,,,,
,5699,0.40642935037612915,2.4909605979919434,0.020627250894904137,0.13670605421066284,38,,,,,,,,,,,,
,5732,,,,,38,0.40827882289886475,2.8198132514953613,0.01266856,0.11362892389297485,,,,,,,,
,5732,,,,,38,,,,,0.40774810314178467,2.8042054176330566,0.013507343828678131,0.11382005363702774,,,,
0.0001,5749,,,,,,,,,,,,,,,,,
,5749,0.41016942262649536,2.9268903732299805,0.009465853,0.1080145388841629,39,,,,,,,,,,,,
0.0001,5799,,,,,,,,,,,,,,,,,
,5799,0.41831472516059875,3.5356149673461914,0.006572273,0.058180936,39,,,,,,,,,,,,
0.0001,5849,,,,,,,,,,,,,,,,,
,5849,0.47523725032806396,3.1948909759521484,0.013506853953003883,0.14224129915237427,39,,,,,,,,,,,,
,5879,,,,,39,0.40252652764320374,2.800171375274658,0.009316033,0.11319331079721451,,,,,,,,
,5879,,,,,39,,,,,0.41449615359306335,2.906602382659912,0.011727334,0.11210855096578598,,,,
0.0001,5899,,,,,,,,,,,,,,,,,
,5899,0.2935871481895447,1.9546806812286377,0.003676672,0.094442405,40,,,,,,,,,,,,
0.0001,5949,,,,,,,,,,,,,,,,,
,5949,0.4259841740131378,3.0104384422302246,0.006969785,0.11797051876783371,40,,,,,,,,,,,,
0.0001,5999,,,,,,,,,,,,,,,,,
,5999,0.5623090863227844,3.8688297271728516,0.044851232,0.13057485222816467,40,,,,,,,,,,,,
,6026,,,,,40,0.38434889912605286,2.5975799560546875,0.009642409,0.11494848132133484,,,,,,,,
,6026,,,,,40,,,,,0.41859087347984314,2.917370319366455,0.011913125403225422,0.11494065076112747,,,,
0.0001,6049,,,,,,,,,,,,,,,,,
,6049,0.4450657367706299,2.9654769897460938,0.012227686122059822,0.13629037141799927,41,,,,,,,,,,,,
0.0001,6099,,,,,,,,,,,,,,,,,
,6099,0.45076555013656616,2.932605504989624,0.004431162,0.15307384729385376,41,,,,,,,,,,,,
0.0001,6149,,,,,,,,,,,,,,,,,
,6149,0.3710348606109619,2.678698778152466,0.007462539,0.095702417,41,,,,,,,,,,,,
,6173,,,,,41,0.4109450876712799,2.8695671558380127,0.010729948058724403,0.11325842142105103,,,,,,,,
,6173,,,,,41,,,,,0.4079063832759857,2.855295419692993,0.010752797,0.11162406206130981,,,,
0.0001,6199,,,,,,,,,,,,,,,,,
,6199,0.332984984,1.987172245979309,0.006589686,0.1276780515909195,42,,,,,,,,,,,,
0.0001,6249,,,,,,,,,,,,,,,,,
,6249,0.4178121089935303,3.053901195526123,0.009445282,0.1029767245054245,42,,,,,,,,,,,,
0.0001,6299,,,,,,,,,,,,,,,,,
,6299,0.39627426862716675,2.7921030521392822,0.004827844,0.11223609745502472,42,,,,,,,,,,,,
,6320,,,,,42,0.4141412675380707,2.9452080726623535,0.012256920337677002,0.10736358165740967,,,,,,,,
,6320,,,,,42,,,,,0.4131091237068176,2.921379327774048,0.010089912,0.11088132113218307,,,,
0.0001,6349,,,,,,,,,,,,,,,,,
,6349,0.39005613327026367,2.879861354827881,0.006785502,0.095284507,43,,,,,,,,,,,,
0.0001,6399,,,,,,,,,,,,,,,,,
,6399,0.6257715821266174,4.464663505554199,0.042839773,0.13646546006202698,43,,,,,,,,,,,,
0.0001,6449,,,,,,,,,,,,,,,,,
,6449,0.6026397943496704,4.679169178009033,0.006889207,0.12783366441726685,43,,,,,,,,,,,,
,6467,,,,,43,0.4153636693954468,2.898460865020752,0.013457032851874828,0.11206050217151642,,,,,,,,
,6467,,,,,43,,,,,0.40399011969566345,2.830477476119995,0.010189299,0.11075293272733688,,,,
0.0001,6499,,,,,,,,,,,,,,,,,
,6499,0.3304823338985443,2.677903652191162,0.002531975,0.060159978,44,,,,,,,,,,,,
0.0001,6549,,,,,,,,,,,,,,,,,
,6549,0.4350506067276001,3.3107049465179443,0.015025351196527481,0.088954747,44,,,,,,,,,,,,
0.0001,6599,,,,,,,,,,,,,,,,,
,6599,0.4259825050830841,3.022843122,0.022226735949516296,0.10147147625684738,44,,,,,,,,,,,,
,6614,,,,,44,0.3997722566127777,2.742915391921997,0.008472524,0.11700824648141861,,,,,,,,
,6614,,,,,44,,,,,0.40627992153167725,2.8526039123535156,0.011593475937843323,0.1094261035323143,,,,
0.0001,6649,,,,,,,,,,,,,,,,,
,6649,0.3631518483161926,2.603513002,0.004997423,0.097803101,45,,,,,,,,,,,,
0.0001,6699,,,,,,,,,,,,,,,,,
,6699,0.5110682845115662,3.422910213470459,0.066678204,0.10209907591342926,45,,,,,,,,,,,,
0.0001,6749,,,,,,,,,,,,,,,,,
,6749,0.4005792737007141,2.847766876220703,0.003397812,0.11240477114915848,45,,,,,,,,,,,,
,6761,,,,,45,0.41645994782447815,2.9302468299865723,0.011164751835167408,0.11227045953273773,,,,,,,,
,6761,,,,,45,,,,,0.4034203290939331,2.839743137359619,0.009656844,0.10978930443525314,,,,
0.0001,6799,,,,,,,,,,,,,,,,,
,6799,0.4528917670249939,3.2913894653320312,0.010501301847398281,0.11325155198574066,46,,,,,,,,,,,,
0.0001,6849,,,,,,,,,,,,,,,,,
,6849,0.4665413498878479,3.3934195041656494,0.008830662,0.11836874485015869,46,,,,,,,,,,,,
0.0001,6899,,,,,,,,,,,,,,,,,
,6899,0.3040197491645813,1.6077616214752197,0.004827998,0.13841557502746582,46,,,,,,,,,,,,
,6908,,,,,46,0.4071536064147949,2.754042863845825,0.016374779865145683,0.11537452042102814,,,,,,,,
,6908,,,,,46,,,,,0.40682515501976013,2.8382956981658936,0.012115143239498138,0.11088050156831741,,,,
0.0001,6949,,,,,,,,,,,,,,,,,
,6949,0.30107492208480835,1.8365814685821533,0.003629743,0.11378702521324158,47,,,,,,,,,,,,
0.0001,6999,,,,,,,,,,,,,,,,,
,6999,0.35091546177864075,2.328073501586914,0.007665991,0.11044211685657501,47,,,,,,,,,,,,
0.0001,7049,,,,,,,,,,,,,,,,,
,7049,0.301350474,1.9576842784881592,0.004669476,0.10091257095336914,47,,,,,,,,,,,,
,7055,,,,,47,0.40809887647628784,2.8723206520080566,0.010978869162499905,0.10988792777061462,,,,,,,,
,7055,,,,,47,,,,,0.4042283892631531,2.8318567276000977,0.009944582,0.11109809577465057,,,,
0.0001,7099,,,,,,,,,,,,,,,,,
,7099,0.4123729467391968,3.1172776222229004,0.015503840520977974,0.085141346,48,,,,,,,,,,,,
0.0001,7149,,,,,,,,,,,,,,,,,
,7149,0.4784470200538635,3.653397560119629,0.008970881,0.1041364073753357,48,,,,,,,,,,,,
0.0001,7199,,,,,,,,,,,,,,,,,
,7199,0.5400876998901367,4.290348052978516,0.017066240310668945,0.093986645,48,,,,,,,,,,,,
,7202,,,,,48,0.4190943241119385,2.963364601135254,0.014192383,0.10856540501117706,,,,,,,,
,7202,,,,,48,,,,,0.4074965715408325,2.8541531562805176,0.010341696441173553,0.1117396429181099,,,,
0.0001,7249,,,,,,,,,,,,,,,,,
,7249,0.46238836646080017,3.648899555206299,0.015921950340270996,0.081576481,49,,,,,,,,,,,,
0.0001,7299,,,,,,,,,,,,,,,,,
,7299,0.4862686097621918,3.246518373,0.0062649,0.15535183250904083,49,,,,,,,,,,,,
0.0001,7349,,,,,,,,,,,,,,,,,
,7349,0.2577575743198395,2.1393561363220215,0.004232841,0.039589114,49,,,,,,,,,,,,
,7349,,,,,49,0.41158193349838257,2.844515323638916,0.010065923444926739,0.11706449091434479,,,,,,,,
,7349,,,,,49,,,,,0.4101884067058563,2.917238235473633,0.00942877,0.109035924,,,,
0.0001,7399,,,,,,,,,,,,,,,,,
,7399,0.4507942199707031,2.9316656589508057,0.006806675,0.15082097053527832,50,,,,,,,,,,,,
0.0001,7449,,,,,,,,,,,,,,,,,
,7449,0.5091828107833862,3.926797389984131,0.022078894078731537,0.094424173,50,,,,,,,,,,,,
,7496,,,,,50,0.4248504936695099,2.9870781898498535,0.011699717491865158,0.11444292962551117,,,,,,,,
,7496,,,,,50,,,,,0.41797560453414917,2.933354139328003,0.010809028521180153,0.11383119225502014,,,,
0.0001,7499,,,,,,,,,,,,,,,,,
,7499,0.3879185914993286,2.2956647872924805,0.024010587483644485,0.1343415230512619,51,,,,,,,,,,,,
0.0001,7549,,,,,,,,,,,,,,,,,
,7549,0.36157751083374023,2.919879913330078,0.003632821,0.06595666,51,,,,,,,,,,,,
0.0001,7599,,,,,,,,,,,,,,,,,
,7599,0.3525657653808594,2.433392048,0.014866925776004791,0.094359636,51,,,,,,,,,,,,
,7643,,,,,51,0.4152470827102661,2.912235736846924,0.011479404,0.11254402995109558,,,,,,,,
,7643,,,,,51,,,,,0.40295907855033875,2.767645835876465,0.012055004946887493,0.11413948237895966,,,,
0.0001,7649,,,,,,,,,,,,,,,,,
,7649,0.4435914158821106,3.0121655464172363,0.026252216,0.11612264066934586,52,,,,,,,,,,,,
0.0001,7699,,,,,,,,,,,,,,,,,
,7699,0.3828940987586975,2.86863637,0.005791581,0.090238914,52,,,,,,,,,,,,
0.0001,7749,,,,,,,,,,,,,,,,,
,7749,0.4589046835899353,3.693328619003296,0.013584700413048267,0.075987145,52,,,,,,,,,,,,
,7790,,,,,52,0.38677120208740234,2.6849582195281982,0.010296518914401531,0.10797888040542603,,,,,,,,
,7790,,,,,52,,,,,0.39538854360580444,2.7727386951446533,0.009414557,0.10870017856359482,,,,
0.0001,7799,,,,,,,,,,,,,,,,,
,7799,0.4784020781517029,3.401367664337158,0.037173528,0.10109177976846695,53,,,,,,,,,,,,
0.0001,7849,,,,,,,,,,,,,,,,,
,7849,0.43428340554237366,3.3272242546081543,0.004875175,0.096685812,53,,,,,,,,,,,,
0.0001,7899,,,,,,,,,,,,,,,,,
,7899,0.35420480370521545,2.2433969974517822,0.006764357,0.12310074269771576,53,,,,,,,,,,,,
,7937,,,,,53,0.4013831615447998,2.832557439804077,0.009547149,0.10858031362295151,,,,,,,,
,7937,,,,,53,,,,,0.3977375626564026,2.763575792312622,0.009924864,0.11145492643117905,,,,
0.0001,7949,,,,,,,,,,,,,,,,,
,7949,0.48599332571029663,3.506707191467285,0.008648396,0.12667420506477356,54,,,,,,,,,,,,
0.0001,7999,,,,,,,,,,,,,,,,,
,7999,0.40582549571990967,2.843158721923828,0.013036848977208138,0.10847274959087372,54,,,,,,,,,,,,
0.0001,8049,,,,,,,,,,,,,,,,,
,8049,0.4112338423728943,2.9803218841552734,0.006134151,0.10706751048564911,54,,,,,,,,,,,,
,8084,,,,,54,0.42943528294563293,3.0115773677825928,0.011696605943143368,0.11658082157373428,,,,,,,,
,8084,,,,,54,,,,,0.403630793,2.8376729488372803,0.010001559741795063,0.10986204445362091,,,,
0.0001,8099,,,,,,,,,,,,,,,,,
,8099,0.34560278058052063,2.145590305328369,0.006241602,0.1248021274805069,55,,,,,,,,,,,,
0.0001,8149,,,,,,,,,,,,,,,,,
,8149,0.3302304744720459,2.1615824699401855,0.008909252,0.10516300052404404,55,,,,,,,,,,,,
0.0001,8199,,,,,,,,,,,,,,,,,
,8199,0.5329536199569702,4.038097381591797,0.012069767341017723,0.11707401275634766,55,,,,,,,,,,,,
,8231,,,,,55,0.42399826645851135,2.970536708831787,0.009949709,0.11699488013982773,,,,,,,,
,8231,,,,,55,,,,,0.40068289637565613,2.782317876815796,0.011370540596544743,0.1110805943608284,,,,
0.0001,8249,,,,,,,,,,,,,,,,,
,8249,0.5229938626289368,4.164404392242432,0.008903915,0.097649463,56,,,,,,,,,,,,
0.0001,8299,,,,,,,,,,,,,,,,,
,8299,0.44575679302215576,3.4017786979675293,0.015297128,0.090281799,56,,,,,,,,,,,,
0.0001,8349,,,,,,,,,,,,,,,,,
,8349,0.5559844970703125,4.574984550476074,0.005685927,0.09280017,56,,,,,,,,,,,,
,8378,,,,,56,0.4162439703941345,2.909536123275757,0.011532505974173546,0.1137579008936882,,,,,,,,
,8378,,,,,56,,,,,0.4055539071559906,2.8482370376586914,0.010646533221006393,0.11008362472057343,,,,
0.0001,8399,,,,,,,,,,,,,,,,,
,8399,0.28885728120803833,1.5052434206008911,0.004671223,0.13366173207759857,57,,,,,,,,,,,,
0.0001,8449,,,,,,,,,,,,,,,,,
,8449,0.3990500867366791,2.437832832336426,0.011340186,0.14392659068107605,57,,,,,,,,,,,,
0.0001,8499,,,,,,,,,,,,,,,,,
,8499,0.3764443099498749,2.6480703353881836,0.013528222218155861,0.098109044,57,,,,,,,,,,,,
,8525,,,,,57,0.38902562856674194,2.679730176925659,0.008984807,0.11206776648759842,,,,,,,,
,8525,,,,,57,,,,,0.40332749485969543,2.798454761505127,0.010373977944254875,0.11310809850692749,,,,
0.0001,8549,,,,,,,,,,,,,,,,,
,8549,0.2667992115020752,1.6038979291915894,0.004396644,0.10201278328895569,58,,,,,,,,,,,,
0.0001,8599,,,,,,,,,,,,,,,,,
,8599,0.3953140676021576,2.556098699569702,0.015768385,0.12393581867218018,58,,,,,,,,,,,,
0.0001,8649,,,,,,,,,,,,,,,,,
,8649,0.3149411082267761,2.1196582317352295,0.013047579675912857,0.089927696,58,,,,,,,,,,,,
,8672,,,,,58,0.4019451141357422,2.809542179107666,0.013493358,0.1074974536895752,,,,,,,,
,8672,,,,,58,,,,,0.4059581160545349,2.8610589504241943,0.009819566,0.11003270745277405,,,,
0.0001,8699,,,,,,,,,,,,,,,,,
,8699,0.3796149492263794,2.960813283920288,0.006113248,0.077420346,59,,,,,,,,,,,,
0.0001,8749,,,,,,,,,,,,,,,,,
,8749,0.39849042892456055,2.783879041671753,0.016308937221765518,0.10379359871149063,59,,,,,,,,,,,,
0.0001,8799,,,,,,,,,,,,,,,,,
,8799,0.31394773721694946,2.0718584060668945,0.00335444,0.10340742766857147,59,,,,,,,,,,,,
,8819,,,,,59,0.39649298787117004,2.706678867340088,0.01294719,0.11287794262170792,,,,,,,,
,8819,,,,,59,,,,,0.4088190197944641,2.9039299488067627,0.009647436,0.10877848416566849,,,,
0.0001,8849,,,,,,,,,,,,,,,,,
,8849,0.3797674775123596,2.981945514678955,0.004486038,0.077086903,60,,,,,,,,,,,,
0.0001,8899,,,,,,,,,,,,,,,,,
,8899,0.5801661014556885,4.926175117492676,0.00726538,0.080283269,60,,,,,,,,,,,,
0.0001,8949,,,,,,,,,,,,,,,,,
,8949,0.44846051931381226,3.4043068885803223,0.006989662,0.10104016959667206,60,,,,,,,,,,,,
,8966,,,,,60,0.41861382126808167,2.9499905109405518,0.009510599,0.11410420387983322,,,,,,,,
,8966,,,,,60,,,,,0.4033726155757904,2.820632219314575,0.010630445554852486,0.11067891865968704,,,,
0.0001,8999,,,,,,,,,,,,,,,,,
,8999,0.3475620746612549,2.643282890319824,0.012090314,0.071143478,61,,,,,,,,,,,,
0.0001,9049,,,,,,,,,,,,,,,,,
,9049,0.4445294141769409,3.4813382625579834,0.004024662,0.09237095,61,,,,,,,,,,,,
0.0001,9099,,,,,,,,,,,,,,,,,
,9099,0.5331121683120728,3.8675780296325684,0.003576806,0.14277753233909607,61,,,,,,,,,,,,
,9113,,,,,61,0.40783271193504333,2.8096864223480225,0.010686518,0.11617761105298996,,,,,,,,
,9113,,,,,61,,,,,0.41067826747894287,2.9124107360839844,0.011739257723093033,0.1076979786157608,,,,
0.0001,9149,,,,,,,,,,,,,,,,,
,9149,0.2637501060962677,1.7746353149414062,0.007470332,0.07881625,62,,,,,,,,,,,,
0.0001,9199,,,,,,,,,,,,,,,,,
,9199,0.40073034167289734,2.969966411590576,0.005986631,0.097747087,62,,,,,,,,,,,,
0.0001,9249,,,,,,,,,,,,,,,,,
,9249,0.38592585921287537,2.160562515258789,0.023792669,0.14607690274715424,62,,,,,,,,,,,,
,9260,,,,,62,0.4069938659667969,2.832479953765869,0.014178347773849964,0.10956751555204391,,,,,,,,
,9260,,,,,62,,,,,0.41031545400619507,2.8873391151428223,0.00976295,0.11181873828172684,,,,
0.0001,9299,,,,,,,,,,,,,,,,,
,9299,0.3028865456581116,1.893536925315857,0.005759126,0.10777375102043152,63,,,,,,,,,,,,
0.0001,9349,,,,,,,,,,,,,,,,,
,9349,0.5129376649856567,3.491530179977417,0.024548139423131943,0.13923649489879608,63,,,,,,,,,,,,
0.0001,9399,,,,,,,,,,,,,,,,,
,9399,0.29189109802246094,1.376509666442871,0.002858801,0.15138134360313416,63,,,,,,,,,,,,
,9407,,,,,63,0.39479321241378784,2.695833206176758,0.010409654,0.11480024456977844,,,,,,,,
,9407,,,,,63,,,,,0.40842553973197937,2.888735294342041,0.010426859371364117,0.10912501811981201,,,,
0.0001,9449,,,,,,,,,,,,,,,,,
,9449,0.4294890761375427,3.0457072257995605,0.005087237,0.11983108520507812,64,,,,,,,,,,,,
0.0001,9499,,,,,,,,,,,,,,,,,
,9499,0.29129621386528015,1.7823306322097778,0.003211493,0.1098516434431076,64,,,,,,,,,,,,
0.0001,9549,,,,,,,,,,,,,,,,,
,9549,0.3973771929740906,2.667877674102783,0.002946292,0.12764312326908112,64,,,,,,,,,,,,
,9554,,,,,64,0.413799912,2.912254571914673,0.012308683,0.11026572436094284,,,,,,,,
,9554,,,,,64,,,,,0.39949703216552734,2.800074577331543,0.010802322067320347,0.10868728905916214,,,,
0.0001,9599,,,,,,,,,,,,,,,,,
,9599,0.45381057262420654,3.4098126888275146,0.009323941,0.10350535809993744,65,,,,,,,,,,,,
0.0001,9649,,,,,,,,,,,,,,,,,
,9649,0.266887903,1.5421855449676514,0.002595871,0.11007347702980042,65,,,,,,,,,,,,
0.0001,9699,,,,,,,,,,,,,,,,,
,9699,0.33288609981536865,2.2383203506469727,0.003049781,0.1060042679309845,65,,,,,,,,,,,,
,9701,,,,,65,0.41818392276763916,2.9675769805908203,0.010899136774241924,0.11052697151899338,,,,,,,,
,9701,,,,,65,,,,,0.4032931923866272,2.835709333,0.009625794,0.11009638756513596,,,,
0.0001,9749,,,,,,,,,,,,,,,,,
,9749,0.631979227,5.128868103027344,0.003913107,0.11517929285764694,66,,,,,,,,,,,,
0.0001,9799,,,,,,,,,,,,,,,,,
,9799,0.4367780089378357,3.019423484802246,0.005464423,0.12937122583389282,66,,,,,,,,,,,,
,9848,,,,,66,0.416396827,2.9732980728149414,0.010144502855837345,0.10892251878976822,,,,,,,,
,9848,,,,,66,,,,,0.41573381423950195,2.933472156524658,0.011058826930820942,0.11132778972387314,,,,
0.0001,9849,,,,,,,,,,,,,,,,,
,9849,0.46142154932022095,3.563757896,0.005513384,0.099532388,67,,,,,,,,,,,,
0.0001,9899,,,,,,,,,,,,,,,,,
,9899,0.42015600204467773,2.9906420707702637,0.011281311511993408,0.10981051623821259,67,,,,,,,,,,,,
0.0001,9949,,,,,,,,,,,,,,,,,
,9949,0.3245062232017517,2.622828483581543,0.005567275,0.056656140834093094,67,,,,,,,,,,,,
,9995,,,,,67,0.4156729280948639,2.927029609680176,0.00932613,0.11364386230707169,,,,,,,,
,9995,,,,,67,,,,,0.4008737802505493,2.832303047180176,0.010571824386715889,0.10707177966833115,,,,
0.0001,9999,,,,,,,,,,,,,,,,,
,9999,0.4710828959941864,3.639483929,0.006075923,0.10105857998132706,68,,,,,,,,,,,,
0.0001,10049,,,,,,,,,,,,,,,,,
,10049,0.5012975335121155,3.939699411392212,0.012444667518138885,0.094882935,68,,,,,,,,,,,,
0.0001,10099,,,,,,,,,,,,,,,,,
,10099,0.4223715662956238,3.2315452098846436,0.011897307820618153,0.087319739,68,,,,,,,,,,,,
,10142,,,,,68,0.4063696265220642,2.8555707931518555,0.011649117,0.10916343331336975,,,,,,,,
,10142,,,,,68,,,,,0.39919984340667725,2.7546277046203613,0.010336623527109623,0.11340060830116272,,,,
0.0001,10149,,,,,,,,,,,,,,,,,
,10149,0.3068699240684509,1.8279811143875122,0.007667207,0.11640456318855286,69,,,,,,,,,,,,
0.0001,10199,,,,,,,,,,,,,,,,,
,10199,0.3742924630641937,2.965847969055176,0.009720269,0.067987397,69,,,,,,,,,,,,
0.0001,10249,,,,,,,,,,,,,,,,,
,10249,0.5542277693748474,4.226259708404541,0.005841094,0.12576067447662354,69,,,,,,,,,,,,
,10289,,,,,69,0.39103636145591736,2.679168939590454,0.00857394,0.11454545706510544,,,,,,,,
,10289,,,,,69,,,,,0.41308534145355225,2.9489786624908447,0.010414724238216877,0.10777280479669571,,,,
0.0001,10299,,,,,,,,,,,,,,,,,
,10299,0.29651665687561035,2.248317241668701,0.009887241,0.061797682,70,,,,,,,,,,,,
0.0001,10349,,,,,,,,,,,,,,,,,
,10349,0.4313240945339203,2.5162150859832764,0.013573145493865013,0.16612942516803741,70,,,,,,,,,,,,
0.0001,10399,,,,,,,,,,,,,,,,,
,10399,0.4267427921295166,3.098351001739502,0.00325508,0.11365257203578949,70,,,,,,,,,,,,
,10436,,,,,70,0.4001041352748871,2.7810323238372803,0.009745405,0.11225546896457672,,,,,,,,
,10436,,,,,70,,,,,0.4087473750114441,2.8742284774780273,0.009721899,0.11160264164209366,,,,
0.0001,10449,,,,,,,,,,,,,,,,,
,10449,0.35958951711654663,2.634830951690674,0.005478234,0.090628177,71,,,,,,,,,,,,
0.0001,10499,,,,,,,,,,,,,,,,,
,10499,0.3195033073425293,1.7340819835662842,0.007947234,0.13814786076545715,71,,,,,,,,,,,,
0.0001,10549,,,,,,,,,,,,,,,,,
,10549,0.5330454111099243,4.546234130859375,0.007656735,0.070765197,71,,,,,,,,,,,,
,10583,,,,,71,0.39594224095344543,2.707505226135254,0.010117458179593086,0.11507417261600494,,,,,,,,
,10583,,,,,71,,,,,0.4122838079929352,2.9243111610412598,0.011040505021810532,0.108812116,,,,
0.0001,10599,,,,,,,,,,,,,,,,,
,10599,0.3879457116127014,2.6132895946502686,0.003392923,0.12322384119033813,72,,,,,,,,,,,,
0.0001,10649,,,,,,,,,,,,,,,,,
,10649,0.491300106,3.8906965255737305,0.003142124,0.099088296,72,,,,,,,,,,,,
0.0001,10699,,,,,,,,,,,,,,,,,
,10699,0.5208064317703247,4.057894229888916,0.010817119851708412,0.1041998639702797,72,,,,,,,,,,,,
,10730,,,,,72,0.42947715520858765,2.987050771713257,0.011424764059484005,0.11934726685285568,,,,,,,,
,10730,,,,,72,,,,,0.4101148545742035,2.901193618774414,0.009171323,0.11082424968481064,,,,
0.0001,10749,,,,,,,,,,,,,,,,,
,10749,0.29855942726135254,1.7398285865783691,0.009078648,0.11549792438745499,73,,,,,,,,,,,,
0.0001,10799,,,,,,,,,,,,,,,,,
,10799,0.4225260019302368,3.1008708477020264,0.008566249,0.10387269407510757,73,,,,,,,,,,,,
0.0001,10849,,,,,,,,,,,,,,,,,
,10849,0.4629708528518677,3.1183300018310547,0.007255717,0.1438821256160736,73,,,,,,,,,,,,
,10877,,,,,73,0.39402320981025696,2.736685037612915,0.007958413,0.11239627003669739,,,,,,,,
,10877,,,,,73,,,,,0.40752583742141724,2.856295108795166,0.009989625,0.11190691590309143,,,,
0.0001,10899,,,,,,,,,,,,,,,,,
,10899,0.48478084802627563,3.7556402683258057,0.010423206,0.098793611,74,,,,,,,,,,,,
0.0001,10949,,,,,,,,,,,,,,,,,
,10949,0.6463890075683594,4.9698662757873535,0.020492350682616234,0.12891007959842682,74,,,,,,,,,,,,
0.0001,10999,,,,,,,,,,,,,,,,,
,10999,0.44815775752067566,3.3729639053344727,0.01150842,0.099352956,74,,,,,,,,,,,,
,11024,,,,,74,0.40088745951652527,2.7782175540924072,0.009559317,0.11350636929273605,,,,,,,,
,11024,,,,,74,,,,,0.3986952304840088,2.777324914932251,0.010695667937397957,0.11026707291603088,,,,
0.0001,11049,,,,,,,,,,,,,,,,,
,11049,0.39509737491607666,2.8975846767425537,0.006569045,0.098769844,75,,,,,,,,,,,,
0.0001,11099,,,,,,,,,,,,,,,,,
,11099,0.420633465,2.7875218391418457,0.003698947,0.1381823718547821,75,,,,,,,,,,,,
0.0001,11149,,,,,,,,,,,,,,,,,
,11149,0.5025334358215332,3.6449904441833496,0.026376590132713318,0.11165780574083328,75,,,,,,,,,,,,
,11171,,,,,75,0.41094711422920227,2.837834119796753,0.011578554287552834,0.1155850812792778,,,,,,,,
,11171,,,,,75,,,,,0.3997702896595001,2.757188081741333,0.010068480856716633,0.11398287862539291,,,,
0.0001,11199,,,,,,,,,,,,,,,,,
,11199,0.5501577854156494,3.997771739959717,0.010271735489368439,0.14010891318321228,76,,,,,,,,,,,,
0.0001,11249,,,,,,,,,,,,,,,,,
,11249,0.3405734896659851,2.328416347503662,0.007617112,0.10011474788188934,76,,,,,,,,,,,,
0.0001,11299,,,,,,,,,,,,,,,,,
,11299,0.48960888385772705,4.005365849,0.006171276,0.082901046,76,,,,,,,,,,,,
,11318,,,,,76,0.4091508388519287,2.8400678634643555,0.013125573,0.1120184138417244,,,,,,,,
,11318,,,,,76,,,,,0.41691628098487854,2.9655659198760986,0.010178694501519203,0.11018096655607224,,,,
0.0001,11349,,,,,,,,,,,,,,,,,
,11349,0.36453017592430115,2.499595880508423,0.007601098,0.10696950554847717,77,,,,,,,,,,,,
0.0001,11399,,,,,,,,,,,,,,,,,
,11399,0.3766102194786072,2.990886926651001,0.004002019,0.07351952,77,,,,,,,,,,,,
0.0001,11449,,,,,,,,,,,,,,,,,
,11449,0.4283733069896698,3.1981444358825684,0.009368004,0.099190846,77,,,,,,,,,,,,
,11465,,,,,77,0.3945152461528778,2.726588010787964,0.008301562,0.11355485767126083,,,,,,,,
,11465,,,,,77,,,,,0.3943241834640503,2.749774932861328,0.009651192,0.1096954494714737,,,,
0.0001,11499,,,,,,,,,,,,,,,,,
,11499,0.3233886957168579,2.022860050201416,0.006079043,0.1150236427783966,78,,,,,,,,,,,,
0.0001,11549,,,,,,,,,,,,,,,,,
,11549,0.42793262004852295,2.7727577686309814,0.034982822835445404,0.11567401140928268,78,,,,,,,,,,,,
0.0001,11599,,,,,,,,,,,,,,,,,
,11599,0.331726074,2.0532331466674805,0.009174223,0.11722853779792786,78,,,,,,,,,,,,
,11612,,,,,78,0.3937842547893524,2.720243215560913,0.011945681646466255,0.1098141223192215,,,,,,,,
,11612,,,,,78,,,,,0.40203675627708435,2.803006649017334,0.009515113,0.11222091317176819,,,,
0.0001,11649,,,,,,,,,,,,,,,,,
,11649,0.4335426092147827,3.4641308784484863,0.006881987,0.080247536,79,,,,,,,,,,,,
0.0001,11699,,,,,,,,,,,,,,,,,
,11699,0.5236087441444397,3.335354804992676,0.032415949,0.15765732526779175,79,,,,,,,,,,,,
0.0001,11749,,,,,,,,,,,,,,,,,
,11749,0.5434452295303345,3.9716410636901855,0.00838805,0.13789305090904236,79,,,,,,,,,,,,
,11759,,,,,79,0.42474979162216187,2.995730162,0.008012786,0.1171640157699585,,,,,,,,
,11759,,,,,79,,,,,0.407002717,2.8746628761291504,0.010219676420092583,0.10931671410799026,,,,
0.0001,11799,,,,,,,,,,,,,,,,,
,11799,0.31635963916778564,2.3227145671844482,0.002951655,0.081136517,80,,,,,,,,,,,,
0.0001,11849,,,,,,,,,,,,,,,,,
,11849,0.3730105757713318,2.306570529937744,0.007336728,0.13501682877540588,80,,,,,,,,,,,,
0.0001,11899,,,,,,,,,,,,,,,,,
,11899,0.3749552071094513,2.607611894607544,0.003387688,0.11080635339021683,80,,,,,,,,,,,,
,11906,,,,,80,0.39378872513771057,2.766968250274658,0.011007461,0.10608433187007904,,,,,,,,
,11906,,,,,80,,,,,0.3982064425945282,2.772113084793091,0.010080359876155853,0.11091484874486923,,,,
0.0001,11949,,,,,,,,,,,,,,,,,
,11949,0.43497705459594727,3.3733010292053223,0.009440498,0.088206403,81,,,,,,,,,,,,
0.0001,11999,,,,,,,,,,,,,,,,,
,11999,0.595559835,4.619903564453125,0.017527207732200623,0.11604224145412445,81,,,,,,,,,,,,
0.0001,12049,,,,,,,,,,,,,,,,,
,12049,0.41336575150489807,3.339635133743286,0.005538871,0.073863365,81,,,,,,,,,,,,
,12053,,,,,81,0.4144600033760071,2.936805486679077,0.013066015,0.10771345347166061,,,,,,,,
,12053,,,,,81,,,,,0.399787962,2.813915967941284,0.010445598,0.10795087367296219,,,,
0.0001,12099,,,,,,,,,,,,,,,,,
,12099,0.3973042368888855,2.8455958366394043,0.017723405733704567,0.095021218,82,,,,,,,,,,,,
0.0001,12149,,,,,,,,,,,,,,,,,
,12149,0.5294477343559265,3.4743876457214355,0.021158970892429352,0.16085000336170197,82,,,,,,,,,,,,
0.0001,12199,,,,,,,,,,,,,,,,,
,12199,0.39308762550354004,2.7895801067352295,0.006937698,0.10719187557697296,82,,,,,,,,,,,,
,12200,,,,,82,0.4270617961883545,3.013350009918213,0.011413792,0.11431289464235306,,,,,,,,
,12200,,,,,82,,,,,0.4034925401210785,2.810899019241333,0.010902700014412403,0.1114998385310173,,,,
0.0001,12249,,,,,,,,,,,,,,,,,
,12249,0.39746803045272827,2.642119884490967,0.013885675929486752,0.11937034130096436,83,,,,,,,,,,,,
0.0001,12299,,,,,,,,,,,,,,,,,
,12299,0.4233388900756836,3.0211093425750732,0.010456877760589123,0.11077110469341278,83,,,,,,,,,,,,
,12347,,,,,83,0.4074239432811737,2.921264886856079,0.010559262,0.10473819822072983,,,,,,,,
,12347,,,,,83,,,,,0.4057231843471527,2.8348350524902344,0.009602359,0.11263735592365265,,,,
0.0001,12349,,,,,,,,,,,,,,,,,
,12349,0.39514490962028503,2.7079920768737793,0.021816872,0.10252881050109863,84,,,,,,,,,,,,
0.0001,12399,,,,,,,,,,,,,,,,,
,12399,0.4193825125694275,2.8695380687713623,0.01575201,0.11667671799659729,84,,,,,,,,,,,,
0.0001,12449,,,,,,,,,,,,,,,,,
,12449,0.40565985441207886,2.5935730934143066,0.002614754,0.14368776977062225,84,,,,,,,,,,,,
,12494,,,,,84,0.4141671061515808,2.9039173126220703,0.010626153089106083,0.11314917355775833,,,,,,,,
,12494,,,,,84,,,,,0.39976152777671814,2.8055918216705322,0.010033512,0.10916882008314133,,,,
0.0001,12499,,,,,,,,,,,,,,,,,
,12499,0.4039437472820282,3.139335870742798,0.004570853,0.085439302,85,,,,,,,,,,,,
0.0001,12549,,,,,,,,,,,,,,,,,
,12549,0.3575112819671631,2.2558772563934326,0.003130638,0.1287929117679596,85,,,,,,,,,,,,
0.0001,12599,,,,,,,,,,,,,,,,,
,12599,0.3205413818359375,2.0340118408203125,0.006602616,0.11053760349750519,85,,,,,,,,,,,,
,12641,,,,,85,0.4163358211517334,2.949132204055786,0.010921573266386986,0.11050096154212952,,,,,,,,
,12641,,,,,85,,,,,0.39613938331604004,2.7940006256103516,0.009952938,0.10678624361753464,,,,
0.0001,12649,,,,,,,,,,,,,,,,,
,12649,0.340432733,2.626788616,0.002612803,0.075141042,86,,,,,,,,,,,,
0.0001,12699,,,,,,,,,,,,,,,,,
,12699,0.38051939010620117,2.857928753,0.005530733,0.089195795,86,,,,,,,,,,,,
0.0001,12749,,,,,,,,,,,,,,,,,
,12749,0.37591296434402466,2.7416300773620605,0.011997032910585403,0.089752898,86,,,,,,,,,,,,
,12788,,,,,86,0.40947556495666504,2.765087127685547,0.015331784263253212,0.11763522773981094,,,,,,,,
,12788,,,,,86,,,,,0.3996501863002777,2.8081014156341553,0.009573833,0.10926622897386551,,,,
0.0001,12799,,,,,,,,,,,,,,,,,
,12799,0.36493581533432007,2.6482019424438477,0.004045354,0.09607023,87,,,,,,,,,,,,
0.0001,12849,,,,,,,,,,,,,,,,,
,12849,0.3514305651187897,2.415146827697754,0.003508168,0.10640770941972733,87,,,,,,,,,,,,
0.0001,12899,,,,,,,,,,,,,,,,,
,12899,0.3637070059776306,2.6539597511291504,0.008831829,0.089479223,87,,,,,,,,,,,,
,12935,,,,,87,0.40085768699645996,2.7903902530670166,0.008542465,0.1132761538028717,,,,,,,,
,12935,,,,,87,,,,,0.39294660091400146,2.769709825515747,0.009247025,0.10672856122255325,,,,
0.0001,12949,,,,,,,,,,,,,,,,,
,12949,0.49867984652519226,3.402237654,0.038314346224069595,0.12014175951480865,88,,,,,,,,,,,,
0.0001,12999,,,,,,,,,,,,,,,,,
,12999,0.32546722888946533,2.040191411972046,0.005224564,0.1162235364317894,88,,,,,,,,,,,,
0.0001,13049,,,,,,,,,,,,,,,,,
,13049,0.3248673677444458,1.953494906425476,0.002989648,0.12652821838855743,88,,,,,,,,,,,,
,13082,,,,,88,0.40286487340927124,2.8034636974334717,0.008742168,0.11377636343240738,,,,,,,,
,13082,,,,,88,,,,,0.40371423959732056,2.829606056213379,0.010184507817029953,0.11056911945343018,,,,
0.0001,13099,,,,,,,,,,,,,,,,,
,13099,0.4103369116783142,3.124488353729248,0.015083065256476402,0.082805015,89,,,,,,,,,,,,
0.0001,13149,,,,,,,,,,,,,,,,,
,13149,0.5073126554489136,4.006286621,0.010667749680578709,0.096016228,89,,,,,,,,,,,,
0.0001,13199,,,,,,,,,,,,,,,,,
,13199,0.45703649520874023,3.429150104522705,0.006527921,0.10759356617927551,89,,,,,,,,,,,,
,13229,,,,,89,0.4212132394313812,2.8944883346557617,0.016084,0.11568038910627365,,,,,,,,
,13229,,,,,89,,,,,0.39941146969795227,2.786802053451538,0.010862031020224094,0.10986944288015366,,,,
0.0001,13249,,,,,,,,,,,,,,,,,
,13249,0.3563035726547241,2.344226837158203,0.012158945202827454,0.10972192883491516,90,,,,,,,,,,,,
0.0001,13299,,,,,,,,,,,,,,,,,
,13299,0.41850417852401733,2.8320155143737793,0.007982876,0.12731978297233582,90,,,,,,,,,,,,
0.0001,13349,,,,,,,,,,,,,,,,,
,13349,0.424045205,3.051762104034424,0.007291695,0.1115773469209671,90,,,,,,,,,,,,
,13376,,,,,90,0.4113048315048218,2.7962896823883057,0.013121104,0.11855471134185791,,,,,,,,
,13376,,,,,90,,,,,0.40660524368286133,2.8641159534454346,0.010120176710188389,0.11007343977689743,,,,
0.0001,13399,,,,,,,,,,,,,,,,,
,13399,0.37790071964263916,2.890247344970703,0.008581113,0.080294877,91,,,,,,,,,,,,
0.0001,13449,,,,,,,,,,,,,,,,,
,13449,0.4073963463306427,3.0472280979156494,0.005094194,0.097579338,91,,,,,,,,,,,,
0.0001,13499,,,,,,,,,,,,,,,,,
,13499,0.3045174479484558,2.061802625656128,0.00709154,0.091245666,91,,,,,,,,,,,,
,13523,,,,,91,0.4085458219051361,2.9382028579711914,0.011768313124775887,0.10295738279819489,,,,,,,,
,13523,,,,,91,,,,,0.4033606946468353,2.8556272983551025,0.010634362697601318,0.10716347396373749,,,,
0.0001,13549,,,,,,,,,,,,,,,,,
,13549,0.4196450710296631,3.0071849822998047,0.014539982192218304,0.1043865904211998,92,,,,,,,,,,,,
0.0001,13599,,,,,,,,,,,,,,,,,
,13599,0.48065564036369324,3.605860710144043,0.007465992,0.11260356,92,,,,,,,,,,,,
0.0001,13649,,,,,,,,,,,,,,,,,
,13649,0.409773052,3.0048680305480957,0.00390496,0.10538129508495331,92,,,,,,,,,,,,
,13670,,,,,92,0.40102604031562805,2.8085098266601562,0.011488706,0.10868629068136215,,,,,,,,
,13670,,,,,92,,,,,0.4076540768146515,2.8982512950897217,0.011876791715621948,0.10595213621854782,,,,
0.0001,13699,,,,,,,,,,,,,,,,,
,13699,0.3483818769454956,2.751040458679199,0.004161576,0.069116265,93,,,,,,,,,,,,
0.0001,13749,,,,,,,,,,,,,,,,,
,13749,0.33111661672592163,2.1098597049713135,0.00293488,0.11719575524330139,93,,,,,,,,,,,,
0.0001,13799,,,,,,,,,,,,,,,,,
,13799,0.5675219297409058,4.212140083312988,0.010524466633796692,0.13578340411186218,93,,,,,,,,,,,,
,13817,,,,,93,0.40783876180648804,2.8862645626068115,0.009067202,0.11014512926340103,,,,,,,,
,13817,,,,,93,,,,,0.39876312017440796,2.7908341884613037,0.009318011,0.11036165058612823,,,,
0.0001,13849,,,,,,,,,,,,,,,,,
,13849,0.4851187467575073,3.817148208618164,0.007341809,0.096062094,94,,,,,,,,,,,,
0.0001,13899,,,,,,,,,,,,,,,,,
,13899,0.5726198554039001,4.044161796569824,0.028917549178004265,0.1392860859632492,94,,,,,,,,,,,,
0.0001,13949,,,,,,,,,,,,,,,,,
,13949,0.4066404104232788,2.7317755222320557,0.004687468,0.12877537310123444,94,,,,,,,,,,,,
,13964,,,,,94,0.4009878635406494,2.832296371459961,0.009675442,0.10808272659778595,,,,,,,,
,13964,,,,,94,,,,,0.40930071473121643,2.846876859664917,0.012097299098968506,0.1125156506896019,,,,
0.0001,13999,,,,,,,,,,,,,,,,,
,13999,0.3189769983291626,1.995560884475708,0.011119926,0.10830096900463104,95,,,,,,,,,,,,
0.0001,14049,,,,,,,,,,,,,,,,,
,14049,0.42778903245925903,3.020939826965332,0.012721741572022438,0.11297330260276794,95,,,,,,,,,,,,
0.0001,14099,,,,,,,,,,,,,,,,,
,14099,0.3882617950439453,2.5812363624572754,0.019421147,0.11071701347827911,95,,,,,,,,,,,,
,14111,,,,,95,0.3966061472892761,2.827022075653076,0.010553590953350067,0.10335040837526321,,,,,,,,
,14111,,,,,95,,,,,0.40577244758605957,2.8652446269989014,0.008881638,0.11036648601293564,,,,
0.0001,14149,,,,,,,,,,,,,,,,,
,14149,0.3744993209838867,2.8327090740203857,0.003972028,0.087256402,96,,,,,,,,,,,,
0.0001,14199,,,,,,,,,,,,,,,,,
,14199,0.5306718349456787,4.283367156982422,0.004069665,0.098265469,96,,,,,,,,,,,,
0.0001,14249,,,,,,,,,,,,,,,,,
,14249,0.3961362838745117,2.7457070350646973,0.007014649,0.11455090343952179,96,,,,,,,,,,,,
,14258,,,,,96,0.39973318576812744,2.8270602226257324,0.009248852,0.10777825117111206,,,,,,,,
,14258,,,,,96,,,,,0.40298232436180115,2.7969460487365723,0.011536167934536934,0.11175152659416199,,,,
0.0001,14299,,,,,,,,,,,,,,,,,
,14299,0.4268735349178314,2.5945847034454346,0.00937291,0.15804216265678406,97,,,,,,,,,,,,
0.0001,14349,,,,,,,,,,,,,,,,,
,14349,0.5164186954498291,4.159605026245117,0.007645969,0.092812203,97,,,,,,,,,,,,
0.0001,14399,,,,,,,,,,,,,,,,,
,14399,0.3643994629383087,2.8723068237304688,0.015589576214551926,0.061579179018735886,97,,,,,,,,,,,,
,14405,,,,,97,0.4029563367366791,2.8783576488494873,0.008418069,0.10670251399278641,,,,,,,,
,14405,,,,,97,,,,,0.40570926666259766,2.883371114730835,0.010965732857584953,0.10640636831521988,,,,
0.0001,14449,,,,,,,,,,,,,,,,,
,14449,0.3938449025154114,2.585254669189453,0.011993404477834702,0.12332604825496674,98,,,,,,,,,,,,
0.0001,14499,,,,,,,,,,,,,,,,,
,14499,0.5178595781326294,3.7586894035339355,0.014992916025221348,0.1269976794719696,98,,,,,,,,,,,,
0.0001,14549,,,,,,,,,,,,,,,,,
,14549,0.3840232491493225,2.369641065597534,0.00466529,0.14239385724067688,98,,,,,,,,,,,,
,14552,,,,,98,0.42408517003059387,3.0081541538238525,0.012130082584917545,0.111139677,,,,,,,,
,14552,,,,,98,,,,,0.397222102,2.752624988555908,0.009672104,0.1122874766588211,,,,
0.0001,14599,,,,,,,,,,,,,,,,,
,14599,0.3364819884300232,2.613769054412842,0.003338711,0.071766354,99,,,,,,,,,,,,
0.0001,14649,,,,,,,,,,,,,,,,,
,14649,0.4290430247783661,3.3310186862945557,0.010262987576425076,0.08567813,99,,,,,,,,,,,,
0.0001,14699,,,,,,,,,,,,,,,,,
,14699,0.5205435752868652,4.031774520874023,0.011125467717647552,0.10624059289693832,99,,,,,,,,,,,,
,14699,,,,,99,0.41972965002059937,3.0279197692871094,0.010147436521947384,0.10679026693105698,,,,,,,,
,14699,,,,,99,,,,,0.4031824767589569,2.8669209480285645,0.010968975722789764,0.10552148520946503,,,,
0.0001,14749,,,,,,,,,,,,,,,,,
,14749,0.39271169900894165,2.6829609870910645,0.011076189577579498,0.11333941668272018,100,,,,,,,,,,,,
0.0001,14799,,,,,,,,,,,,,,,,,
,14799,0.3991304039955139,2.752319336,0.009656184,0.11424224823713303,100,,,,,,,,,,,,
,14846,,,,,100,0.40333113074302673,2.8009519577026367,0.012073616497218609,0.11116233468055725,,,,,,,,
,14846,,,,,100,,,,,0.4012329578399658,2.8130719661712646,0.009163118,0.1107625737786293,,,,
0.0001,14849,,,,,,,,,,,,,,,,,
,14849,0.28789061307907104,1.7603082656860352,0.004343321,0.10751647502183914,101,,,,,,,,,,,,
0.0001,14899,,,,,,,,,,,,,,,,,
,14899,0.3750220537185669,2.4366159439086914,0.009226907,0.1221335232257843,101,,,,,,,,,,,,
0.0001,14949,,,,,,,,,,,,,,,,,
,14949,0.4440014958381653,3.1880664825439453,0.007701981,0.11749286949634552,101,,,,,,,,,,,,
,14993,,,,,101,0.41638150811195374,2.888012170791626,0.011592232622206211,0.11598795652389526,,,,,,,,
,14993,,,,,101,,,,,0.4118445813655853,2.925929546356201,0.011215191334486008,0.10803657,,,,
0.0001,14999,,,,,,,,,,,,,,,,,
,14999,0.3734467625617981,2.4495723247528076,0.007615905,0.12087365984916687,102,,,,,,,,,,,,
0.0001,15049,,,,,,,,,,,,,,,,,
,15049,0.31313419342041016,2.056633949279785,0.005140497,0.10233031213283539,102,,,,,,,,,,,,
0.0001,15099,,,,,,,,,,,,,,,,,
,15099,0.4359813630580902,3.159162759780884,0.005871891,0.11419318616390228,102,,,,,,,,,,,,
,15140,,,,,102,0.42837440967559814,3.0267772674560547,0.010465275,0.11523140221834183,,,,,,,,
,15140,,,,,102,,,,,0.3990088999271393,2.8024826049804688,0.00958931,0.10917139798402786,,,,
0.0001,15149,,,,,,,,,,,,,,,,,
,15149,0.37361663579940796,2.874121666,0.006191962,0.080012508,103,,,,,,,,,,,,
0.0001,15199,,,,,,,,,,,,,,,,,
,15199,0.36279773712158203,2.5913615226745605,0.003923916,0.099737674,103,,,,,,,,,,,,
0.0001,15249,,,,,,,,,,,,,,,,,
,15249,0.4270206093788147,2.7309093475341797,0.007748452,0.14618121087551117,103,,,,,,,,,,,,
,15287,,,,,103,0.41762611269950867,2.910186529159546,0.013278583064675331,0.11332889646291733,,,,,,,,
,15287,,,,,103,,,,,0.40242812037467957,2.8034746646881104,0.011895260773599148,0.11018528044223785,,,,
0.0001,15299,,,,,,,,,,,,,,,,,
,15299,0.3619523048400879,2.600243091583252,0.004095166,0.097832806,104,,,,,,,,,,,,
0.0001,15349,,,,,,,,,,,,,,,,,
,15349,0.4076339304447174,3.194758415222168,0.003001847,0.085156277,104,,,,,,,,,,,,
0.0001,15399,,,,,,,,,,,,,,,,,
,15399,0.44596514105796814,3.0088424682617188,0.010124708525836468,0.13495618104934692,104,,,,,,,,,,,,
,15434,,,,,104,0.4108813405036926,2.834196090698242,0.012417835183441639,0.11504393070936203,,,,,,,,
,15434,,,,,104,,,,,0.40583178400993347,2.882504940032959,0.009491839,0.10808944702148438,,,,
0.0001,15449,,,,,,,,,,,,,,,,,
,15449,0.33394190669059753,2.1277012825012207,0.002252023,0.1189197301864624,105,,,,,,,,,,,,
0.0001,15499,,,,,,,,,,,,,,,,,
,15499,0.5513699650764465,4.2183403968811035,0.022384744,0.10715120285749435,105,,,,,,,,,,,,
0.0001,15549,,,,,,,,,,,,,,,,,
,15549,0.35327017307281494,2.187422275543213,0.00657583,0.12795212864875793,105,,,,,,,,,,,,
,15581,,,,,105,0.39602819085121155,2.7864768505096436,0.00766138,0.10971910506486893,,,,,,,,
,15581,,,,,105,,,,,0.4023379981517792,2.8391623497009277,0.009255938,0.10916576534509659,,,,
0.0001,15599,,,,,,,,,,,,,,,,,
,15599,0.35378533601760864,2.5197653770446777,0.009729616,0.092079177,106,,,,,,,,,,,,
0.0001,15649,,,,,,,,,,,,,,,,,
,15649,0.26804274320602417,1.680370569229126,0.004602588,0.09540309,106,,,,,,,,,,,,
0.0001,15699,,,,,,,,,,,,,,,,,
,15699,0.33551323413848877,1.973101258277893,0.00665002,0.13155309855937958,106,,,,,,,,,,,,
,15728,,,,,106,0.40896663069725037,2.7918508052825928,0.011772206984460354,0.11800935864448547,,,,,,,,
,15728,,,,,106,,,,,0.4086000323295593,2.895390748977661,0.010913628153502941,0.10814735293388367,,,,
0.0001,15749,,,,,,,,,,,,,,,,,
,15749,0.4019377529621124,2.4156763553619385,0.003550207,0.1568199247121811,107,,,,,,,,,,,,
0.0001,15799,,,,,,,,,,,,,,,,,
,15799,0.28028857707977295,1.7051984071731567,0.008492996,0.1012757420539856,107,,,,,,,,,,,,
0.0001,15849,,,,,,,,,,,,,,,,,
,15849,0.3220393657684326,1.5438745021820068,0.004423507,0.16322839260101318,107,,,,,,,,,,,,
,15875,,,,,107,0.41970303654670715,2.9950063228607178,0.010672312,0.10953012853860855,,,,,,,,
,15875,,,,,107,,,,,0.39830663800239563,2.7716197967529297,0.011629653163254261,0.10951504111289978,,,,
0.0001,15899,,,,,,,,,,,,,,,,,
,15899,0.39122816920280457,3.0606541633605957,0.017520001158118248,0.067642763,108,,,,,,,,,,,,
0.0001,15949,,,,,,,,,,,,,,,,,
,15949,0.368914396,2.4353699684143066,0.035287052392959595,0.090090334,108,,,,,,,,,,,,
0.0001,15999,,,,,,,,,,,,,,,,,
,15999,0.4039279818534851,3.293339252471924,0.008620875,0.065973133,108,,,,,,,,,,,,
,16022,,,,,108,0.4202343225479126,2.97322154,0.010786294005811214,0.11212584376335144,,,,,,,,
,16022,,,,,108,,,,,0.4120422601699829,2.891671657562256,0.012021579779684544,0.11085327714681625,,,,
0.0001,16049,,,,,,,,,,,,,,,,,
,16049,0.36722466349601746,2.6811611652374268,0.016111469,0.082997069,109,,,,,,,,,,,,
0.0001,16099,,,,,,,,,,,,,,,,,
,16099,0.38892191648483276,2.717755079269409,0.00973759,0.10740882158279419,109,,,,,,,,,,,,
0.0001,16149,,,,,,,,,,,,,,,,,
,16149,0.35992956161499023,2.4827866554260254,0.037413623,0.074237265,109,,,,,,,,,,,,
,16169,,,,,109,0.40643468499183655,2.856696128845215,0.010160021483898163,0.11060509085655212,,,,,,,,
,16169,,,,,109,,,,,0.4092235267162323,2.899081230163574,0.010935910046100616,0.10837945342063904,,,,
0.0001,16199,,,,,,,,,,,,,,,,,
,16199,0.3785454332828522,2.4218087196350098,0.0086511,0.12771344184875488,110,,,,,,,,,,,,
0.0001,16249,,,,,,,,,,,,,,,,,
,16249,0.37735652923583984,2.624190092086792,0.005974432,0.10896305739879608,110,,,,,,,,,,,,
0.0001,16299,,,,,,,,,,,,,,,,,
,16299,0.40688198804855347,3.1871213912963867,0.007711364,0.080458485,110,,,,,,,,,,,,
,16316,,,,,110,0.4066254198551178,2.874943971633911,0.008643179,0.11048781126737595,,,,,,,,
,16316,,,,,110,,,,,0.4069296419620514,2.8498451709747314,0.010476909577846527,0.11146820336580276,,,,
0.0001,16349,,,,,,,,,,,,,,,,,
,16349,0.4220917224884033,3.1331052780151367,0.015401940792798996,0.093379274,111,,,,,,,,,,,,
0.0001,16399,,,,,,,,,,,,,,,,,
,16399,0.5014389157295227,3.836125373840332,0.005077705,0.1127486377954483,111,,,,,,,,,,,,
0.0001,16449,,,,,,,,,,,,,,,,,
,16449,0.46659472584724426,3.4343185424804688,0.006795776,0.11636710166931152,111,,,,,,,,,,,,
,16463,,,,,111,0.39325082302093506,2.742184638977051,0.012804128229618073,0.10622820258140564,,,,,,,,
,16463,,,,,111,,,,,0.41116267442703247,2.8958940505981445,0.010575147345662117,0.11099822074174881,,,,
0.0001,16499,,,,,,,,,,,,,,,,,
,16499,0.3176918029785156,2.079705238342285,0.003304176,0.10641713440418243,112,,,,,,,,,,,,
0.0001,16549,,,,,,,,,,,,,,,,,
,16549,0.48930686712265015,3.684332847595215,0.042016737163066864,0.078856826,112,,,,,,,,,,,,
0.0001,16599,,,,,,,,,,,,,,,,,
,16599,0.42876651883125305,3.524113178253174,0.004556136,0.071799025,112,,,,,,,,,,,,
,16610,,,,,112,0.42321154475212097,2.9757919311523438,0.012485798448324203,0.11314651370048523,,,,,,,,
,16610,,,,,112,,,,,0.39921677112579346,2.8206076622009277,0.010319104418158531,0.10683687776327133,,,,
0.0001,16649,,,,,,,,,,,,,,,,,
,16649,0.3849690556526184,2.998110055923462,0.008097662,0.077060416,113,,,,,,,,,,,,
0.0001,16699,,,,,,,,,,,,,,,,,
,16699,0.32734060287475586,2.2652649879455566,0.028560375794768333,0.072253719,113,,,,,,,,,,,,
0.0001,16749,,,,,,,,,,,,,,,,,
,16749,0.25903618335723877,1.8186793327331543,0.002812913,0.074355334,113,,,,,,,,,,,,
,16757,,,,,113,0.4166175127029419,2.886862277984619,0.012275639921426773,0.11565560847520828,,,,,,,,
,16757,,,,,113,,,,,0.4030272364616394,2.8447413444519043,0.010202787816524506,0.10835037380456924,,,,
0.0001,16799,,,,,,,,,,,,,,,,,
,16799,0.3447139859199524,2.566636323928833,0.007394568,0.080655798,114,,,,,,,,,,,,
0.0001,16849,,,,,,,,,,,,,,,,,
,16849,0.49179553985595703,3.854609966278076,0.019352441653609276,0.086982116,114,,,,,,,,,,,,
0.0001,16899,,,,,,,,,,,,,,,,,
,16899,0.4050551652908325,2.967346668243408,0.009915254,0.098405264,114,,,,,,,,,,,,
,16904,,,,,114,0.4133801758289337,2.963056802749634,0.009347504,0.10772697627544403,,,,,,,,
,16904,,,,,114,,,,,0.4035722017288208,2.8507492542266846,0.010795099660754204,0.10770215839147568,,,,
0.0001,16949,,,,,,,,,,,,,,,,,
,16949,0.442119837,2.9554710388183594,0.00542929,0.14114342629909515,115,,,,,,,,,,,,
0.0001,16999,,,,,,,,,,,,,,,,,
,16999,0.3920934200286865,2.713876247406006,0.004484032,0.11622176319360733,115,,,,,,,,,,,,
0.0001,17049,,,,,,,,,,,,,,,,,
,17049,0.39829176664352417,2.7384376525878906,0.008504184,0.11594384163618088,115,,,,,,,,,,,,
,17051,,,,,115,0.4291830360889435,3.0152053833007812,0.012153765186667442,0.11550892144441605,,,,,,,,
,17051,,,,,115,,,,,0.3988499939441681,2.8195431232452393,0.009029847,0.10786592215299606,,,,
0.0001,17099,,,,,,,,,,,,,,,,,
,17099,0.490916908,3.0893683433532715,0.042971495538949966,0.13900861144065857,116,,,,,,,,,,,,
0.0001,17149,,,,,,,,,,,,,,,,,
,17149,0.33971157670021057,2.403700351715088,0.011622749269008636,0.0877188,116,,,,,,,,,,,,
,17198,,,,,116,0.41689565777778625,2.9998319149017334,0.00762053,0.1092919260263443,,,,,,,,
,17198,,,,,116,,,,,0.4015379548072815,2.833509922027588,0.008967241,0.10921968519687653,,,,
0.0001,17199,,,,,,,,,,,,,,,,,
,17199,0.3946992754936218,2.7603185176849365,0.007248791,0.11141863465309143,117,,,,,,,,,,,,
0.0001,17249,,,,,,,,,,,,,,,,,
,17249,0.30571413040161133,2.4104743003845215,0.002767223,0.061899476,117,,,,,,,,,,,,
0.0001,17299,,,,,,,,,,,,,,,,,
,17299,0.3540309965610504,2.527144193649292,0.003230923,0.098085649,117,,,,,,,,,,,,
,17345,,,,,117,0.39332008361816406,2.696992874145508,0.009960784,0.11366003006696701,,,,,,,,
,17345,,,,,117,,,,,0.40311887860298157,2.830893039703369,0.009161566,0.11086799204349518,,,,
0.0001,17349,,,,,,,,,,,,,,,,,
,17349,0.4818207621574402,3.541252851486206,0.00441246,0.12328304350376129,118,,,,,,,,,,,,
0.0001,17399,,,,,,,,,,,,,,,,,
,17399,0.4172876179218292,2.9577414989471436,0.003692675,0.11782081425189972,118,,,,,,,,,,,,
0.0001,17449,,,,,,,,,,,,,,,,,
,17449,0.3854185938835144,2.7662506103515625,0.004988816,0.10380467772483826,118,,,,,,,,,,,,
,17492,,,,,118,0.41053372621536255,2.894223928451538,0.009092372,0.11201892793178558,,,,,,,,
,17492,,,,,118,,,,,0.3937857449054718,2.722909450531006,0.010989569127559662,0.11050526797771454,,,,
0.0001,17499,,,,,,,,,,,,,,,,,
,17499,0.4096975326538086,2.9781084060668945,0.002894303,0.10899238288402557,119,,,,,,,,,,,,
0.0001,17549,,,,,,,,,,,,,,,,,
,17549,0.3904781937599182,2.9424400329589844,0.008065282,0.088168949,119,,,,,,,,,,,,
0.0001,17599,,,,,,,,,,,,,,,,,
,17599,0.3753203749656677,2.7374019622802734,0.008723102,0.092857085,119,,,,,,,,,,,,
,17639,,,,,119,0.41415250301361084,2.8717191219329834,0.012233614,0.11474703252315521,,,,,,,,
,17639,,,,,119,,,,,0.39216598868370056,2.757389545440674,0.011066407896578312,0.10536050796508789,,,,
0.0001,17649,,,,,,,,,,,,,,,,,
,17649,0.5033078193664551,3.915285587310791,0.011419227346777916,0.10036002099514008,120,,,,,,,,,,,,
0.0001,17699,,,,,,,,,,,,,,,,,
,17699,0.3645543158054352,2.5074520111083984,0.007644489,0.1061646118760109,120,,,,,,,,,,,,
0.0001,17749,,,,,,,,,,,,,,,,,
,17749,0.3544185757637024,2.4474191665649414,0.00519625,0.10448042303323746,120,,,,,,,,,,,,
,17786,,,,,120,0.41149356961250305,2.9291810989379883,0.009493686,0.10908184200525284,,,,,,,,
,17786,,,,,120,,,,,0.40073588490486145,2.817504883,0.009410551,0.10957477241754532,,,,
0.0001,17799,,,,,,,,,,,,,,,,,
,17799,0.38596847653388977,2.7549357414245605,0.006011656,0.10446326434612274,121,,,,,,,,,,,,
0.0001,17849,,,,,,,,,,,,,,,,,
,17849,0.47370466589927673,3.5223324298858643,0.026934294030070305,0.094537124,121,,,,,,,,,,,,
0.0001,17899,,,,,,,,,,,,,,,,,
,17899,0.24345076084136963,1.4413917064666748,0.014299474656581879,0.085012116,121,,,,,,,,,,,,
,17933,,,,,121,0.4083251655101776,2.860535144805908,0.009390912,0.11288084089756012,,,,,,,,
,17933,,,,,121,,,,,0.39680442214012146,2.794717311859131,0.011302893050014973,0.1060299202799797,,,,
0.0001,17949,,,,,,,,,,,,,,,,,
,17949,0.6322075724601746,4.397252082824707,0.012151870876550674,0.1803305447101593,122,,,,,,,,,,,,
0.0001,17999,,,,,,,,,,,,,,,,,
,17999,0.37167608737945557,2.8033924102783203,0.005139534,0.086197332,122,,,,,,,,,,,,
0.0001,18049,,,,,,,,,,,,,,,,,
,18049,0.34685251116752625,2.4481353759765625,0.002017944,0.10002101957798004,122,,,,,,,,,,,,
,18080,,,,,122,0.42278096079826355,2.9824655055999756,0.009263018,0.11527138203382492,,,,,,,,
,18080,,,,,122,,,,,0.3901416063308716,2.7475473880767822,0.009555476,0.10583140701055527,,,,
0.0001,18099,,,,,,,,,,,,,,,,,
,18099,0.32941386103630066,2.191992998123169,0.005574096,0.10464046895503998,123,,,,,,,,,,,,
0.0001,18149,,,,,,,,,,,,,,,,,
,18149,0.3038228154182434,1.9240714311599731,0.003490556,0.10792511701583862,123,,,,,,,,,,,,
0.0001,18199,,,,,,,,,,,,,,,,,
,18199,0.31822043657302856,1.7944002151489258,0.004564414,0.13421599566936493,123,,,,,,,,,,,,
,18227,,,,,123,0.40912166237831116,2.854712963104248,0.010395885,0.11325440555810928,,,,,,,,
,18227,,,,,123,,,,,0.39519986510276794,2.7868404388427734,0.009584153,0.10693177580833435,,,,
0.0001,18249,,,,,,,,,,,,,,,,,
,18249,0.45495760440826416,3.424157143,0.005019869,0.10752204060554504,124,,,,,,,,,,,,
0.0001,18299,,,,,,,,,,,,,,,,,
,18299,0.4277140498161316,2.8867735862731934,0.003890391,0.13514630496501923,124,,,,,,,,,,,,
0.0001,18349,,,,,,,,,,,,,,,,,
,18349,0.33403849601745605,1.8914928436279297,0.003413389,0.1414758265018463,124,,,,,,,,,,,,
,18374,,,,,124,0.3940308690071106,2.7018089294433594,0.010981082916259766,0.11286885291337967,,,,,,,,
,18374,,,,,124,,,,,0.394201398,2.7580437660217285,0.009012358,0.10938477516174316,,,,
0.0001,18399,,,,,,,,,,,,,,,,,
,18399,0.43452519178390503,3.354997396469116,0.009728567,0.089296877,125,,,,,,,,,,,,
0.0001,18449,,,,,,,,,,,,,,,,,
,18449,0.3141711950302124,2.1409904956817627,0.004792353,0.095279813,125,,,,,,,,,,,,
0.0001,18499,,,,,,,,,,,,,,,,,
,18499,0.22553503513336182,1.3684837818145752,0.003547519,0.085139126,125,,,,,,,,,,,,
,18521,,,,,125,0.4115503132343292,2.9056429862976074,0.013091422,0.10789462178945541,,,,,,,,
,18521,,,,,125,,,,,0.39814311265945435,2.7887587547302246,0.010208173654973507,0.10905900597572327,,,,
0.0001,18549,,,,,,,,,,,,,,,,,
,18549,0.5115044116973877,3.6909022331237793,0.021792925894260406,0.1206212267279625,126,,,,,,,,,,,,
0.0001,18599,,,,,,,,,,,,,,,,,
,18599,0.30990177392959595,2.1566219329833984,0.006375081,0.087864473,126,,,,,,,,,,,,
0.0001,18649,,,,,,,,,,,,,,,,,
,18649,0.3395928740501404,1.9513895511627197,0.011317677795886993,0.13313621282577515,126,,,,,,,,,,,,
,18668,,,,,126,0.42553281784057617,3.021731376647949,0.011841082945466042,0.11151863634586334,,,,,,,,
,18668,,,,,126,,,,,0.39429035782814026,2.773480176925659,0.010711649432778358,0.10623067617416382,,,,
0.0001,18699,,,,,,,,,,,,,,,,,
,18699,0.4436836540699005,3.3548178672790527,0.008679412,0.099522442,127,,,,,,,,,,,,
0.0001,18749,,,,,,,,,,,,,,,,,
,18749,0.26884543895721436,1.672942876815796,0.005036723,0.096514441,127,,,,,,,,,,,,
0.0001,18799,,,,,,,,,,,,,,,,,
,18799,0.32630425691604614,2.194658041000366,0.003357444,0.10348102450370789,127,,,,,,,,,,,,
,18815,,,,,127,0.4334121644496918,3.0838661193847656,0.013384467922151089,0.1116410493850708,,,,,,,,
,18815,,,,,127,,,,,0.4012514352798462,2.8465800285339355,0.009758133,0.10683538764715195,,,,
0.0001,18849,,,,,,,,,,,,,,,,,
,18849,0.40732163190841675,2.909302234649658,0.016292612999677658,0.10009880363941193,128,,,,,,,,,,,,
0.0001,18899,,,,,,,,,,,,,,,,,
,18899,0.4744062125682831,2.9188880920410156,0.019666204,0.16285119950771332,128,,,,,,,,,,,,
0.0001,18949,,,,,,,,,,,,,,,,,
,18949,0.41205883026123047,3.075810670852661,0.019687768071889877,0.084789962,128,,,,,,,,,,,,
,18962,,,,,128,0.4153079092502594,2.909959554672241,0.010047179646790028,0.11426479369401932,,,,,,,,
,18962,,,,,128,,,,,0.40555495023727417,2.8831169605255127,0.010080823674798012,0.107162245,,,,
0.0001,18999,,,,,,,,,,,,,,,,,
,18999,0.5227327942848206,4.2621588706970215,0.006097512,0.090419352,129,,,,,,,,,,,,
0.0001,19049,,,,,,,,,,,,,,,,,
,19049,0.4000682234764099,3.0593819618225098,0.005934289,0.088195756,129,,,,,,,,,,,,
0.0001,19099,,,,,,,,,,,,,,,,,
,19099,0.35265928506851196,2.213075637817383,0.009209258,0.12214246392250061,129,,,,,,,,,,,,
,19109,,,,,129,0.42346298694610596,3.0260777473449707,0.011582711711525917,0.10927244275808334,,,,,,,,
,19109,,,,,129,,,,,0.4050751328468323,2.839603900909424,0.010072344914078712,0.11104241758584976,,,,
0.0001,19149,,,,,,,,,,,,,,,,,
,19149,0.29480603337287903,2.323479652404785,0.008715797,0.053742267191410065,130,,,,,,,,,,,,
0.0001,19199,,,,,,,,,,,,,,,,,
,19199,0.299908847,2.2043638229370117,0.00658176,0.072890684,130,,,,,,,,,,,,
0.0001,19249,,,,,,,,,,,,,,,,,
,19249,0.4819147288799286,3.272339344024658,0.030619306,0.12406149506568909,130,,,,,,,,,,,,
,19256,,,,,130,0.39397379755973816,2.7363317012786865,0.013616484,0.10672422498464584,,,,,,,,
,19256,,,,,130,,,,,0.3911842107772827,2.730153799057007,0.009379301,0.10878957062959671,,,,
0.0001,19299,,,,,,,,,,,,,,,,,
,19299,0.32930663228034973,1.786415457725525,0.010457963682711124,0.14020709693431854,131,,,,,,,,,,,,
0.0001,19349,,,,,,,,,,,,,,,,,
,19349,0.4655245542526245,3.3836495876312256,0.006176461,0.12098311632871628,131,,,,,,,,,,,,
0.0001,19399,,,,,,,,,,,,,,,,,
,19399,0.4140268862247467,3.209901809692383,0.00637764,0.086659029,131,,,,,,,,,,,,
,19403,,,,,131,0.4160909056663513,2.9313650131225586,0.009477053,0.11347728222608566,,,,,,,,
,19403,,,,,131,,,,,0.39604538679122925,2.7909018993377686,0.010192329995334148,0.10676286369562149,,,,
0.0001,19449,,,,,,,,,,,,,,,,,
,19449,0.36854642629623413,1.9782335758209229,0.017458492890000343,0.153264582,132,,,,,,,,,,,,
0.0001,19499,,,,,,,,,,,,,,,,,
,19499,0.4608689248561859,3.5900349617004395,0.010585289,0.091280155,132,,,,,,,,,,,,
0.0001,19549,,,,,,,,,,,,,,,,,
,19549,0.4218719005584717,3.047971725463867,0.00797103,0.10910367965698242,132,,,,,,,,,,,,
,19550,,,,,132,0.4123936593532562,2.8308918476104736,0.010705305263400078,0.11859921365976334,,,,,,,,
,19550,,,,,132,,,,,0.4069107472896576,2.8965535163879395,0.010541110299527645,0.10671431571245193,,,,
0.0001,19599,,,,,,,,,,,,,,,,,
,19599,0.3351861238479614,2.0774779319763184,0.009945232,0.11749312281608582,133,,,,,,,,,,,,
0.0001,19649,,,,,,,,,,,,,,,,,
,19649,0.4840241074562073,4.076001167297363,0.003245168,0.073178791,133,,,,,,,,,,,,
,19697,,,,,133,0.39201346039772034,2.7712905406951904,0.008677687,0.10620666295289993,,,,,,,,
,19697,,,,,133,,,,,0.40012431144714355,2.825866222381592,0.008546795,0.10899080336093903,,,,
0.0001,19699,,,,,,,,,,,,,,,,,
,19699,0.37476885318756104,2.470245838165283,0.005103508,0.12264077365398407,134,,,,,,,,,,,,
0.0001,19749,,,,,,,,,,,,,,,,,
,19749,0.35373204946517944,2.1642143726348877,0.026916487142443657,0.11039408296346664,134,,,,,,,,,,,,
0.0001,19799,,,,,,,,,,,,,,,,,
,19799,0.4437498152256012,3.7420241832733154,0.017990821972489357,0.051556535,134,,,,,,,,,,,,
,19844,,,,,134,0.40604835748672485,2.857208251953125,0.011893946677446365,0.1084335669875145,,,,,,,,
,19844,,,,,134,,,,,0.3901473581790924,2.7137293815612793,0.011070568,0.10770390182733536,,,,
0.0001,19849,,,,,,,,,,,,,,,,,
,19849,0.30012038350105286,2.0121474266052246,0.016487237066030502,0.082418397,135,,,,,,,,,,,,
0.0001,19899,,,,,,,,,,,,,,,,,
,19899,0.34509414434432983,1.7718021869659424,0.003700556,0.1642133891582489,135,,,,,,,,,,,,
0.0001,19949,,,,,,,,,,,,,,,,,
,19949,0.38018298149108887,2.7031302452087402,0.006801913,0.1030680239200592,135,,,,,,,,,,,,
,19991,,,,,135,0.396426797,2.761845111846924,0.013199609704315662,0.10704264044761658,,,,,,,,
,19991,,,,,135,,,,,0.40354233980178833,2.8367321491241455,0.009641955,0.11022702604532242,,,,
0.0001,19999,,,,,,,,,,,,,,,,,
,19999,0.3819308876991272,2.5313799381256104,0.0072925,0.12150032818317413,136,,,,,,,,,,,,
0.0001,20049,,,,,,,,,,,,,,,,,
,20049,0.34441912174224854,2.3448891639709473,0.008800097,0.10113012045621872,136,,,,,,,,,,,,
0.0001,20099,,,,,,,,,,,,,,,,,
,20099,0.286504328,2.1613101959228516,0.00346767,0.066905655,136,,,,,,,,,,,,
,20138,,,,,136,0.401384562,2.7822632789611816,0.009865923,0.11329232901334763,,,,,,,,
,20138,,,,,136,,,,,0.4040769040584564,2.855497360229492,0.008714543,0.1098126694560051,,,,
0.0001,20149,,,,,,,,,,,,,,,,,
,20149,0.5532560348510742,4.016279220581055,0.008197026,0.14343108236789703,137,,,,,,,,,,,,
0.0001,20199,,,,,,,,,,,,,,,,,
,20199,0.3007301092147827,1.8142173290252686,0.011606018,0.1077023446559906,137,,,,,,,,,,,,
0.0001,20249,,,,,,,,,,,,,,,,,
,20249,0.30049028992652893,1.6790156364440918,0.002404203,0.13018450140953064,137,,,,,,,,,,,,
,20285,,,,,137,0.429123193,2.9763100147247314,0.011685555,0.11980670690536499,,,,,,,,
,20285,,,,,137,,,,,0.40847912430763245,2.8493547439575195,0.010615560226142406,0.11292821168899536,,,,
0.0001,20299,,,,,,,,,,,,,,,,,
,20299,0.3316725492477417,2.0529401302337646,0.009032691,0.11734587699174881,138,,,,,,,,,,,,
0.0001,20349,,,,,,,,,,,,,,,,,
,20349,0.37974175810813904,2.7105278968811035,0.008103888,0.10058510303497314,138,,,,,,,,,,,,
0.0001,20399,,,,,,,,,,,,,,,,,
,20399,0.43317264318466187,3.2642335891723633,0.005394235,0.10135501623153687,138,,,,,,,,,,,,
,20432,,,,,138,0.38677355647087097,2.632918596,0.010430839844048023,0.11305081099271774,,,,,,,,
,20432,,,,,138,,,,,0.4027937650680542,2.825864315032959,0.010374815203249454,0.1098325178027153,,,,
0.0001,20449,,,,,,,,,,,,,,,,,
,20449,0.3171849250793457,2.0703492164611816,0.021788524463772774,0.088361472,139,,,,,,,,,,,,
0.0001,20499,,,,,,,,,,,,,,,,,
,20499,0.4288631081581116,2.8139467239379883,0.00902006,0.13844838738441467,139,,,,,,,,,,,,
0.0001,20549,,,,,,,,,,,,,,,,,
,20549,0.37188977003097534,2.7854490280151367,0.00691892,0.086425968,139,,,,,,,,,,,,
,20579,,,,,139,0.4014676809310913,2.7836697101593018,0.009676007,0.11342480778694153,,,,,,,,
,20579,,,,,139,,,,,0.40002334117889404,2.832948684692383,0.011624874547123909,0.1051035076379776,,,,
0.0001,20599,,,,,,,,,,,,,,,,,
,20599,0.4374999701976776,3.366535186767578,0.005762026,0.095084392,140,,,,,,,,,,,,
0.0001,20649,,,,,,,,,,,,,,,,,
,20649,0.4434998333454132,3.103391170501709,0.003662528,0.1294981837272644,140,,,,,,,,,,,,
0.0001,20699,,,,,,,,,,,,,,,,,
,20699,0.3992936611175537,3.172420024871826,0.00300955,0.079042092,140,,,,,,,,,,,,
,20726,,,,,140,0.40167850255966187,2.781869411468506,0.009443793,0.11404789984226227,,,,,,,,
,20726,,,,,140,,,,,0.40343520045280457,2.8298473358154297,0.00971254,0.11073785275220871,,,,
0.0001,20749,,,,,,,,,,,,,,,,,
,20749,0.36164432764053345,2.8344922065734863,0.00478757,0.073407531,141,,,,,,,,,,,,
0.0001,20799,,,,,,,,,,,,,,,,,
,20799,0.5345600843429565,4.328803539276123,0.00682117,0.094858594,141,,,,,,,,,,,,
0.0001,20849,,,,,,,,,,,,,,,,,
,20849,0.46762746572494507,3.174288034439087,0.006807684,0.14339101314544678,141,,,,,,,,,,,,
,20873,,,,,141,0.4139706790447235,2.950706958770752,0.010691762901842594,0.10820817947387695,,,,,,,,
,20873,,,,,141,,,,,0.39112621545791626,2.7283270359039307,0.010327891446650028,0.10796553641557693,,,,
0.0001,20899,,,,,,,,,,,,,,,,,
,20899,0.34060415625572205,2.2705249786376953,0.003517501,0.11003413796424866,142,,,,,,,,,,,,
0.0001,20949,,,,,,,,,,,,,,,,,
,20949,0.4679577350616455,3.7422728538513184,0.004600483,0.089129999,142,,,,,,,,,,,,
0.0001,20999,,,,,,,,,,,,,,,,,
,20999,0.3311290740966797,2.106161594390869,0.00755881,0.11295409500598907,142,,,,,,,,,,,,
,21020,,,,,142,0.4453818202018738,3.198690414428711,0.011225879192352295,0.1142868623137474,,,,,,,,
,21020,,,,,142,,,,,0.40997451543807983,2.8912549018859863,0.010609803721308708,0.1102391853928566,,,,
0.0001,21049,,,,,,,,,,,,,,,,,
,21049,0.6142103672027588,5.050560951,0.007250018,0.10190421342849731,143,,,,,,,,,,,,
0.0001,21099,,,,,,,,,,,,,,,,,
,21099,0.38607901334762573,2.886458396911621,0.004582417,0.092850715,143,,,,,,,,,,,,
0.0001,21149,,,,,,,,,,,,,,,,,
,21149,0.39252734184265137,2.988097667694092,0.004097234,0.089620329,143,,,,,,,,,,,,
,21167,,,,,143,0.4002896845340729,2.810187578201294,0.008629107,0.11064188182353973,,,,,,,,
,21167,,,,,143,,,,,0.3889414370059967,2.709233283996582,0.00913097,0.1088872104883194,,,,
0.0001,21199,,,,,,,,,,,,,,,,,
,21199,0.47036418318748474,3.4148783683776855,0.023720765486359596,0.10515555739402771,144,,,,,,,,,,,,
0.0001,21249,,,,,,,,,,,,,,,,,
,21249,0.46679234504699707,3.2920265197753906,0.013852769508957863,0.12373694032430649,144,,,,,,,,,,,,
0.0001,21299,,,,,,,,,,,,,,,,,
,21299,0.38429930806159973,2.9160525798797607,0.005688488,0.087005571,144,,,,,,,,,,,,
,21314,,,,,144,0.42790117859840393,3.0236873626708984,0.013010607101023197,0.11252180486917496,,,,,,,,
,21314,,,,,144,,,,,0.4125055968761444,2.9401278495788574,0.010506247,0.107986681,,,,
0.0001,21349,,,,,,,,,,,,,,,,,
,21349,0.3362773060798645,2.197612762451172,0.010742377489805222,0.10577364265918732,145,,,,,,,,,,,,
0.0001,21399,,,,,,,,,,,,,,,,,
,21399,0.39407295,2.828000068664551,0.004571962,0.10670095682144165,145,,,,,,,,,,,,
0.0001,21449,,,,,,,,,,,,,,,,,
,21449,0.4873301386833191,3.881129741668701,0.006997919,0.092219219,145,,,,,,,,,,,,
,21461,,,,,145,0.41958990693092346,2.9852354526519775,0.011972690001130104,0.10909377038478851,,,,,,,,
,21461,,,,,145,,,,,0.407473624,2.8789939880371094,0.010926513001322746,0.10864763706922531,,,,
0.0001,21499,,,,,,,,,,,,,,,,,
,21499,0.39212360978126526,3.008483887,0.011275244876742363,0.079999976,146,,,,,,,,,,,,
0.0001,21549,,,,,,,,,,,,,,,,,
,21549,0.4367773234844208,3.014878273010254,0.007219997,0.12806949019432068,146,,,,,,,,,,,,
0.0001,21599,,,,,,,,,,,,,,,,,
,21599,0.4872609078884125,4.091285705566406,0.005433081,0.072699212,146,,,,,,,,,,,,
,21608,,,,,146,0.39500486850738525,2.754667282104492,0.010333793237805367,0.10920430719852448,,,,,,,,
,21608,,,,,146,,,,,0.40185362100601196,2.8398282527923584,0.009334219,0.10853660851716995,,,,
0.0001,21649,,,,,,,,,,,,,,,,,
,21649,0.3312395215034485,2.2842459678649902,0.006535379,0.096279524,147,,,,,,,,,,,,
0.0001,21699,,,,,,,,,,,,,,,,,
,21699,0.37765905261039734,2.1485650539398193,0.003413253,0.15938925743103027,147,,,,,,,,,,,,
0.0001,21749,,,,,,,,,,,,,,,,,
,21749,0.44217950105667114,3.462880849838257,0.005744803,0.090146571,147,,,,,,,,,,,,
,21755,,,,,147,0.41601014137268066,2.9633376598358154,0.011621701,0.10805472731590271,,,,,,,,
,21755,,,,,147,,,,,0.4005475342273712,2.801405668258667,0.010262873955070972,0.11014413088560104,,,,
0.0001,21799,,,,,,,,,,,,,,,,,
,21799,0.46618592739105225,3.369988441467285,0.012059579603374004,0.11712747812271118,148,,,,,,,,,,,,
0.0001,21849,,,,,,,,,,,,,,,,,
,21849,0.3629895746707916,1.8422300815582275,0.003796718,0.1749698519706726,148,,,,,,,,,,,,
0.0001,21899,,,,,,,,,,,,,,,,,
,21899,0.24643054604530334,1.6214202642440796,0.004160039,0.080128476,148,,,,,,,,,,,,
,21902,,,,,148,0.3989972174167633,2.7359023094177246,0.009937088,0.11546982824802399,,,,,,,,
,21902,,,,,148,,,,,0.3929237723350525,2.7670085430145264,0.009358713,0.10686423629522324,,,,
0.0001,21949,,,,,,,,,,,,,,,,,
,21949,0.41555485129356384,3.117232322692871,0.006596469,0.097235151,149,,,,,,,,,,,,
0.0001,21999,,,,,,,,,,,,,,,,,
,21999,0.297038734,1.4047247171401978,0.003090684,0.1534755676984787,149,,,,,,,,,,,,
0.0001,22049,,,,,,,,,,,,,,,,,
,22049,0.3916049897670746,2.5472612380981445,0.005750258,0.13112860918045044,149,,,,,,,,,,,,
,22049,,,,,149,0.4080576002597809,2.863421917,0.012974568642675877,0.10874096304178238,,,,,,,,
,22049,,,,,149,,,,,0.4085412323474884,2.903695583343506,0.010198550298810005,0.10797308385372162,,,,
0.0001,22099,,,,,,,,,,,,,,,,,
,22099,0.24351762235164642,1.5794891119003296,0.003372436,0.082196265,150,,,,,,,,,,,,
0.0001,22149,,,,,,,,,,,,,,,,,
,22149,0.407348633,3.266930103302002,0.004143482,0.076512143,150,,,,,,,,,,,,
,22196,,,,,150,0.37423163652420044,2.5820858478546143,0.009264893,0.10675815492868423,,,,,,,,
,22196,,,,,150,,,,,0.39398542046546936,2.7958383560180664,0.009374162,0.10502752661705017,,,,
0.0001,22199,,,,,,,,,,,,,,,,,
,22199,0.4116683006286621,2.8432133197784424,0.00548385,0.12186308950185776,151,,,,,,,,,,,,
0.0001,22249,,,,,,,,,,,,,,,,,
,22249,0.4153011739253998,3.054621934890747,0.007847574,0.10199141502380371,151,,,,,,,,,,,,
0.0001,22299,,,,,,,,,,,,,,,,,
,22299,0.39885395765304565,2.427304267883301,0.007310067,0.14881345629692078,151,,,,,,,,,,,,
,22343,,,,,151,0.40229299664497375,2.8388447761535645,0.009591158,0.10881726443767548,,,,,,,,
,22343,,,,,151,,,,,0.4042215645313263,2.8604400157928467,0.010511182248592377,0.1076662465929985,,,,
0.0001,22349,,,,,,,,,,,,,,,,,
,22349,0.5604938864707947,4.1201581954956055,0.011256308294832706,0.13722172379493713,152,,,,,,,,,,,,
0.0001,22399,,,,,,,,,,,,,,,,,
,22399,0.33592402935028076,2.320406913757324,0.009100797,0.094782539,152,,,,,,,,,,,,
0.0001,22449,,,,,,,,,,,,,,,,,
,22449,0.45734018087387085,3.033397674560547,0.023404479026794434,0.13059593737125397,152,,,,,,,,,,,,
,22490,,,,,152,0.40641751885414124,2.854094982147217,0.011999224312603474,0.10900868475437164,,,,,,,,
,22490,,,,,152,,,,,0.4045473635196686,2.890509605407715,0.00892585,0.1065705418586731,,,,
0.0001,22499,,,,,,,,,,,,,,,,,
,22499,0.35159608721733093,2.509075164794922,0.007022818,0.093665734,153,,,,,,,,,,,,
0.0001,22549,,,,,,,,,,,,,,,,,
,22549,0.3945479393005371,2.540323495864868,0.005760687,0.13475489616394043,153,,,,,,,,,,,,
0.0001,22599,,,,,,,,,,,,,,,,,
,22599,0.4873090386390686,3.6133041381835938,0.012352047488093376,0.11362656950950623,153,,,,,,,,,,,,
,22637,,,,,153,0.40189677476882935,2.853619337081909,0.011170763522386551,0.10536414384841919,,,,,,,,
,22637,,,,,153,,,,,0.398008794,2.805544615,0.009263736,0.10819070786237717,,,,
0.0001,22649,,,,,,,,,,,,,,,,,
,22649,0.5236366391181946,4.0496110916137695,0.006880729,0.11179477721452713,154,,,,,,,,,,,,
0.0001,22699,,,,,,,,,,,,,,,,,
,22699,0.3525844216346741,2.8693647384643555,0.004460686,0.061187252,154,,,,,,,,,,,,
0.0001,22749,,,,,,,,,,,,,,,,,
,22749,0.35274356603622437,2.058495522,0.008627325,0.1382666528224945,154,,,,,,,,,,,,
,22784,,,,,154,0.392993689,2.776613235473633,0.011244836263358593,0.10408760607242584,,,,,,,,
,22784,,,,,154,,,,,0.3938944935798645,2.804969549179077,0.010107324458658695,0.10329026728868484,,,,
0.0001,22799,,,,,,,,,,,,,,,,,
,22799,0.459264338,3.259333610534668,0.018766709,0.11456424742937088,155,,,,,,,,,,,,
0.0001,22849,,,,,,,,,,,,,,,,,
,22849,0.5376931428909302,4.168266296386719,0.006705854,0.11416066437959671,155,,,,,,,,,,,,
0.0001,22899,,,,,,,,,,,,,,,,,
,22899,0.3092760443687439,1.9702811241149902,0.00614243,0.1061054915189743,155,,,,,,,,,,,,
,22931,,,,,155,0.4154609143733978,2.938312530517578,0.010419772937893867,0.11120978742837906,,,,,,,,
,22931,,,,,155,,,,,0.3959371745586395,2.762050151824951,0.011312515,0.10841958969831467,,,,
0.0001,22949,,,,,,,,,,,,,,,,,
,22949,0.42355483770370483,2.6881213188171387,0.023811105638742447,0.1309315711259842,156,,,,,,,,,,,,
0.0001,22999,,,,,,,,,,,,,,,,,
,22999,0.3558136820793152,2.9190545082092285,0.006471398,0.057436846,156,,,,,,,,,,,,
0.0001,23049,,,,,,,,,,,,,,,,,
,23049,0.27438247203826904,1.5422008037567139,0.006233172,0.11392922699451447,156,,,,,,,,,,,,
,23078,,,,,156,0.4169486165046692,2.9656143188476562,0.012461624,0.10792559385299683,,,,,,,,
,23078,,,,,156,,,,,0.40038788318634033,2.8396835327148438,0.009973926,0.10644570738077164,,,,
0.0001,23099,,,,,,,,,,,,,,,,,
,23099,0.31077009439468384,2.232989549636841,0.012676555663347244,0.074794605,157,,,,,,,,,,,,
0.0001,23149,,,,,,,,,,,,,,,,,
,23149,0.43542206287384033,3.299044609069824,0.006318307,0.099199265,157,,,,,,,,,,,,
0.0001,23199,,,,,,,,,,,,,,,,,
,23199,0.3333110213279724,2.1653411388397217,0.003210221,0.11356669664382935,157,,,,,,,,,,,,
,23225,,,,,157,0.40697434544563293,2.829355478286743,0.011054688,0.11298409849405289,,,,,,,,
,23225,,,,,157,,,,,0.39297986030578613,2.7711338996887207,0.009744487,0.10612200200557709,,,,
0.0001,23249,,,,,,,,,,,,,,,,,
,23249,0.3849603533744812,3.028444766998291,0.005802769,0.076313093,158,,,,,,,,,,,,
0.0001,23299,,,,,,,,,,,,,,,,,
,23299,0.3848356008529663,3.142967939376831,0.003810077,0.066728711,158,,,,,,,,,,,,
0.0001,23349,,,,,,,,,,,,,,,,,
,23349,0.3955239951610565,3.1971254348754883,0.011743718758225441,0.064067766,158,,,,,,,,,,,,
,23372,,,,,158,0.4018632173538208,2.8444931507110596,0.008605646,0.10880828648805618,,,,,,,,
,23372,,,,,158,,,,,0.3940499722957611,2.7974350452423096,0.008874038,0.10543238371610641,,,,
0.0001,23399,,,,,,,,,,,,,,,,,
,23399,0.38853853940963745,2.6891047954559326,0.017084434628486633,0.10254360735416412,159,,,,,,,,,,,,
0.0001,23449,,,,,,,,,,,,,,,,,
,23449,0.4633219242095947,3.1124913692474365,0.006934622,0.14513814449310303,159,,,,,,,,,,,,
0.0001,23499,,,,,,,,,,,,,,,,,
,23499,0.29620862007141113,1.9623092412948608,0.002911474,0.097066194,159,,,,,,,,,,,,
,23519,,,,,159,0.4098851680755615,2.8276584148406982,0.009269074,0.11785022169351578,,,,,,,,
,23519,,,,,159,,,,,0.4006696343421936,2.841181755065918,0.00924659,0.10730483382940292,,,,
0.0001,23549,,,,,,,,,,,,,,,,,
,23549,0.46301233768463135,3.2092173099517822,0.006845875,0.1352447122335434,160,,,,,,,,,,,,
0.0001,23599,,,,,,,,,,,,,,,,,
,23599,0.43271803855895996,3.067415475845337,0.006676271,0.11930021643638611,160,,,,,,,,,,,,
0.0001,23649,,,,,,,,,,,,,,,,,
,23649,0.42918241024017334,3.216573476791382,0.004645148,0.10287988185882568,160,,,,,,,,,,,,
,23666,,,,,160,0.41522786021232605,2.95513916,0.012836671434342861,0.10687731206417084,,,,,,,,
,23666,,,,,160,,,,,0.3901870548725128,2.729923963546753,0.009857576,0.10733704268932343,,,,
0.0001,23699,,,,,,,,,,,,,,,,,
,23699,0.4294079542160034,3.2294280529022217,0.005747445,0.10071766376495361,161,,,,,,,,,,,,
0.0001,23749,,,,,,,,,,,,,,,,,
,23749,0.5609196424484253,4.692630290985107,0.007964605,0.083692044,161,,,,,,,,,,,,
0.0001,23799,,,,,,,,,,,,,,,,,
,23799,0.36530667543411255,2.3477206230163574,0.004548439,0.12598618865013123,161,,,,,,,,,,,,
,23813,,,,,161,0.40902856,2.798611640930176,0.011909160763025284,0.11725824326276779,,,,,,,,
,23813,,,,,161,,,,,0.4039686620235443,2.8537063598632812,0.011382367461919785,0.10721559822559357,,,,
0.0001,23849,,,,,,,,,,,,,,,,,
,23849,0.2945554256439209,1.9762355089187622,0.010965541936457157,0.085966364,162,,,,,,,,,,,,
0.0001,23899,,,,,,,,,,,,,,,,,
,23899,0.4101678133010864,3.0889971256256104,0.008161692,0.093106411,162,,,,,,,,,,,,
0.0001,23949,,,,,,,,,,,,,,,,,
,23949,0.40008509159088135,2.9008750915527344,0.008037824,0.1019597202539444,162,,,,,,,,,,,,
,23960,,,,,162,0.4077903926372528,2.811561346054077,0.011266671121120453,0.11536765843629837,,,,,,,,
,23960,,,,,162,,,,,0.39821767807006836,2.815798521,0.008817402,0.10782047361135483,,,,
0.0001,23999,,,,,,,,,,,,,,,,,
,23999,0.27994412183761597,1.7833116054534912,0.013959754258394241,0.08765322,163,,,,,,,,,,,,
0.0001,24049,,,,,,,,,,,,,,,,,
,24049,0.2047753930091858,1.1210269927978516,0.002406425,0.090266265,163,,,,,,,,,,,,
0.0001,24099,,,,,,,,,,,,,,,,,
,24099,0.24498257040977478,1.643859624862671,0.004461065,0.076135524,163,,,,,,,,,,,,
,24107,,,,,163,0.4149882197380066,2.9313154220581055,0.009121005,0.11273560672998428,,,,,,,,
,24107,,,,,163,,,,,0.39596256613731384,2.7814457416534424,0.010883548,0.10693436115980148,,,,
0.0001,24149,,,,,,,,,,,,,,,,,
,24149,0.4069172143936157,2.753085136413574,0.013214559,0.11839412897825241,164,,,,,,,,,,,,
0.0001,24199,,,,,,,,,,,,,,,,,
,24199,0.3041614294052124,1.8910471200942993,0.004430328,0.11062636971473694,164,,,,,,,,,,,,
0.0001,24249,,,,,,,,,,,,,,,,,
,24249,0.4131067991256714,2.8580965995788574,0.040190756,0.087106362,164,,,,,,,,,,,,
,24254,,,,,164,0.40774768590927124,2.862121343612671,0.010163201950490475,0.11137229949235916,,,,,,,,
,24254,,,,,164,,,,,0.3963339626789093,2.784168243408203,0.010324150323867798,0.10759303718805313,,,,
0.0001,24299,,,,,,,,,,,,,,,,,
,24299,0.3592052459716797,2.7237515449523926,0.008540258,0.078289814,165,,,,,,,,,,,,
0.0001,24349,,,,,,,,,,,,,,,,,
,24349,0.36781302094459534,2.4796695709228516,0.015229146927595139,0.1046169102191925,165,,,,,,,,,,,,
0.0001,24399,,,,,,,,,,,,,,,,,
,24399,0.28203558921813965,1.4628002643585205,0.003053861,0.13270169496536255,165,,,,,,,,,,,,
,24401,,,,,165,0.4046790301799774,2.839798927307129,0.010372494347393513,0.1103266030550003,,,,,,,,
,24401,,,,,165,,,,,0.3957790434360504,2.7806010246276855,0.009800808,0.10791806131601334,,,,
0.0001,24449,,,,,,,,,,,,,,,,,
,24449,0.45288151502609253,3.361639976501465,0.020150315016508102,0.096567206,166,,,,,,,,,,,,
0.0001,24499,,,,,,,,,,,,,,,,,
,24499,0.4077340364456177,3.5086474418640137,0.011179666966199875,0.045689605,166,,,,,,,,,,,,
,24548,,,,,166,0.41218647360801697,2.9462811946868896,0.011961988173425198,0.10559628903865814,,,,,,,,
,24548,,,,,166,,,,,0.39944544434547424,2.854480028152466,0.009932927,0.10406450927257538,,,,
0.0001,24549,,,,,,,,,,,,,,,,,
,24549,0.35025525093078613,2.4971461296081543,0.002461513,0.09807913,167,,,,,,,,,,,,
0.0001,24599,,,,,,,,,,,,,,,,,
,24599,0.4575580060482025,3.8341681957244873,0.006454291,0.067686908,167,,,,,,,,,,,,
0.0001,24649,,,,,,,,,,,,,,,,,
,24649,0.45036596059799194,3.323091983795166,0.005128562,0.11292825639247894,167,,,,,,,,,,,,
,24695,,,,,167,0.4170657992362976,2.959486961364746,0.010625442489981651,0.11049170047044754,,,,,,,,
,24695,,,,,167,,,,,0.39405837655067444,2.796098470687866,0.009369476,0.10507898032665253,,,,
0.0001,24699,,,,,,,,,,,,,,,,,
,24699,0.26535212993621826,1.849144458770752,0.006618734,0.073818959,168,,,,,,,,,,,,
0.0001,24749,,,,,,,,,,,,,,,,,
,24749,0.4887973964214325,3.7055630683898926,0.008856539,0.10938455909490585,168,,,,,,,,,,,,
0.0001,24799,,,,,,,,,,,,,,,,,
,24799,0.4364772439002991,3.2412045001983643,0.006251538,0.10610523819923401,168,,,,,,,,,,,,
,24842,,,,,168,0.4105483889579773,2.9399523735046387,0.009896479,0.10665668547153473,,,,,,,,
,24842,,,,,168,,,,,0.39407819509506226,2.7687132358551025,0.009357802,0.10784894227981567,,,,
0.0001,24849,,,,,,,,,,,,,,,,,
,24849,0.3867811858654022,2.486114263534546,0.009194855,0.12897488474845886,169,,,,,,,,,,,,
0.0001,24899,,,,,,,,,,,,,,,,,
,24899,0.29649657011032104,1.628020167350769,0.008917873,0.124776691,169,,,,,,,,,,,,
0.0001,24949,,,,,,,,,,,,,,,,,
,24949,0.47808709740638733,3.501349925994873,0.005797717,0.1221543624997139,169,,,,,,,,,,,,
,24989,,,,,169,0.3973860740661621,2.814939498901367,0.009765304,0.10612676292657852,,,,,,,,
,24989,,,,,169,,,,,0.4024120271205902,2.853013753890991,0.009365912,0.10774467140436172,,,,
0.0001,24999,,,,,,,,,,,,,,,,,
,24999,0.39264747500419617,2.419642925262451,0.041914761,0.10876837372779846,170,,,,,,,,,,,,
0.0001,25049,,,,,,,,,,,,,,,,,
,25049,0.5304682850837708,4.138538837432861,0.004612138,0.11200223863124847,170,,,,,,,,,,,,
0.0001,25099,,,,,,,,,,,,,,,,,
,25099,0.30616533756256104,1.7798755168914795,0.017830124124884605,0.11034766584634781,170,,,,,,,,,,,,
,25136,,,,,170,0.39717140793800354,2.8164851665496826,0.00968655,0.1058364287018776,,,,,,,,
,25136,,,,,170,,,,,0.3998698592185974,2.8218746185302734,0.010044396854937077,0.10763796418905258,,,,
0.0001,25149,,,,,,,,,,,,,,,,,
,25149,0.47610989212989807,3.7412970066070557,0.013676898553967476,0.088303313,171,,,,,,,,,,,,
0.0001,25199,,,,,,,,,,,,,,,,,
,25199,0.47137343883514404,3.1868338584899902,0.008933079,0.14375697076320648,171,,,,,,,,,,,,
0.0001,25249,,,,,,,,,,,,,,,,,
,25249,0.3879826068878174,2.9971988201141357,0.008730714,0.079532012,171,,,,,,,,,,,,
,25283,,,,,171,0.4199009835720062,3.013448476791382,0.012646282091736794,0.10590983182191849,,,,,,,,
,25283,,,,,171,,,,,0.40223073959350586,2.830141783,0.012297486886382103,0.10691908746957779,,,,
0.0001,25299,,,,,,,,,,,,,,,,,
,25299,0.4849802255630493,3.1341335773468018,0.040875025,0.13069182634353638,172,,,,,,,,,,,,
0.0001,25349,,,,,,,,,,,,,,,,,
,25349,0.3806766867637634,3.122335672,0.005514631,0.06292849,172,,,,,,,,,,,,
0.0001,25399,,,,,,,,,,,,,,,,,
,25399,0.31698253750801086,2.2932918071746826,0.005884181,0.081769183,172,,,,,,,,,,,,
,25430,,,,,172,0.400362492,2.7809245586395264,0.009378199,0.1128917708992958,,,,,,,,
,25430,,,,,172,,,,,0.3966157138347626,2.7747037410736084,0.010601302608847618,0.10854402929544449,,,,
0.0001,25449,,,,,,,,,,,,,,,,,
,25449,0.3089478611946106,2.519277572631836,0.013435083,0.043584965,173,,,,,,,,,,,,
0.0001,25499,,,,,,,,,,,,,,,,,
,25499,0.3498033881187439,2.4390454292297363,0.027985908091068268,0.077912912,173,,,,,,,,,,,,
0.0001,25549,,,,,,,,,,,,,,,,,
,25549,0.4715825319290161,3.3264451026916504,0.00742603,0.13151198625564575,173,,,,,,,,,,,,
,25577,,,,,173,0.42733514308929443,3.0436713695526123,0.009464412,0.1135035827755928,,,,,,,,
,25577,,,,,173,,,,,0.4046810269355774,2.839940071105957,0.010247848927974701,0.11043904721736908,,,,
0.0001,25599,,,,,,,,,,,,,,,,,
,25599,0.21555402874946594,1.2469995021820068,0.002593634,0.088260457,174,,,,,,,,,,,,
0.0001,25649,,,,,,,,,,,,,,,,,
,25649,0.3546164631843567,2.1506807804107666,0.005182166,0.1343662142753601,174,,,,,,,,,,,,
0.0001,25699,,,,,,,,,,,,,,,,,
,25699,0.48494863510131836,3.872481585,0.010542714968323708,0.087157771,174,,,,,,,,,,,,
,25724,,,,,174,0.4063866436481476,2.9070074558258057,0.010276537388563156,0.10540948063135147,,,,,,,,
,25724,,,,,174,,,,,0.39025992155075073,2.745975971221924,0.00870007,0.10696231573820114,,,,
0.0001,25749,,,,,,,,,,,,,,,,,
,25749,0.36477845907211304,2.5105338096618652,0.005075103,0.10864995419979095,175,,,,,,,,,,,,
0.0001,25799,,,,,,,,,,,,,,,,,
,25799,0.4313770532608032,2.695533037185669,0.013281526044011116,0.14854222536087036,175,,,,,,,,,,,,
0.0001,25849,,,,,,,,,,,,,,,,,
,25849,0.3561270534992218,2.564627170562744,0.007539538,0.092124775,175,,,,,,,,,,,,
,25871,,,,,175,0.39540791511535645,2.6742420196533203,0.011660796590149403,0.11632286757230759,,,,,,,,
,25871,,,,,175,,,,,0.3990667164325714,2.8097035884857178,0.010819355957210064,0.1072770282626152,,,,
0.0001,25899,,,,,,,,,,,,,,,,,
,25899,0.35867252945899963,2.718954086303711,0.004957816,0.081819281,176,,,,,,,,,,,,
0.0001,25949,,,,,,,,,,,,,,,,,
,25949,0.3806242048740387,2.8189492225646973,0.00635655,0.09237273,176,,,,,,,,,,,,
0.0001,25999,,,,,,,,,,,,,,,,,
,25999,0.3541925549507141,2.367361545562744,0.008731859,0.10872451961040497,176,,,,,,,,,,,,
,26018,,,,,176,0.3930109739303589,2.6916866302490234,0.011129369027912617,0.11271300911903381,,,,,,,,
,26018,,,,,176,,,,,0.39340323209762573,2.771515369415283,0.009479731,0.10677189379930496,,,,
0.0001,26049,,,,,,,,,,,,,,,,,
,26049,0.40617698431015015,2.601746082305908,0.005413734,0.1405886709690094,177,,,,,,,,,,,,
0.0001,26099,,,,,,,,,,,,,,,,,
,26099,0.3631213903427124,2.525177240371704,0.00414553,0.1064581423997879,177,,,,,,,,,,,,
0.0001,26149,,,,,,,,,,,,,,,,,
,26149,0.4226604104042053,2.743694543838501,0.010470542125403881,0.13782042264938354,177,,,,,,,,,,,,
,26165,,,,,177,0.41769930720329285,3.0037569999694824,0.008499611,0.10882405191659927,,,,,,,,
,26165,,,,,177,,,,,0.4021766483783722,2.835315465927124,0.010057413019239902,0.10858774185180664,,,,
0.0001,26199,,,,,,,,,,,,,,,,,
,26199,0.40517449378967285,2.6371285915374756,0.005952453,0.135509193,178,,,,,,,,,,,,
0.0001,26249,,,,,,,,,,,,,,,,,
,26249,0.3368411958217621,2.044957399368286,0.004155471,0.12818996608257294,178,,,,,,,,,,,,
0.0001,26299,,,,,,,,,,,,,,,,,
,26299,0.4755212962627411,3.4817678928375244,0.002673282,0.12467124313116074,178,,,,,,,,,,,,
,26312,,,,,178,0.41605135798454285,2.9863600730895996,0.00857608,0.10883934050798416,,,,,,,,
,26312,,,,,178,,,,,0.3918694853782654,2.743481397628784,0.009808701,0.10771258175373077,,,,
0.0001,26349,,,,,,,,,,,,,,,,,
,26349,0.3839488625526428,2.714047431945801,0.00544204,0.10710209608078003,179,,,,,,,,,,,,
0.0001,26399,,,,,,,,,,,,,,,,,
,26399,0.39166441559791565,2.660768985748291,0.00295556,0.12263193726539612,179,,,,,,,,,,,,
0.0001,26449,,,,,,,,,,,,,,,,,
,26449,0.3647480010986328,2.756512165,0.008037207,0.08105959,179,,,,,,,,,,,,
,26459,,,,,179,0.428797185,3.0687105655670166,0.011832906864583492,0.1100931465625763,,,,,,,,
,26459,,,,,179,,,,,0.4059901535511017,2.8566784858703613,0.008775416,0.11154676228761673,,,,
0.0001,26499,,,,,,,,,,,,,,,,,
,26499,0.32834944128990173,1.9781947135925293,0.003297703,0.12723226845264435,180,,,,,,,,,,,,
0.0001,26549,,,,,,,,,,,,,,,,,
,26549,0.4883488416671753,4.054853439331055,0.007772806,0.075090699,180,,,,,,,,,,,,
0.0001,26599,,,,,,,,,,,,,,,,,
,26599,0.4263765513896942,3.4549903869628906,0.011507424525916576,0.069370061,180,,,,,,,,,,,,
,26606,,,,,180,0.38783591985702515,2.7242462635040283,0.010083499364554882,0.10532782226800919,,,,,,,,
,26606,,,,,180,,,,,0.3969460129737854,2.7854161262512207,0.009809209,0.10859501361846924,,,,
0.0001,26649,,,,,,,,,,,,,,,,,
,26649,0.514396608,3.794250011444092,0.037447829,0.097523794,181,,,,,,,,,,,,
0.0001,26699,,,,,,,,,,,,,,,,,
,26699,0.38504403829574585,2.4388363361358643,0.004611224,0.136549175,181,,,,,,,,,,,,
0.0001,26749,,,,,,,,,,,,,,,,,
,26749,0.39157283306121826,2.623520851135254,0.002554697,0.12666603922843933,181,,,,,,,,,,,,
,26753,,,,,181,0.4241310656070709,3.0367860794067383,0.011909276247024536,0.10854315012693405,,,,,,,,
,26753,,,,,181,,,,,0.3911797106266022,2.7382631301879883,0.011182756163179874,0.1061706691980362,,,,
0.0001,26799,,,,,,,,,,,,,,,,,
,26799,0.5034582614898682,3.2720859050750732,0.006103285,0.1701463758945465,182,,,,,,,,,,,,
0.0001,26849,,,,,,,,,,,,,,,,,
,26849,0.4533037841320038,3.483100175857544,0.003286128,0.10170765221118927,182,,,,,,,,,,,,
0.0001,26899,,,,,,,,,,,,,,,,,
,26899,0.3882941007614136,2.7869255542755127,0.014767348766326904,0.094834171,182,,,,,,,,,,,,
,26900,,,,,182,0.4047391712665558,2.8512039184570312,0.012331204488873482,0.10728755593299866,,,,,,,,
,26900,,,,,182,,,,,0.39470332860946655,2.750059127807617,0.009845205,0.10985206067562103,,,,
0.0001,26949,,,,,,,,,,,,,,,,,
,26949,0.336200088,2.470034599304199,0.007892784,0.08130385,183,,,,,,,,,,,,
0.0001,26999,,,,,,,,,,,,,,,,,
,26999,0.5007579326629639,3.595297336578369,0.010978611186146736,0.13024958968162537,183,,,,,,,,,,,,
,27047,,,,,183,0.408560574,2.8878188133239746,0.00958156,0.11019712686538696,,,,,,,,
,27047,,,,,183,,,,,0.40242069959640503,2.831923484802246,0.009251514,0.10997676104307175,,,,
0.0001,27049,,,,,,,,,,,,,,,,,
,27049,0.35869646072387695,2.5902762413024902,0.021834149956703186,0.077834696,184,,,,,,,,,,,,
0.0001,27099,,,,,,,,,,,,,,,,,
,27099,0.5986091494560242,4.8358235359191895,0.009530408,0.10549642890691757,184,,,,,,,,,,,,
0.0001,27149,,,,,,,,,,,,,,,,,
,27149,0.36591336131095886,2.558267593383789,0.026132892817258835,0.083953701,184,,,,,,,,,,,,
,27194,,,,,184,0.39882397651672363,2.8510117530822754,0.009412226,0.1043105497956276,,,,,,,,
,27194,,,,,184,,,,,0.3991822600364685,2.809115171432495,0.009685303,0.10858539491891861,,,,
0.0001,27199,,,,,,,,,,,,,,,,,
,27199,0.45336103439331055,3.2551026344299316,0.008883866,0.11896692961454391,185,,,,,,,,,,,,
0.0001,27249,,,,,,,,,,,,,,,,,
,27249,0.3464391231536865,2.341675281524658,0.024127681,0.08814393,185,,,,,,,,,,,,
0.0001,27299,,,,,,,,,,,,,,,,,
,27299,0.3091123700141907,2.3204097747802734,0.007569606,0.069501795,185,,,,,,,,,,,,
,27341,,,,,185,0.40159040689468384,2.748579502105713,0.013563284,0.11316923052072525,,,,,,,,
,27341,,,,,185,,,,,0.3910156190395355,2.7059807777404785,0.011075736954808235,0.10934187471866608,,,,
0.0001,27349,,,,,,,,,,,,,,,,,
,27349,0.38992321491241455,2.8037681579589844,0.021662794053554535,0.087883577,186,,,,,,,,,,,,
0.0001,27399,,,,,,,,,,,,,,,,,
,27399,0.5484954118728638,4.295220375061035,0.008487872,0.1104854941368103,186,,,,,,,,,,,,
0.0001,27449,,,,,,,,,,,,,,,,,
,27449,0.44561877846717834,3.143845319747925,0.024605579674243927,0.1066286563873291,186,,,,,,,,,,,,
,27488,,,,,186,0.3898390531539917,2.7044990062713623,0.009126712,0.11026239395141602,,,,,,,,
,27488,,,,,186,,,,,0.39380958676338196,2.7236485481262207,0.010379545390605927,0.11106520891189575,,,,
0.0001,27499,,,,,,,,,,,,,,,,,
,27499,0.3633277416229248,2.4715895652770996,0.007095642,0.10907313227653503,187,,,,,,,,,,,,
0.0001,27549,,,,,,,,,,,,,,,,,
,27549,0.3214298486709595,1.9441672563552856,0.003748127,0.12326497584581375,187,,,,,,,,,,,,
0.0001,27599,,,,,,,,,,,,,,,,,
,27599,0.3997023105621338,3.221660614013672,0.007312841,0.070223391,187,,,,,,,,,,,,
,27635,,,,,187,0.39583098888397217,2.7463817596435547,0.011673630215227604,0.10951922833919525,,,,,,,,
,27635,,,,,187,,,,,0.40244171023368835,2.814626693725586,0.009580489,0.11139852553606033,,,,
0.0001,27649,,,,,,,,,,,,,,,,,
,27649,0.2964375615119934,1.7907813787460327,0.014847812242805958,0.10251162946224213,188,,,,,,,,,,,,
0.0001,27699,,,,,,,,,,,,,,,,,
,27699,0.29491448402404785,1.6391758918762207,0.010995622724294662,0.12000127136707306,188,,,,,,,,,,,,
0.0001,27749,,,,,,,,,,,,,,,,,
,27749,0.3710004985332489,2.871150493621826,0.006798924,0.077086523,188,,,,,,,,,,,,
,27782,,,,,188,0.41632917523384094,2.9269027709960938,0.00985383,0.11378511041402817,,,,,,,,
,27782,,,,,188,,,,,0.3915190100669861,2.743150472640991,0.009734495,0.10746941715478897,,,,
0.0001,27799,,,,,,,,,,,,,,,,,
,27799,0.36320605874061584,2.7877702713012695,0.011591397225856781,0.072837621,189,,,,,,,,,,,,
0.0001,27849,,,,,,,,,,,,,,,,,
,27849,0.3662980794906616,2.475642681121826,0.007635189,0.11109860986471176,189,,,,,,,,,,,,
0.0001,27899,,,,,,,,,,,,,,,,,
,27899,0.36937281489372253,2.3984556198120117,0.021576207131147385,0.10795104503631592,189,,,,,,,,,,,,
,27929,,,,,189,0.4026780128479004,2.8312230110168457,0.010553578846156597,0.10900212079286575,,,,,,,,
,27929,,,,,189,,,,,0.39238643646240234,2.7318856716156006,0.010900742374360561,0.10829731076955795,,,,
0.0001,27949,,,,,,,,,,,,,,,,,
,27949,0.4396250247955322,3.2328834533691406,0.011210359632968903,0.10512632131576538,190,,,,,,,,,,,,
0.0001,27999,,,,,,,,,,,,,,,,,
,27999,0.39903783798217773,2.2193474769592285,0.003710027,0.17339304089546204,190,,,,,,,,,,,,
0.0001,28049,,,,,,,,,,,,,,,,,
,28049,0.4404667317867279,3.1045608520507812,0.004524776,0.1254858672618866,190,,,,,,,,,,,,
,28076,,,,,190,0.4000977873802185,2.758037805557251,0.008727751,0.11556621640920639,,,,,,,,
,28076,,,,,190,,,,,0.4032999575138092,2.856790781021118,0.010614325292408466,0.10700646787881851,,,,
0.0001,28099,,,,,,,,,,,,,,,,,
,28099,0.3481636643409729,2.5507025718688965,0.010681029,0.082412377,191,,,,,,,,,,,,
0.0001,28149,,,,,,,,,,,,,,,,,
,28149,0.4599398970603943,2.9777443408966064,0.004117202,0.15804827213287354,191,,,,,,,,,,,,
0.0001,28199,,,,,,,,,,,,,,,,,
,28199,0.43256765604019165,3.222949981689453,0.003852746,0.1064198762178421,191,,,,,,,,,,,,
,28223,,,,,191,0.39281776547431946,2.740802764892578,0.009365074,0.10937251150608063,,,,,,,,
,28223,,,,,191,,,,,0.39852893352508545,2.8330047130584717,0.009856325,0.10537214577198029,,,,
0.0001,28249,,,,,,,,,,,,,,,,,
,28249,0.2942924499511719,2.041006565093994,0.010201716795563698,0.079990104,192,,,,,,,,,,,,
0.0001,28299,,,,,,,,,,,,,,,,,
,28299,0.39501798152923584,3.0856704711914062,0.003286777,0.083164148,192,,,,,,,,,,,,
0.0001,28349,,,,,,,,,,,,,,,,,
,28349,0.3404795527458191,2.6136698722839355,0.003412793,0.075699747,192,,,,,,,,,,,,
,28370,,,,,192,0.40953633189201355,2.894718885421753,0.012182729318737984,0.10788176208734512,,,,,,,,
,28370,,,,,192,,,,,0.40139302611351013,2.865173816680908,0.009707395,0.10516828298568726,,,,
0.0001,28399,,,,,,,,,,,,,,,,,
,28399,0.35041379928588867,2.6625308990478516,0.01147513,0.072685525,193,,,,,,,,,,,,
0.0001,28449,,,,,,,,,,,,,,,,,
,28449,0.3577879071235657,2.2967617511749268,0.004566716,0.12354501336812973,193,,,,,,,,,,,,
0.0001,28499,,,,,,,,,,,,,,,,,
,28499,0.4217878580093384,2.8591268062591553,0.00465643,0.13121874630451202,193,,,,,,,,,,,,
,28517,,,,,193,0.3959808945655823,2.8130810260772705,0.008788918,0.10588395595550537,,,,,,,,
,28517,,,,,193,,,,,0.3979092836380005,2.8011362552642822,0.011896018,0.10589972138404846,,,,
0.0001,28549,,,,,,,,,,,,,,,,,
,28549,0.4899716079235077,3.918194055557251,0.00326537,0.094886839,194,,,,,,,,,,,,
0.0001,28599,,,,,,,,,,,,,,,,,
,28599,0.32608354091644287,2.2719802856445312,0.004568578,0.0943169,194,,,,,,,,,,,,
0.0001,28649,,,,,,,,,,,,,,,,,
,28649,0.4882122278213501,3.016242027282715,0.007509975,0.17907807230949402,194,,,,,,,,,,,,
,28664,,,,,194,0.4072275161743164,2.8418965339660645,0.009105478,0.11393238604068756,,,,,,,,
,28664,,,,,194,,,,,0.4109974205493927,2.953714132,0.011168262921273708,0.10445785522460938,,,,
0.0001,28699,,,,,,,,,,,,,,,,,
,28699,0.29205191135406494,2.074068784713745,0.007125485,0.077519551,195,,,,,,,,,,,,
0.0001,28749,,,,,,,,,,,,,,,,,
,28749,0.3393165171146393,1.8892322778701782,0.01815992,0.13223335146903992,195,,,,,,,,,,,,
0.0001,28799,,,,,,,,,,,,,,,,,
,28799,0.45286133885383606,3.078759193,0.009197664,0.13578777015209198,195,,,,,,,,,,,,
,28811,,,,,195,0.42400792241096497,3.019084930419922,0.010434252209961414,0.11166518926620483,,,,,,,,
,28811,,,,,195,,,,,0.40077516436576843,2.837338447570801,0.008920079,0.10812124609947205,,,,
0.0001,28849,,,,,,,,,,,,,,,,,
,28849,0.37355679273605347,2.855851888656616,0.004674094,0.083297491,196,,,,,,,,,,,,
0.0001,28899,,,,,,,,,,,,,,,,,
,28899,0.37091490626335144,3.101452350616455,0.005909158,0.054860517382621765,196,,,,,,,,,,,,
0.0001,28949,,,,,,,,,,,,,,,,,
,28949,0.3145221769809723,2.3543953895568848,0.003255444,0.075827196,196,,,,,,,,,,,,
,28958,,,,,196,0.4271446168422699,3.0656399726867676,0.012216162,0.10836438089609146,,,,,,,,
,28958,,,,,196,,,,,0.3970910906791687,2.8285555839538574,0.010896577499806881,0.10333891212940216,,,,
0.0001,28999,,,,,,,,,,,,,,,,,
,28999,0.41841113567352295,2.916745901107788,0.010094317,0.11664226651191711,197,,,,,,,,,,,,
0.0001,29049,,,,,,,,,,,,,,,,,
,29049,0.3045204281806946,1.912934661,0.011400739,0.10182622075080872,197,,,,,,,,,,,,
0.0001,29099,,,,,,,,,,,,,,,,,
,29099,0.4051910936832428,3.0307016372680664,0.004239957,0.097880945,197,,,,,,,,,,,,
,29105,,,,,197,0.41436854004859924,2.976231336593628,0.009710774,0.10703447461128235,,,,,,,,
,29105,,,,,197,,,,,0.3938923478126526,2.778426170349121,0.010268053039908409,0.10578173398971558,,,,
0.0001,29149,,,,,,,,,,,,,,,,,
,29149,0.44626009464263916,3.1771745681762695,0.007081603,0.12146101891994476,198,,,,,,,,,,,,
0.0001,29199,,,,,,,,,,,,,,,,,
,29199,0.5325387716293335,4.120372295379639,0.008544761,0.11195679008960724,198,,,,,,,,,,,,
0.0001,29249,,,,,,,,,,,,,,,,,
,29249,0.49441272020339966,3.5774669647216797,0.010417671,0.12624835968017578,198,,,,,,,,,,,,
,29252,,,,,198,0.3986389636993408,2.7809245586395264,0.009183599,0.11136284470558167,,,,,,,,
,29252,,,,,198,,,,,0.40361273288726807,2.816131353378296,0.011408660560846329,0.1105908676981926,,,,
0.0001,29299,,,,,,,,,,,,,,,,,
,29299,0.3355999290943146,2.267376423,0.007632509,0.10122977197170258,199,,,,,,,,,,,,
0.0001,29349,,,,,,,,,,,,,,,,,
,29349,0.38739126920700073,3.0086445808410645,0.017919896,0.068606913,199,,,,,,,,,,,,
0.0001,29399,,,,,,,,,,,,,,,,,
,29399,0.26331689953804016,1.6177585124969482,0.014882556162774563,0.086658493,199,,,,,,,,,,,,
,29399,,,,,199,0.3886493444442749,2.6931910514831543,0.009121961,0.11020819842815399,,,,,,,,
,29399,,,,,199,,,,,0.3879082500934601,2.714998245239258,0.00971091,0.10669764131307602,,,,
