lr-Adam,step,loss_train_step,pos_train_step,cell_train_step,atomic_numbers_train_step,epoch,loss_val,pos_val,cell_val,atomic_numbers_val,loss_train_epoch,pos_train_epoch,cell_train_epoch,atomic_numbers_train_epoch
5e-05,49,,,,,,,,,,,,,
,49,0.6013659238815308,4.401712417602539,0.017307138070464134,0.1438874900341034,0,,,,,,,,
5e-05,99,,,,,,,,,,,,,
,99,0.3569660782814026,2.5319528579711914,0.012372555211186409,0.09139823168516159,0,,,,,,,,
5e-05,149,,,,,,,,,,,,,
,149,0.48408615589141846,3.523893117904663,0.02162337489426136,0.11007346957921982,0,,,,,,,,
,156,,,,,0,0.40465429425239563,2.7894861698150635,0.01285492442548275,0.11285071074962616,,,,
,156,,,,,0,,,,,0.4217081665992737,2.9031877517700195,0.013967573642730713,0.1174217015504837
5e-05,199,,,,,,,,,,,,,
,199,0.4944021701812744,3.1311473846435547,0.03085530549287796,0.15043213963508606,1,,,,,,,,
5e-05,249,,,,,,,,,,,,,
,249,0.37075161933898926,2.3394675254821777,0.004981980659067631,0.1318228840827942,1,,,,,,,,
5e-05,299,,,,,,,,,,,,,
,299,0.3972609043121338,2.9593679904937744,0.013105317950248718,0.0882187932729721,1,,,,,,,,
,313,,,,,1,0.38286998867988586,2.638334035873413,0.009341630153357983,0.10969489067792892,,,,
,313,,,,,1,,,,,0.41138124465942383,2.883148193359375,0.013542884960770607,0.10952359437942505
5e-05,349,,,,,,,,,,,,,
,349,0.4372304677963257,3.2884292602539062,0.0039448728784918785,0.10444267094135284,2,,,,,,,,
5e-05,399,,,,,,,,,,,,,
,399,0.38880133628845215,2.688063859939575,0.0034867494832724333,0.11650819331407547,2,,,,,,,,
5e-05,449,,,,,,,,,,,,,
,449,0.42526015639305115,3.1039929389953613,0.007144705858081579,0.1077161431312561,2,,,,,,,,
,470,,,,,2,0.42015665769577026,3.041525363922119,0.011564559303224087,0.10443956404924393,,,,
,470,,,,,2,,,,,0.40676072239875793,2.866135597229004,0.011881926096975803,0.10826531052589417
5e-05,499,,,,,,,,,,,,,
,499,0.39031782746315,2.222287654876709,0.004595527425408363,0.16349351406097412,3,,,,,,,,
5e-05,549,,,,,,,,,,,,,
,549,0.3868284225463867,2.860487222671509,0.0028347468469291925,0.0979449450969696,3,,,,,,,,
5e-05,599,,,,,,,,,,,,,
,599,0.38641345500946045,2.3932390213012695,0.00636074785143137,0.14072880148887634,3,,,,,,,,
,627,,,,,3,0.41576069593429565,2.8982045650482178,0.012548588216304779,0.11339166760444641,,,,
,627,,,,,3,,,,,0.39805522561073303,2.8122856616973877,0.011103624477982521,0.1057230681180954
5e-05,649,,,,,,,,,,,,,
,649,0.47077158093452454,3.30666184425354,0.009034160524606705,0.13107119500637054,4,,,,,,,,
5e-05,699,,,,,,,,,,,,,
,699,0.3031957149505615,2.2916150093078613,0.008765429258346558,0.06526878476142883,4,,,,,,,,
5e-05,749,,,,,,,,,,,,,
,749,0.3502171039581299,2.631877899169922,0.013342835940420628,0.07368644326925278,4,,,,,,,,
,784,,,,,4,0.3895096480846405,2.686910390853882,0.011354451067745686,0.10946415364742279,,,,
,784,,,,,4,,,,,0.3889014720916748,2.738572597503662,0.011936911381781101,0.10310719162225723
5e-05,799,,,,,,,,,,,,,
,799,0.6137943267822266,4.868610382080078,0.03871525079011917,0.08821801096200943,5,,,,,,,,
5e-05,849,,,,,,,,,,,,,
,849,0.4717629551887512,3.2684757709503174,0.018068814650177956,0.1268465667963028,5,,,,,,,,
5e-05,899,,,,,,,,,,,,,
,899,0.4076728820800781,2.8495841026306152,0.015726929530501366,0.10698752105236053,5,,,,,,,,
,941,,,,,5,0.4030013680458069,2.9188759326934814,0.01060787308961153,0.10050592571496964,,,,
,941,,,,,5,,,,,0.40012213587760925,2.836780071258545,0.012296745553612709,0.1041472926735878
5e-05,949,,,,,,,,,,,,,
,949,0.5280547142028809,4.103050231933594,0.007363074459135532,0.11038661748170853,6,,,,,,,,
5e-05,999,,,,,,,,,,,,,
,999,0.3898574113845825,2.8654661178588867,0.006770745851099491,0.09654004126787186,6,,,,,,,,
5e-05,1049,,,,,,,,,,,,,
,1049,0.41472843289375305,3.3070106506347656,0.006176203489303589,0.07785117626190186,6,,,,,,,,
,1098,,,,,6,0.4100566506385803,2.885733127593994,0.01490387599915266,0.10657934844493866,,,,
,1098,,,,,6,,,,,0.3940280079841614,2.787165880203247,0.01214493066072464,0.10316646844148636
5e-05,1099,,,,,,,,,,,,,
,1099,0.4510114789009094,3.520143985748291,0.0031591136939823627,0.09583797305822372,7,,,,,,,,
5e-05,1149,,,,,,,,,,,,,
,1149,0.40922755002975464,3.045151710510254,0.006743327714502811,0.09796907007694244,7,,,,,,,,
5e-05,1199,,,,,,,,,,,,,
,1199,0.6935259699821472,5.8037943840026855,0.015101260505616665,0.09804533421993256,7,,,,,,,,
5e-05,1249,,,,,,,,,,,,,
,1249,0.4154031276702881,2.5751500129699707,0.013925494626164436,0.14396260678768158,7,,,,,,,,
,1255,,,,,7,0.4205213189125061,3.071653127670288,0.014192979782819748,0.09916310012340546,,,,
,1255,,,,,7,,,,,0.40606755018234253,2.8911008834838867,0.014430511742830276,0.10252702981233597
5e-05,1299,,,,,,,,,,,,,
,1299,0.35556137561798096,2.671140432357788,0.01380584854632616,0.07464146614074707,8,,,,,,,,
5e-05,1349,,,,,,,,,,,,,
,1349,0.3590814769268036,2.1819753646850586,0.03589312359690666,0.10499079525470734,8,,,,,,,,
5e-05,1399,,,,,,,,,,,,,
,1399,0.39834529161453247,2.790062427520752,0.004197785630822182,0.11514126509428024,8,,,,,,,,
,1412,,,,,8,0.39992326498031616,2.8097081184387207,0.012491562403738499,0.10646092146635056,,,,
,1412,,,,,8,,,,,0.4043319821357727,2.893181085586548,0.01177140697836876,0.10324236750602722
5e-05,1449,,,,,,,,,,,,,
,1449,0.5161611437797546,4.306367874145508,0.008894465863704681,0.07662986218929291,9,,,,,,,,
5e-05,1499,,,,,,,,,,,,,
,1499,0.43801456689834595,2.868255615234375,0.007174448110163212,0.14401452243328094,9,,,,,,,,
5e-05,1549,,,,,,,,,,,,,
,1549,0.36549678444862366,2.649979591369629,0.00967901200056076,0.0908198133111,9,,,,,,,,
,1569,,,,,9,0.4172453284263611,3.0196454524993896,0.01179917436093092,0.10348162055015564,,,,
,1569,,,,,9,,,,,0.40623193979263306,2.9062085151672363,0.012098878622055054,0.1035122349858284
5e-05,1599,,,,,,,,,,,,,
,1599,0.5104438066482544,3.6765198707580566,0.008920857682824135,0.13387098908424377,10,,,,,,,,
5e-05,1649,,,,,,,,,,,,,
,1649,0.46280530095100403,2.9966485500335693,0.008729491382837296,0.1544109582901001,10,,,,,,,,
5e-05,1699,,,,,,,,,,,,,
,1699,0.3770242929458618,2.8823962211608887,0.011748317629098892,0.07703636586666107,10,,,,,,,,
,1726,,,,,10,0.40764185786247253,2.895942449569702,0.013191930018365383,0.10485563427209854,,,,
,1726,,,,,10,,,,,0.39225709438323975,2.786118268966675,0.011501439847052097,0.10214375704526901
5e-05,1749,,,,,,,,,,,,,
,1749,0.33602485060691833,2.096592426300049,0.0025223346892744303,0.12384326010942459,11,,,,,,,,
5e-05,1799,,,,,,,,,,,,,
,1799,0.41674405336380005,2.7186648845672607,0.007410444784909487,0.13746708631515503,11,,,,,,,,
5e-05,1849,,,,,,,,,,,,,
,1849,0.35200875997543335,2.582115411758423,0.007813259959220886,0.08598396182060242,11,,,,,,,,
,1883,,,,,11,0.4216744899749756,3.02839732170105,0.015154804103076458,0.10367994010448456,,,,
,1883,,,,,11,,,,,0.4003754258155823,2.836256265640259,0.011365874670445919,0.10538393259048462
5e-05,1899,,,,,,,,,,,,,
,1899,0.27673789858818054,1.7449456453323364,0.02251230925321579,0.07973101735115051,12,,,,,,,,
5e-05,1949,,,,,,,,,,,,,
,1949,0.5095052123069763,3.8325209617614746,0.010034661740064621,0.1162184625864029,12,,,,,,,,
5e-05,1999,,,,,,,,,,,,,
,1999,0.3127325177192688,2.0736312866210938,0.013137423433363438,0.09223198890686035,12,,,,,,,,
,2040,,,,,12,0.3719062805175781,2.7086575031280518,0.011856858618557453,0.08918362855911255,,,,
,2040,,,,,12,,,,,0.39476653933525085,2.8445310592651367,0.012590089812874794,0.09772338718175888
5e-05,2049,,,,,,,,,,,,,
,2049,0.28220903873443604,1.7911057472229004,0.015700604766607285,0.08739784359931946,13,,,,,,,,
5e-05,2099,,,,,,,,,,,,,
,2099,0.4454447627067566,3.3516645431518555,0.01130724512040615,0.09897105395793915,13,,,,,,,,
5e-05,2149,,,,,,,,,,,,,
,2149,0.3449026346206665,2.839491605758667,0.006106821354478598,0.05484664812684059,13,,,,,,,,
,2197,,,,,13,0.3874853551387787,2.7063565254211426,0.009124253876507282,0.10772544145584106,,,,
,2197,,,,,13,,,,,0.39190980792045593,2.782226800918579,0.01137932762503624,0.10230787098407745
5e-05,2199,,,,,,,,,,,,,
,2199,0.2595805525779724,1.9690110683441162,0.011281272396445274,0.05139816179871559,14,,,,,,,,
5e-05,2249,,,,,,,,,,,,,
,2249,0.38513052463531494,3.1330626010894775,0.006533229723572731,0.06529102474451065,14,,,,,,,,
5e-05,2299,,,,,,,,,,,,,
,2299,0.27302783727645874,1.9255764484405518,0.0029070223681628704,0.07756315916776657,14,,,,,,,,
5e-05,2349,,,,,,,,,,,,,
,2349,0.4366101026535034,2.7125091552734375,0.014611941762268543,0.15074723958969116,14,,,,,,,,
,2354,,,,,14,0.42232203483581543,3.002915143966675,0.011436563916504383,0.11059391498565674,,,,
,2354,,,,,14,,,,,0.40498870611190796,2.933314561843872,0.010864580981433392,0.10079267621040344
5e-05,2399,,,,,,,,,,,,,
,2399,0.3794800639152527,2.592101812362671,0.030524393543601036,0.08974545449018478,15,,,,,,,,
5e-05,2449,,,,,,,,,,,,,
,2449,0.41018974781036377,2.8208935260772705,0.008590218611061573,0.11951015889644623,15,,,,,,,,
5e-05,2499,,,,,,,,,,,,,
,2499,0.44448143243789673,3.2317092418670654,0.015088723972439766,0.1062217503786087,15,,,,,,,,
,2511,,,,,15,0.38703370094299316,2.6773810386657715,0.012409981340169907,0.10688558965921402,,,,
,2511,,,,,15,,,,,0.3888213634490967,2.7558767795562744,0.01132058072835207,0.10191309452056885
5e-05,2549,,,,,,,,,,,,,
,2549,0.41186702251434326,3.1841678619384766,0.0060026077553629875,0.08744760602712631,16,,,,,,,,
5e-05,2599,,,,,,,,,,,,,
,2599,0.30273041129112244,2.0917625427246094,0.04037578031420708,0.05317837744951248,16,,,,,,,,
5e-05,2649,,,,,,,,,,,,,
,2649,0.4806119203567505,3.8224425315856934,0.012282131239771843,0.08608550578355789,16,,,,,,,,
,2668,,,,,16,0.3997068703174591,2.7984399795532227,0.012652263045310974,0.10721065104007721,,,,
,2668,,,,,16,,,,,0.3955587148666382,2.810244560241699,0.012148609384894371,0.10238566994667053
5e-05,2699,,,,,,,,,,,,,
,2699,0.47326579689979553,3.5494227409362793,0.007511918433010578,0.11081158369779587,17,,,,,,,,
5e-05,2749,,,,,,,,,,,,,
,2749,0.40345820784568787,2.8030176162719727,0.006494099274277687,0.11666232347488403,17,,,,,,,,
5e-05,2799,,,,,,,,,,,,,
,2799,0.36457592248916626,2.143087863922119,0.020764898508787155,0.12950222194194794,17,,,,,,,,
,2825,,,,,17,0.40273317694664,2.877678632736206,0.014706766232848167,0.10025852173566818,,,,
,2825,,,,,17,,,,,0.39977386593818665,2.85005259513855,0.01102644857019186,0.10374201834201813
5e-05,2849,,,,,,,,,,,,,
,2849,0.2691718339920044,1.5701229572296143,0.0077387383207678795,0.10442080348730087,18,,,,,,,,
5e-05,2899,,,,,,,,,,,,,
,2899,0.3471292555332184,2.4756860733032227,0.0056557441130280495,0.09390489757061005,18,,,,,,,,
5e-05,2949,,,,,,,,,,,,,
,2949,0.508019745349884,4.092371463775635,0.009519625455141068,0.0892629325389862,18,,,,,,,,
,2982,,,,,18,0.3928819000720978,2.7969558238983154,0.013173925690352917,0.10001242905855179,,,,
,2982,,,,,18,,,,,0.3928634524345398,2.797318458557129,0.011310369707643986,0.10182112455368042
5e-05,2999,,,,,,,,,,,,,
,2999,0.39253348112106323,2.5763416290283203,0.0063935681246221066,0.12850578129291534,19,,,,,,,,
5e-05,3049,,,,,,,,,,,,,
,3049,0.31459498405456543,2.041645050048828,0.005267615430057049,0.10516286641359329,19,,,,,,,,
5e-05,3099,,,,,,,,,,,,,
,3099,0.36209189891815186,2.2766003608703613,0.014496257528662682,0.11993557214736938,19,,,,,,,,
,3139,,,,,19,0.38582342863082886,2.7383196353912354,0.010644293390214443,0.10134714096784592,,,,
,3139,,,,,19,,,,,0.3988167345523834,2.8756258487701416,0.010332253761589527,0.1009218841791153
5e-05,3149,,,,,,,,,,,,,
,3149,0.4154853820800781,3.1287214756011963,0.009485632181167603,0.09312760829925537,20,,,,,,,,
5e-05,3199,,,,,,,,,,,,,
,3199,0.46711304783821106,3.422377586364746,0.004909591283649206,0.11996566504240036,20,,,,,,,,
5e-05,3249,,,,,,,,,,,,,
,3249,0.4689892530441284,3.237017869949341,0.022188859060406685,0.12309858202934265,20,,,,,,,,
,3296,,,,,20,0.3932096064090729,2.7855546474456787,0.014539297670125961,0.10011480748653412,,,,
,3296,,,,,20,,,,,0.39166244864463806,2.825566291809082,0.01132494118064642,0.09778089076280594
5e-05,3299,,,,,,,,,,,,,
,3299,0.46622008085250854,3.5593528747558594,0.004635161720216274,0.10564959794282913,21,,,,,,,,
5e-05,3349,,,,,,,,,,,,,
,3349,0.33255669474601746,2.2880258560180664,0.0060567413456737995,0.09769739210605621,21,,,,,,,,
5e-05,3399,,,,,,,,,,,,,
,3399,0.32451555132865906,2.1241209506988525,0.006953192874789238,0.1051502376794815,21,,,,,,,,
5e-05,3449,,,,,,,,,,,,,
,3449,0.3599656820297241,2.6916394233703613,0.007528126705437899,0.08327363431453705,21,,,,,,,,
,3453,,,,,21,0.404245525598526,2.920596122741699,0.011240774765610695,0.10094510763883591,,,,
,3453,,,,,21,,,,,0.3858429491519928,2.7802040576934814,0.010317881591618061,0.09750471264123917
5e-05,3499,,,,,,,,,,,,,
,3499,0.3850259780883789,2.2542264461517334,0.008198653347790241,0.15140467882156372,22,,,,,,,,
5e-05,3549,,,,,,,,,,,,,
,3549,0.46721068024635315,3.4202797412872314,0.014500249177217484,0.11068245023488998,22,,,,,,,,
5e-05,3599,,,,,,,,,,,,,
,3599,0.5133101940155029,4.014195442199707,0.008350773714482784,0.1035398319363594,22,,,,,,,,
,3610,,,,,22,0.3844856321811676,2.712383985519409,0.011662619188427925,0.10158461332321167,,,,
,3610,,,,,22,,,,,0.3937439024448395,2.8319458961486816,0.01058756373822689,0.09996172785758972
5e-05,3649,,,,,,,,,,,,,
,3649,0.40446481108665466,3.1777195930480957,0.007962273433804512,0.07873059064149857,23,,,,,,,,
5e-05,3699,,,,,,,,,,,,,
,3699,0.4045139253139496,2.4961888790130615,0.00660238740965724,0.1482926309108734,23,,,,,,,,
5e-05,3749,,,,,,,,,,,,,
,3749,0.38986915349960327,2.5850672721862793,0.00322904996573925,0.1281333863735199,23,,,,,,,,
,3767,,,,,23,0.4116292893886566,2.9630839824676514,0.010905160568654537,0.10441569238901138,,,,
,3767,,,,,23,,,,,0.39237692952156067,2.7899951934814453,0.011787435971200466,0.10158990323543549
5e-05,3799,,,,,,,,,,,,,
,3799,0.46832987666130066,3.5690805912017822,0.010535793378949165,0.10088600963354111,24,,,,,,,,
5e-05,3849,,,,,,,,,,,,,
,3849,0.5179792642593384,4.010105133056641,0.014002442359924316,0.10296627879142761,24,,,,,,,,
5e-05,3899,,,,,,,,,,,,,
,3899,0.3239169120788574,2.093358039855957,0.01754429005086422,0.09703681617975235,24,,,,,,,,
,3924,,,,,24,0.3994329571723938,2.8427183628082275,0.01685471273958683,0.09830643981695175,,,,
,3924,,,,,24,,,,,0.39168328046798706,2.8286306858062744,0.011788507923483849,0.09703177213668823
5e-05,3949,,,,,,,,,,,,,
,3949,0.34897381067276,2.781426429748535,0.005228836089372635,0.06560231745243073,25,,,,,,,,
5e-05,3999,,,,,,,,,,,,,
,3999,0.4724157750606537,3.792487621307373,0.006018762476742268,0.08714820444583893,25,,,,,,,,
5e-05,4049,,,,,,,,,,,,,
,4049,0.4632474184036255,3.580866813659668,0.009333479218184948,0.09582728147506714,25,,,,,,,,
,4081,,,,,25,0.413162499666214,3.0140597820281982,0.012359438464045525,0.09939711540937424,,,,
,4081,,,,,25,,,,,0.39037075638771057,2.7991678714752197,0.01105712540447712,0.0993967056274414
5e-05,4099,,,,,,,,,,,,,
,4099,0.3569415807723999,2.676438331604004,0.012973712757229805,0.07632403075695038,26,,,,,,,,
5e-05,4149,,,,,,,,,,,,,
,4149,0.38617801666259766,2.421060562133789,0.005128612741827965,0.13894332945346832,26,,,,,,,,
5e-05,4199,,,,,,,,,,,,,
,4199,0.3481927812099457,2.395448684692383,0.004258745815604925,0.10438919067382812,26,,,,,,,,
,4238,,,,,26,0.38657766580581665,2.6085715293884277,0.010922208428382874,0.11479833722114563,,,,
,4238,,,,,26,,,,,0.38965433835983276,2.762829065322876,0.011884944513440132,0.10148654878139496
5e-05,4249,,,,,,,,,,,,,
,4249,0.32752740383148193,2.4725501537323,0.022234858945012093,0.058037541806697845,27,,,,,,,,
5e-05,4299,,,,,,,,,,,,,
,4299,0.3645907938480377,2.7386763095855713,0.007300448603928089,0.0834226980805397,27,,,,,,,,
5e-05,4349,,,,,,,,,,,,,
,4349,0.3465949594974518,2.2035553455352783,0.014849470928311348,0.11138996481895447,27,,,,,,,,
,4395,,,,,27,0.4105491638183594,2.931403398513794,0.012407882139086723,0.10500096529722214,,,,
,4395,,,,,27,,,,,0.3908333480358124,2.7884159088134766,0.010791291482746601,0.10120042413473129
5e-05,4399,,,,,,,,,,,,,
,4399,0.46185481548309326,3.612240791320801,0.04447343945503235,0.05615728348493576,28,,,,,,,,
5e-05,4449,,,,,,,,,,,,,
,4449,0.40268924832344055,2.6830310821533203,0.01015494391322136,0.12423118948936462,28,,,,,,,,
5e-05,4499,,,,,,,,,,,,,
,4499,0.32175344228744507,2.312309741973877,0.002516683889552951,0.08800578117370605,28,,,,,,,,
5e-05,4549,,,,,,,,,,,,,
,4549,0.4099288880825043,3.0587072372436523,0.013369501568377018,0.09068867564201355,28,,,,,,,,
,4552,,,,,28,0.38609734177589417,2.74999737739563,0.012319223023951054,0.09877830743789673,,,,
,4552,,,,,28,,,,,0.3905734717845917,2.7980666160583496,0.011087227612733841,0.0996796265244484
5e-05,4599,,,,,,,,,,,,,
,4599,0.3045591115951538,2.0620832443237305,0.005286726169288158,0.09306403994560242,29,,,,,,,,
5e-05,4649,,,,,,,,,,,,,
,4649,0.4189884662628174,2.973270893096924,0.02224896475672722,0.09941238164901733,29,,,,,,,,
5e-05,4699,,,,,,,,,,,,,
,4699,0.3960033059120178,3.0791068077087402,0.006334640551358461,0.08175794780254364,29,,,,,,,,
,4709,,,,,29,0.40872296690940857,2.975010633468628,0.010770739056169987,0.10045119374990463,,,,
,4709,,,,,29,,,,,0.3816208243370056,2.754582405090332,0.00959198921918869,0.09657056629657745
5e-05,4749,,,,,,,,,,,,,
,4749,0.32375216484069824,2.42354154586792,0.005742171313613653,0.07565586268901825,30,,,,,,,,
5e-05,4799,,,,,,,,,,,,,
,4799,0.454077810049057,3.39416241645813,0.01638341322541237,0.09827814996242523,30,,,,,,,,
5e-05,4849,,,,,,,,,,,,,
,4849,0.2582729160785675,1.8487465381622314,0.005041069351136684,0.0683571994304657,30,,,,,,,,
,4866,,,,,30,0.3954412043094635,2.7646071910858154,0.01509176380932331,0.10388865321874619,,,,
,4866,,,,,30,,,,,0.3842145800590515,2.7435083389282227,0.010866766795516014,0.09899677336215973
5e-05,4899,,,,,,,,,,,,,
,4899,0.34331223368644714,2.0423946380615234,0.02058132365345955,0.11849141120910645,31,,,,,,,,
5e-05,4949,,,,,,,,,,,,,
,4949,0.3649432361125946,2.792212963104248,0.013560859486460686,0.07216109335422516,31,,,,,,,,
5e-05,4999,,,,,,,,,,,,,
,4999,0.34949761629104614,2.1102242469787598,0.008822567760944366,0.12965263426303864,31,,,,,,,,
,5023,,,,,31,0.39234796166419983,2.7331759929656982,0.014178283512592316,0.10485205054283142,,,,
,5023,,,,,31,,,,,0.3859888017177582,2.7783925533294678,0.010082579217851162,0.09806709736585617
5e-05,5049,,,,,,,,,,,,,
,5049,0.3488094210624695,2.404458999633789,0.008932869881391525,0.09943068027496338,32,,,,,,,,
5e-05,5099,,,,,,,,,,,,,
,5099,0.4220580756664276,2.9161217212677,0.024183306843042374,0.10626254975795746,32,,,,,,,,
5e-05,5149,,,,,,,,,,,,,
,5149,0.33109551668167114,2.2081899642944336,0.0034605059772729874,0.10681597888469696,32,,,,,,,,
,5180,,,,,32,0.4244486093521118,2.9916021823883057,0.016057796776294708,0.109230637550354,,,,
,5180,,,,,32,,,,,0.3947853147983551,2.8046483993530273,0.010986669920384884,0.10333389043807983
5e-05,5199,,,,,,,,,,,,,
,5199,0.32867759466171265,2.418644428253174,0.012172284536063671,0.07464087009429932,33,,,,,,,,
5e-05,5249,,,,,,,,,,,,,
,5249,0.3006174564361572,1.9628947973251343,0.02219223603606224,0.08213572204113007,33,,,,,,,,
5e-05,5299,,,,,,,,,,,,,
,5299,0.3941236734390259,2.391834020614624,0.0035011509899049997,0.1514391005039215,33,,,,,,,,
,5337,,,,,33,0.37819454073905945,2.6823549270629883,0.010191315785050392,0.09976770728826523,,,,
,5337,,,,,33,,,,,0.38641607761383057,2.748749017715454,0.010312311351299286,0.10122911632061005
5e-05,5349,,,,,,,,,,,,,
,5349,0.40829402208328247,2.825148105621338,0.013746988028287888,0.1120322197675705,34,,,,,,,,
5e-05,5399,,,,,,,,,,,,,
,5399,0.3523441255092621,2.10094952583313,0.013040297664701939,0.12920887768268585,34,,,,,,,,
5e-05,5449,,,,,,,,,,,,,
,5449,0.36155402660369873,2.4006783962249756,0.006514767184853554,0.11497139930725098,34,,,,,,,,
,5494,,,,,34,0.4013882577419281,2.8861045837402344,0.011160793714225292,0.10161692649126053,,,,
,5494,,,,,34,,,,,0.3738657236099243,2.652806282043457,0.01121385395526886,0.09737133979797363
5e-05,5499,,,,,,,,,,,,,
,5499,0.335532009601593,2.3238580226898193,0.0036266082897782326,0.09951961040496826,35,,,,,,,,
5e-05,5549,,,,,,,,,,,,,
,5549,0.32950031757354736,1.986864447593689,0.010400218889117241,0.1204136312007904,35,,,,,,,,
5e-05,5599,,,,,,,,,,,,,
,5599,0.38761651515960693,2.876804828643799,0.0118479635566473,0.08808808028697968,35,,,,,,,,
5e-05,5649,,,,,,,,,,,,,
,5649,0.36968672275543213,2.9515514373779297,0.008158482611179352,0.06637311726808548,35,,,,,,,,
,5651,,,,,35,0.39256390929222107,2.832750082015991,0.012438411824405193,0.09685053676366806,,,,
,5651,,,,,35,,,,,0.38560280203819275,2.7802305221557617,0.009101228788495064,0.09847861528396606
5e-05,5699,,,,,,,,,,,,,
,5699,0.38512811064720154,2.9265499114990234,0.008659036830067635,0.08381406962871552,36,,,,,,,,
5e-05,5749,,,,,,,,,,,,,
,5749,0.30087441205978394,1.9250097274780273,0.016212552785873413,0.09216088056564331,36,,,,,,,,
5e-05,5799,,,,,,,,,,,,,
,5799,0.3660145401954651,2.8417611122131348,0.004913005977869034,0.07692539691925049,36,,,,,,,,
,5808,,,,,36,0.405295193195343,2.939906358718872,0.014902756549417973,0.0964018777012825,,,,
,5808,,,,,36,,,,,0.37042102217674255,2.6053659915924072,0.010011744685471058,0.09987268596887589
5e-05,5849,,,,,,,,,,,,,
,5849,0.42630261182785034,2.955848217010498,0.0058998242020606995,0.12481793761253357,37,,,,,,,,
5e-05,5899,,,,,,,,,,,,,
,5899,0.4671696424484253,3.3887689113616943,0.03193134441971779,0.09636137634515762,37,,,,,,,,
5e-05,5949,,,,,,,,,,,,,
,5949,0.3565504550933838,2.4816598892211914,0.0055816899985075,0.10280276834964752,37,,,,,,,,
,5965,,,,,37,0.3943295478820801,2.8609707355499268,0.011884178966283798,0.09634838253259659,,,,
,5965,,,,,37,,,,,0.38479453325271606,2.7629055976867676,0.00980642344802618,0.09869764745235443
5e-05,5999,,,,,,,,,,,,,
,5999,0.34009355306625366,2.4845118522644043,0.008161511272192001,0.0834808200597763,38,,,,,,,,
5e-05,6049,,,,,,,,,,,,,
,6049,0.30138498544692993,1.8467230796813965,0.0192837193608284,0.09742892533540726,38,,,,,,,,
5e-05,6099,,,,,,,,,,,,,
,6099,0.3732283115386963,2.749999523162842,0.011546485126018524,0.08668187260627747,38,,,,,,,,
,6122,,,,,38,0.39191436767578125,2.773540735244751,0.01028686948120594,0.1042734757065773,,,,
,6122,,,,,38,,,,,0.3971312344074249,2.8885724544525146,0.010952519252896309,0.09732131659984589
5e-05,6149,,,,,,,,,,,,,
,6149,0.38568663597106934,2.548166275024414,0.0356142483651638,0.0952557772397995,39,,,,,,,,
5e-05,6199,,,,,,,,,,,,,
,6199,0.31584876775741577,2.152017593383789,0.01225186511874199,0.0883951187133789,39,,,,,,,,
5e-05,6249,,,,,,,,,,,,,
,6249,0.2894060015678406,1.915848731994629,0.005329670384526253,0.09249146282672882,39,,,,,,,,
,6279,,,,,39,0.39653775095939636,2.820030450820923,0.014291740022599697,0.10024295002222061,,,,
,6279,,,,,39,,,,,0.38760486245155334,2.8151185512542725,0.011148408055305481,0.09494463354349136
5e-05,6299,,,,,,,,,,,,,
,6299,0.3842712640762329,2.8503940105438232,0.01209808699786663,0.08713375777006149,40,,,,,,,,
5e-05,6349,,,,,,,,,,,,,
,6349,0.24443310499191284,1.1519713401794434,0.015765132382512093,0.11347085237503052,40,,,,,,,,
5e-05,6399,,,,,,,,,,,,,
,6399,0.29513657093048096,1.8902032375335693,0.015908578410744667,0.09020767360925674,40,,,,,,,,
,6436,,,,,40,0.3968835473060608,2.850478172302246,0.011985445395112038,0.09985023736953735,,,,
,6436,,,,,40,,,,,0.38940906524658203,2.8029098510742188,0.011187022551894188,0.09793113172054291
5e-05,6449,,,,,,,,,,,,,
,6449,0.45543017983436584,3.323216199874878,0.006374972872436047,0.1167335957288742,41,,,,,,,,
5e-05,6499,,,,,,,,,,,,,
,6499,0.354857861995697,2.662842273712158,0.009832981042563915,0.07874064147472382,41,,,,,,,,
5e-05,6549,,,,,,,,,,,,,
,6549,0.31787431240081787,2.415011167526245,0.005530153401196003,0.07084305584430695,41,,,,,,,,
,6593,,,,,41,0.38316529989242554,2.6498849391937256,0.015365301631391048,0.10281158238649368,,,,
,6593,,,,,41,,,,,0.3868912160396576,2.766902446746826,0.010464792139828205,0.09973612427711487
5e-05,6599,,,,,,,,,,,,,
,6599,0.38945215940475464,2.3358962535858154,0.030600043013691902,0.12526248395442963,42,,,,,,,,
5e-05,6649,,,,,,,,,,,,,
,6649,0.4129180312156677,3.179356575012207,0.010767748579382896,0.08421462774276733,42,,,,,,,,
5e-05,6699,,,,,,,,,,,,,
,6699,0.4415777921676636,3.0854759216308594,0.0065962569788098335,0.12643393874168396,42,,,,,,,,
5e-05,6749,,,,,,,,,,,,,
,6749,0.3975091576576233,2.948411464691162,0.01717342995107174,0.08549453318119049,42,,,,,,,,
,6750,,,,,42,0.382351815700531,2.7373383045196533,0.01136621180921793,0.09725169092416763,,,,
,6750,,,,,42,,,,,0.3865894377231598,2.7566306591033936,0.011279723607003689,0.09964664280414581
5e-05,6799,,,,,,,,,,,,,
,6799,0.4493357837200165,3.430813789367676,0.007634458597749472,0.0986199900507927,43,,,,,,,,
5e-05,6849,,,,,,,,,,,,,
,6849,0.5156695246696472,3.698984384536743,0.01720566675066948,0.12856543064117432,43,,,,,,,,
5e-05,6899,,,,,,,,,,,,,
,6899,0.587806224822998,4.580667018890381,0.006642723456025124,0.12309683114290237,43,,,,,,,,
,6907,,,,,43,0.4005733132362366,2.8544442653656006,0.010965592227876186,0.10416331142187119,,,,
,6907,,,,,43,,,,,0.3866844177246094,2.747715711593628,0.010286816395819187,0.10162602365016937
5e-05,6949,,,,,,,,,,,,,
,6949,0.30295440554618835,2.026721239089966,0.005524968262761831,0.0947573259472847,44,,,,,,,,
5e-05,6999,,,,,,,,,,,,,
,6999,0.3812016248703003,3.0257513523101807,0.004095230717211962,0.07453131675720215,44,,,,,,,,
5e-05,7049,,,,,,,,,,,,,
,7049,0.4000346064567566,2.9130678176879883,0.0037248905282467604,0.10500291734933853,44,,,,,,,,
,7064,,,,,44,0.40738677978515625,2.9393866062164307,0.0139102041721344,0.0995379313826561,,,,
,7064,,,,,44,,,,,0.3918812870979309,2.8343920707702637,0.009783796034753323,0.0986582487821579
5e-05,7099,,,,,,,,,,,,,
,7099,0.6149501204490662,5.052705764770508,0.013627547770738602,0.09605201333761215,45,,,,,,,,
5e-05,7149,,,,,,,,,,,,,
,7149,0.4152081310749054,2.9764108657836914,0.0175599567592144,0.1000070795416832,45,,,,,,,,
5e-05,7199,,,,,,,,,,,,,
,7199,0.3216443657875061,2.327369213104248,0.02628428302705288,0.06262318789958954,45,,,,,,,,
,7221,,,,,45,0.3791220188140869,2.6712543964385986,0.012815291061997414,0.09918136894702911,,,,
,7221,,,,,45,,,,,0.3941078782081604,2.8373489379882812,0.010113080963492393,0.10025998204946518
5e-05,7249,,,,,,,,,,,,,
,7249,0.332804799079895,2.2488934993743896,0.012361126020550728,0.09555432200431824,46,,,,,,,,
5e-05,7299,,,,,,,,,,,,,
,7299,0.4552299678325653,3.2151312828063965,0.005294890608638525,0.12842193245887756,46,,,,,,,,
5e-05,7349,,,,,,,,,,,,,
,7349,0.4137159585952759,2.9508769512176514,0.008961208164691925,0.10966706275939941,46,,,,,,,,
,7378,,,,,46,0.39567118883132935,2.833439588546753,0.013338933698832989,0.09898828715085983,,,,
,7378,,,,,46,,,,,0.39039093255996704,2.822314739227295,0.011008101515471935,0.09715138375759125
5e-05,7399,,,,,,,,,,,,,
,7399,0.42009326815605164,3.321077823638916,0.0158509761095047,0.07213451713323593,47,,,,,,,,
5e-05,7449,,,,,,,,,,,,,
,7449,0.32238760590553284,1.8099756240844727,0.007500153966248035,0.13388988375663757,47,,,,,,,,
5e-05,7499,,,,,,,,,,,,,
,7499,0.3156472444534302,2.1315762996673584,0.016762875020503998,0.08572673052549362,47,,,,,,,,
,7535,,,,,47,0.3850570023059845,2.7117421627044678,0.013699999079108238,0.10018282383680344,,,,
,7535,,,,,47,,,,,0.37868228554725647,2.741335391998291,0.009623195976018906,0.09492547810077667
5e-05,7549,,,,,,,,,,,,,
,7549,0.43861424922943115,3.253406524658203,0.005971846170723438,0.10730176419019699,48,,,,,,,,
5e-05,7599,,,,,,,,,,,,,
,7599,0.4201328456401825,3.0988688468933105,0.004815400578081608,0.10543054342269897,48,,,,,,,,
5e-05,7649,,,,,,,,,,,,,
,7649,0.39268603920936584,2.8465614318847656,0.008379974402487278,0.09964992105960846,48,,,,,,,,
,7692,,,,,48,0.38964343070983887,2.816213369369507,0.010699287056922913,0.09732276946306229,,,,
,7692,,,,,48,,,,,0.3858664929866791,2.7719569206237793,0.009499452076852322,0.09917134046554565
5e-05,7699,,,,,,,,,,,,,
,7699,0.541602611541748,3.923839807510376,0.02590823732316494,0.12331036478281021,49,,,,,,,,
5e-05,7749,,,,,,,,,,,,,
,7749,0.33296728134155273,2.16652250289917,0.01111143920570612,0.10520359873771667,49,,,,,,,,
5e-05,7799,,,,,,,,,,,,,
,7799,0.3019627034664154,1.888211965560913,0.002963629085570574,0.11017788201570511,49,,,,,,,,
5e-05,7849,,,,,,,,,,,,,
,7849,0.21100753545761108,1.0364024639129639,0.0034432965330779552,0.10392399877309799,49,,,,,,,,
,7849,,,,,49,0.4069077670574188,2.913494110107422,0.015349063090980053,0.1002093255519867,,,,
,7849,,,,,49,,,,,0.379113107919693,2.7018258571624756,0.010868659242987633,0.09806177765130997
5e-05,7899,,,,,,,,,,,,,
,7899,0.3517027199268341,2.696575164794922,0.009187143296003342,0.07285802811384201,50,,,,,,,,
5e-05,7949,,,,,,,,,,,,,
,7949,0.3070206046104431,2.1441147327423096,0.0038257266860455275,0.08878341317176819,50,,,,,,,,
5e-05,7999,,,,,,,,,,,,,
,7999,0.3466638922691345,2.5961861610412598,0.005205628462135792,0.08183962851762772,50,,,,,,,,
,8006,,,,,50,0.401655375957489,2.8839635848999023,0.011557449586689472,0.10170160233974457,,,,
,8006,,,,,50,,,,,0.38449394702911377,2.7701847553253174,0.010479524731636047,0.09699606150388718
5e-05,8049,,,,,,,,,,,,,
,8049,0.4187895655632019,3.153956651687622,0.008940497413277626,0.09445340186357498,51,,,,,,,,
5e-05,8099,,,,,,,,,,,,,
,8099,0.3773196339607239,2.7545387744903564,0.005261398386210203,0.0966043546795845,51,,,,,,,,
5e-05,8149,,,,,,,,,,,,,
,8149,0.26090508699417114,1.7231073379516602,0.00678747333586216,0.08180685341358185,51,,,,,,,,
,8163,,,,,51,0.39965903759002686,2.8404743671417236,0.011909091845154762,0.10370250791311264,,,,
,8163,,,,,51,,,,,0.388567715883255,2.8025102615356445,0.010267076082527637,0.09804968535900116
5e-05,8199,,,,,,,,,,,,,
,8199,0.24971206486225128,1.7773704528808594,0.007606280967593193,0.06436873972415924,52,,,,,,,,
5e-05,8249,,,,,,,,,,,,,
,8249,0.43163079023361206,2.7962965965270996,0.03451048582792282,0.11749066412448883,52,,,,,,,,
5e-05,8299,,,,,,,,,,,,,
,8299,0.32708221673965454,2.5146384239196777,0.00970506388694048,0.06591328233480453,52,,,,,,,,
,8320,,,,,52,0.39195743203163147,2.8118200302124023,0.013742417097091675,0.09703296422958374,,,,
,8320,,,,,52,,,,,0.38263434171676636,2.7568459510803223,0.010058102197945118,0.0968916043639183
5e-05,8349,,,,,,,,,,,,,
,8349,0.27946963906288147,1.2659790515899658,0.0110701285302639,0.1418016105890274,53,,,,,,,,
5e-05,8399,,,,,,,,,,,,,
,8399,0.3502070903778076,2.6246304512023926,0.008051419630646706,0.07969263195991516,53,,,,,,,,
5e-05,8449,,,,,,,,,,,,,
,8449,0.4580055773258209,3.412595748901367,0.007699247449636459,0.10904675722122192,53,,,,,,,,
,8477,,,,,53,0.40407755970954895,2.8233020305633545,0.013984416611492634,0.10776293277740479,,,,
,8477,,,,,53,,,,,0.3873622417449951,2.793938159942627,0.009841623716056347,0.0981268435716629
5e-05,8499,,,,,,,,,,,,,
,8499,0.4126684367656708,2.983492374420166,0.010146192274987698,0.10417301207780838,54,,,,,,,,
5e-05,8549,,,,,,,,,,,,,
,8549,0.5241436958312988,4.088718414306641,0.04037443548440933,0.07489745318889618,54,,,,,,,,
5e-05,8599,,,,,,,,,,,,,
,8599,0.3118632137775421,2.0975966453552246,0.007868453860282898,0.09423508495092392,54,,,,,,,,
,8634,,,,,54,0.4089481234550476,2.9001874923706055,0.015984391793608665,0.10294503718614578,,,,
,8634,,,,,54,,,,,0.38259777426719666,2.7511532306671143,0.01131993904709816,0.09616246074438095
5e-05,8649,,,,,,,,,,,,,
,8649,0.5015504956245422,3.8887343406677246,0.008757217787206173,0.10391984134912491,55,,,,,,,,
5e-05,8699,,,,,,,,,,,,,
,8699,0.41813623905181885,3.3833084106445312,0.004802061710506678,0.07500335574150085,55,,,,,,,,
5e-05,8749,,,,,,,,,,,,,
,8749,0.37417516112327576,2.9041383266448975,0.008260554634034634,0.07550077885389328,55,,,,,,,,
,8791,,,,,55,0.41296637058258057,3.012511730194092,0.010701210238039494,0.10101397335529327,,,,
,8791,,,,,55,,,,,0.38272443413734436,2.727867841720581,0.010659974068403244,0.09927764534950256
5e-05,8799,,,,,,,,,,,,,
,8799,0.34035903215408325,2.410583734512329,0.014035547152161598,0.08526508510112762,56,,,,,,,,
5e-05,8849,,,,,,,,,,,,,
,8849,0.4018324017524719,2.669018507003784,0.005402375943958759,0.12952816486358643,56,,,,,,,,
5e-05,8899,,,,,,,,,,,,,
,8899,0.4295957088470459,3.3231186866760254,0.0077760908752679825,0.08950775116682053,56,,,,,,,,
,8948,,,,,56,0.3897689878940582,2.8100438117980957,0.012314409017562866,0.09645023196935654,,,,
,8948,,,,,56,,,,,0.3790150284767151,2.7140493392944336,0.010010464116930962,0.09759954363107681
5e-05,8949,,,,,,,,,,,,,
,8949,0.5263739228248596,3.9767916202545166,0.015107057988643646,0.1135876476764679,57,,,,,,,,
5e-05,8999,,,,,,,,,,,,,
,8999,0.32914793491363525,2.2316620349884033,0.01366488542407751,0.09231683611869812,57,,,,,,,,
5e-05,9049,,,,,,,,,,,,,
,9049,0.38721510767936707,3.105900526046753,0.011073182336986065,0.06555186957120895,57,,,,,,,,
5e-05,9099,,,,,,,,,,,,,
,9099,0.32392174005508423,2.3253211975097656,0.013870861381292343,0.0775187611579895,57,,,,,,,,
,9105,,,,,57,0.42325925827026367,3.024441957473755,0.014091533608734608,0.10672353953123093,,,,
,9105,,,,,57,,,,,0.37786898016929626,2.6985087394714355,0.009577150456607342,0.09844090044498444
5e-05,9149,,,,,,,,,,,,,
,9149,0.36215198040008545,2.494617462158203,0.006986880674958229,0.10570335388183594,58,,,,,,,,
5e-05,9199,,,,,,,,,,,,,
,9199,0.41248956322669983,3.1406643390655518,0.006210477091372013,0.09221263974905014,58,,,,,,,,
5e-05,9249,,,,,,,,,,,,,
,9249,0.46154356002807617,3.484506130218506,0.009610895998775959,0.10348208248615265,58,,,,,,,,
,9262,,,,,58,0.38908886909484863,2.8423056602478027,0.011201796121895313,0.0936565026640892,,,,
,9262,,,,,58,,,,,0.38168826699256897,2.7233850955963135,0.011970237828791142,0.09737954288721085
5e-05,9299,,,,,,,,,,,,,
,9299,0.24597537517547607,1.5207350254058838,0.013188028708100319,0.08071383833885193,59,,,,,,,,
5e-05,9349,,,,,,,,,,,,,
,9349,0.3664587736129761,2.773134708404541,0.002837283071130514,0.08630801737308502,59,,,,,,,,
5e-05,9399,,,,,,,,,,,,,
,9399,0.39531880617141724,2.7471485137939453,0.008218228816986084,0.11238571256399155,59,,,,,,,,
,9419,,,,,59,0.4098992645740509,2.8780224323272705,0.014144561253488064,0.10795247554779053,,,,
,9419,,,,,59,,,,,0.3827216923236847,2.7425434589385986,0.011275368742644787,0.09719200432300568
5e-05,9449,,,,,,,,,,,,,
,9449,0.47641992568969727,3.3765816688537598,0.0037119202315807343,0.13504986464977264,60,,,,,,,,
5e-05,9499,,,,,,,,,,,,,
,9499,0.28371530771255493,1.749750018119812,0.006072472780942917,0.10266780853271484,60,,,,,,,,
5e-05,9549,,,,,,,,,,,,,
,9549,0.30371737480163574,2.0128579139709473,0.0046591125428676605,0.09777245670557022,60,,,,,,,,
,9576,,,,,60,0.38944417238235474,2.7752764225006104,0.01233717706054449,0.09957937151193619,,,,
,9576,,,,,60,,,,,0.3720937967300415,2.6617767810821533,0.00930087547749281,0.09661520272493362
5e-05,9599,,,,,,,,,,,,,
,9599,0.34271496534347534,2.0866029262542725,0.005293714813888073,0.1287609487771988,61,,,,,,,,
5e-05,9649,,,,,,,,,,,,,
,9649,0.28490275144577026,1.910541296005249,0.008821817114949226,0.0850268304347992,61,,,,,,,,
5e-05,9699,,,,,,,,,,,,,
,9699,0.4139277935028076,2.3760135173797607,0.052872996777296066,0.12345343828201294,61,,,,,,,,
,9733,,,,,61,0.37978285551071167,2.6878747940063477,0.011717130430042744,0.09927818179130554,,,,
,9733,,,,,61,,,,,0.3793042004108429,2.6964755058288574,0.010657142847776413,0.0989995226264
5e-05,9749,,,,,,,,,,,,,
,9749,0.3330685496330261,2.059544086456299,0.005169450771063566,0.12194468080997467,62,,,,,,,,
5e-05,9799,,,,,,,,,,,,,
,9799,0.447836309671402,3.7166991233825684,0.010736658237874508,0.06542972475290298,62,,,,,,,,
5e-05,9849,,,,,,,,,,,,,
,9849,0.4150770902633667,3.1593940258026123,0.004619016777724028,0.09451866149902344,62,,,,,,,,
,9890,,,,,62,0.3940896689891815,2.87829852104187,0.01146427821367979,0.09479555487632751,,,,
,9890,,,,,62,,,,,0.39023357629776,2.8434791564941406,0.010222755372524261,0.09566296637058258
5e-05,9899,,,,,,,,,,,,,
,9899,0.34195229411125183,2.1460328102111816,0.009588963352143764,0.1177600622177124,63,,,,,,,,
5e-05,9949,,,,,,,,,,,,,
,9949,0.49835139513015747,3.9080471992492676,0.006372551433742046,0.10117413103580475,63,,,,,,,,
5e-05,9999,,,,,,,,,,,,,
,9999,0.4650344252586365,3.067035675048828,0.006323638837784529,0.15200722217559814,63,,,,,,,,
,10047,,,,,63,0.40047574043273926,2.837867498397827,0.013283011503517628,0.10340598225593567,,,,
,10047,,,,,63,,,,,0.3829725682735443,2.7710516452789307,0.011005748063325882,0.09486159682273865
5e-05,10049,,,,,,,,,,,,,
,10049,0.40331578254699707,3.141028881072998,0.008308302611112595,0.08090457320213318,64,,,,,,,,
5e-05,10099,,,,,,,,,,,,,
,10099,0.263084352016449,1.903860092163086,0.004805639386177063,0.06789271533489227,64,,,,,,,,
5e-05,10149,,,,,,,,,,,,,
,10149,0.37906572222709656,2.844496011734009,0.004336200654506683,0.09027990698814392,64,,,,,,,,
5e-05,10199,,,,,,,,,,,,,
,10199,0.3339037299156189,1.9821001291275024,0.027766937389969826,0.10792677104473114,64,,,,,,,,
,10204,,,,,64,0.3899511396884918,2.7254035472869873,0.013605298474431038,0.10380556434392929,,,,
,10204,,,,,64,,,,,0.37490028142929077,2.6695497035980225,0.01059647649526596,0.09734892845153809
5e-05,10249,,,,,,,,,,,,,
,10249,0.298769474029541,1.6103322505950928,0.009070344269275665,0.12866586446762085,65,,,,,,,,
5e-05,10299,,,,,,,,,,,,,
,10299,0.5304365754127502,4.286454677581787,0.008081035688519478,0.09371007978916168,65,,,,,,,,
5e-05,10349,,,,,,,,,,,,,
,10349,0.5367122292518616,4.140918731689453,0.006793229840695858,0.11582711338996887,65,,,,,,,,
,10361,,,,,65,0.39714881777763367,2.8006253242492676,0.011741158552467823,0.10534512251615524,,,,
,10361,,,,,65,,,,,0.3897225856781006,2.813227415084839,0.01078061480075121,0.09761937707662582
5e-05,10399,,,,,,,,,,,,,
,10399,0.2697320282459259,1.6232373714447021,0.005747958552092314,0.1016603633761406,66,,,,,,,,
5e-05,10449,,,,,,,,,,,,,
,10449,0.3649110794067383,2.705115795135498,0.004391040187329054,0.0900084525346756,66,,,,,,,,
5e-05,10499,,,,,,,,,,,,,
,10499,0.44111576676368713,2.9898009300231934,0.00851792749017477,0.13361771404743195,66,,,,,,,,
,10518,,,,,66,0.3821468651294708,2.7031965255737305,0.008963844738900661,0.10286334902048111,,,,
,10518,,,,,66,,,,,0.37605199217796326,2.714228391647339,0.009128779172897339,0.09550048410892487
5e-05,10549,,,,,,,,,,,,,
,10549,0.3345170021057129,2.2329838275909424,0.01097826100885868,0.10024037957191467,67,,,,,,,,
5e-05,10599,,,,,,,,,,,,,
,10599,0.46165698766708374,3.7835450172424316,0.01213323324918747,0.07116922736167908,67,,,,,,,,
5e-05,10649,,,,,,,,,,,,,
,10649,0.38959434628486633,2.724308490753174,0.0032655587419867516,0.11389793455600739,67,,,,,,,,
,10675,,,,,67,0.39353474974632263,2.781480312347412,0.013668779283761978,0.1017179861664772,,,,
,10675,,,,,67,,,,,0.3851897120475769,2.7846007347106934,0.010833865031599998,0.09589578956365585
5e-05,10699,,,,,,,,,,,,,
,10699,0.3839752674102783,2.607933521270752,0.03333079814910889,0.08985112607479095,68,,,,,,,,
5e-05,10749,,,,,,,,,,,,,
,10749,0.37351348996162415,2.8878159523010254,0.008183643221855164,0.07654823362827301,68,,,,,,,,
5e-05,10799,,,,,,,,,,,,,
,10799,0.4408152401447296,3.344719171524048,0.010438104160130024,0.09590520709753036,68,,,,,,,,
,10832,,,,,68,0.4412437677383423,3.245969533920288,0.011718890629708767,0.10492793470621109,,,,
,10832,,,,,68,,,,,0.38256093859672546,2.761817455291748,0.01036384329199791,0.09601535648107529
5e-05,10849,,,,,,,,,,,,,
,10849,0.5056856870651245,3.669309616088867,0.008515235036611557,0.13023953139781952,69,,,,,,,,
5e-05,10899,,,,,,,,,,,,,
,10899,0.3821781873703003,2.519693374633789,0.008956100791692734,0.12125275284051895,69,,,,,,,,
5e-05,10949,,,,,,,,,,,,,
,10949,0.3138769567012787,2.3660054206848145,0.009087287820875645,0.0681891143321991,69,,,,,,,,
,10989,,,,,69,0.4083217680454254,2.9293997287750244,0.010031266137957573,0.10535047203302383,,,,
,10989,,,,,69,,,,,0.37881341576576233,2.724841594696045,0.010546308942139149,0.09578298032283783
5e-05,10999,,,,,,,,,,,,,
,10999,0.40884262323379517,2.535376787185669,0.004933459684252739,0.1503714621067047,70,,,,,,,,
5e-05,11049,,,,,,,,,,,,,
,11049,0.49341219663619995,3.6634669303894043,0.00805860199034214,0.11900687962770462,70,,,,,,,,
5e-05,11099,,,,,,,,,,,,,
,11099,0.349753737449646,2.5237956047058105,0.003826297353953123,0.09354787319898605,70,,,,,,,,
,11146,,,,,70,0.40511399507522583,2.9266140460968018,0.010601512156426907,0.10185109823942184,,,,
,11146,,,,,70,,,,,0.3842313289642334,2.7597405910491943,0.010570108890533447,0.09768712520599365
5e-05,11149,,,,,,,,,,,,,
,11149,0.35734695196151733,2.3939428329467773,0.0037323441356420517,0.11422029137611389,71,,,,,,,,
5e-05,11199,,,,,,,,,,,,,
,11199,0.41019928455352783,3.4509291648864746,0.0032643252052366734,0.061842042952775955,71,,,,,,,,
5e-05,11249,,,,,,,,,,,,,
,11249,0.5285717844963074,4.214991569519043,0.01032421737909317,0.09674844145774841,71,,,,,,,,
5e-05,11299,,,,,,,,,,,,,
,11299,0.4481362998485565,3.079349994659424,0.0606401152908802,0.07956118881702423,71,,,,,,,,
,11303,,,,,71,0.40449291467666626,2.949859142303467,0.015063706785440445,0.09444331377744675,,,,
,11303,,,,,71,,,,,0.3753376603126526,2.698542594909668,0.011329279281198978,0.09415407478809357
5e-05,11349,,,,,,,,,,,,,
,11349,0.3867151439189911,3.0523290634155273,0.0076948474161326885,0.07378740608692169,72,,,,,,,,
5e-05,11399,,,,,,,,,,,,,
,11399,0.30188465118408203,2.2464773654937744,0.00867009162902832,0.06856681406497955,72,,,,,,,,
5e-05,11449,,,,,,,,,,,,,
,11449,0.4145129919052124,3.20804500579834,0.006526188924908638,0.08718231320381165,72,,,,,,,,
,11460,,,,,72,0.41220584511756897,2.9790141582489014,0.011119580827653408,0.10318481177091599,,,,
,11460,,,,,72,,,,,0.378156840801239,2.692333698272705,0.010934751480817795,0.09798865020275116
5e-05,11499,,,,,,,,,,,,,
,11499,0.32216501235961914,1.9990448951721191,0.02315349504351616,0.09910699725151062,73,,,,,,,,
5e-05,11549,,,,,,,,,,,,,
,11549,0.4432676434516907,3.6621012687683105,0.008543463423848152,0.06851404905319214,73,,,,,,,,
5e-05,11599,,,,,,,,,,,,,
,11599,0.40711677074432373,3.138303279876709,0.008456245064735413,0.08483020216226578,73,,,,,,,,
,11617,,,,,73,0.3902702331542969,2.714246988296509,0.011154183186590672,0.10769136995077133,,,,
,11617,,,,,73,,,,,0.38375595211982727,2.75380277633667,0.011093066073954105,0.09728269279003143
5e-05,11649,,,,,,,,,,,,,
,11649,0.472975492477417,3.550527811050415,0.008560811169445515,0.1093619093298912,74,,,,,,,,
5e-05,11699,,,,,,,,,,,,,
,11699,0.3939187228679657,3.1123929023742676,0.008335246704518795,0.07434418797492981,74,,,,,,,,
5e-05,11749,,,,,,,,,,,,,
,11749,0.3235951364040375,2.496156692504883,0.004598954692482948,0.06938052922487259,74,,,,,,,,
,11774,,,,,74,0.39128196239471436,2.7655656337738037,0.01302841305732727,0.10169690102338791,,,,
,11774,,,,,74,,,,,0.39085641503334045,2.8570003509521484,0.00990117434412241,0.09525520354509354
5e-05,11799,,,,,,,,,,,,,
,11799,0.39620187878608704,3.232024669647217,0.008739498443901539,0.06425990164279938,75,,,,,,,,
5e-05,11849,,,,,,,,,,,,,
,11849,0.36413663625717163,2.2365925312042236,0.006472456268966198,0.13400490581989288,75,,,,,,,,
5e-05,11899,,,,,,,,,,,,,
,11899,0.36614924669265747,2.3062491416931152,0.008168600499629974,0.12735572457313538,75,,,,,,,,
,11931,,,,,75,0.4123658835887909,3.005953073501587,0.014586124569177628,0.09718438982963562,,,,
,11931,,,,,75,,,,,0.3810260593891144,2.766279935836792,0.009346767328679562,0.0950513705611229
5e-05,11949,,,,,,,,,,,,,
,11949,0.34656938910484314,2.4327802658081055,0.004084594547748566,0.09920674562454224,76,,,,,,,,
5e-05,11999,,,,,,,,,,,,,
,11999,0.302767276763916,1.8238446712493896,0.013946812599897385,0.10643602162599564,76,,,,,,,,
5e-05,12049,,,,,,,,,,,,,
,12049,0.2889505624771118,1.912593960762024,0.02127840742468834,0.07641275227069855,76,,,,,,,,
,12088,,,,,76,0.4104250371456146,3.0015320777893066,0.011256364174187183,0.09901546686887741,,,,
,12088,,,,,76,,,,,0.36974331736564636,2.6148762702941895,0.012424047105014324,0.09583162516355515
5e-05,12099,,,,,,,,,,,,,
,12099,0.2976464629173279,1.7162953615188599,0.005304571241140366,0.12071231752634048,77,,,,,,,,
5e-05,12149,,,,,,,,,,,,,
,12149,0.3904317021369934,3.126598834991455,0.006518427282571793,0.07125339657068253,77,,,,,,,,
5e-05,12199,,,,,,,,,,,,,
,12199,0.30870702862739563,1.8549113273620605,0.005813910160213709,0.11740199476480484,77,,,,,,,,
,12245,,,,,77,0.3895220160484314,2.7516212463378906,0.012599456124007702,0.1017603725194931,,,,
,12245,,,,,77,,,,,0.37962454557418823,2.736206293106079,0.01012300606817007,0.09588094055652618
5e-05,12249,,,,,,,,,,,,,
,12249,0.5313912630081177,4.018463611602783,0.010300274938344955,0.11924465000629425,78,,,,,,,,
5e-05,12299,,,,,,,,,,,,,
,12299,0.26452016830444336,1.0973052978515625,0.004673418588936329,0.1501162350177765,78,,,,,,,,
5e-05,12349,,,,,,,,,,,,,
,12349,0.3766440451145172,2.704655647277832,0.004207233432680368,0.10197122395038605,78,,,,,,,,
5e-05,12399,,,,,,,,,,,,,
,12399,0.43729427456855774,2.865926742553711,0.004285010509192944,0.14641660451889038,78,,,,,,,,
,12402,,,,,78,0.38614600896835327,2.703749895095825,0.012770121917128563,0.1030009463429451,,,,
,12402,,,,,78,,,,,0.38758161664009094,2.809821367263794,0.008915633894503117,0.09768388420343399
5e-05,12449,,,,,,,,,,,,,
,12449,0.3642876148223877,2.6556692123413086,0.01127928588539362,0.08744145184755325,79,,,,,,,,
5e-05,12499,,,,,,,,,,,,,
,12499,0.47187328338623047,3.6693196296691895,0.004569347947835922,0.10037192702293396,79,,,,,,,,
5e-05,12549,,,,,,,,,,,,,
,12549,0.3223859369754791,2.5298218727111816,0.006427044980227947,0.06297667324542999,79,,,,,,,,
,12559,,,,,79,0.40841159224510193,2.9396119117736816,0.013042203150689602,0.10140819847583771,,,,
,12559,,,,,79,,,,,0.3853960633277893,2.792543888092041,0.0103731919080019,0.09576861560344696
5e-05,12599,,,,,,,,,,,,,
,12599,0.4193829894065857,3.1397016048431396,0.00908732507377863,0.09632550179958344,80,,,,,,,,
5e-05,12649,,,,,,,,,,,,,
,12649,0.5821924805641174,4.61848783493042,0.015326031483709812,0.10501766949892044,80,,,,,,,,
5e-05,12699,,,,,,,,,,,,,
,12699,0.3901049792766571,2.5571343898773193,0.01174093782901764,0.12265055626630783,80,,,,,,,,
,12716,,,,,80,0.3907106816768646,2.763615369796753,0.015221604146063328,0.09912746399641037,,,,
,12716,,,,,80,,,,,0.3834496736526489,2.7820546627044678,0.010514278896152973,0.09473001211881638
5e-05,12749,,,,,,,,,,,,,
,12749,0.40677085518836975,3.05126953125,0.005233947187662125,0.09640996158123016,81,,,,,,,,
5e-05,12799,,,,,,,,,,,,,
,12799,0.3554150462150574,2.505112648010254,0.00829121470451355,0.09661256521940231,81,,,,,,,,
5e-05,12849,,,,,,,,,,,,,
,12849,0.40994662046432495,3.552887439727783,0.006167182698845863,0.048490673303604126,81,,,,,,,,
,12873,,,,,81,0.40019935369491577,2.88737154006958,0.01469079777598381,0.09677132964134216,,,,
,12873,,,,,81,,,,,0.3719620704650879,2.657161235809326,0.009654281660914421,0.09659161418676376
5e-05,12899,,,,,,,,,,,,,
,12899,0.4591293931007385,3.355665445327759,0.012638555839657784,0.11092431843280792,82,,,,,,,,
5e-05,12949,,,,,,,,,,,,,
,12949,0.27053937315940857,1.74300217628479,0.008648469112813473,0.08759069442749023,82,,,,,,,,
5e-05,12999,,,,,,,,,,,,,
,12999,0.3637734651565552,2.5738539695739746,0.00620440486818552,0.10018366575241089,82,,,,,,,,
,13030,,,,,82,0.4061742126941681,2.9183857440948486,0.013251188211143017,0.10108450800180435,,,,
,13030,,,,,82,,,,,0.3782162070274353,2.7498481273651123,0.00891580618917942,0.09431552141904831
5e-05,13049,,,,,,,,,,,,,
,13049,0.3898514211177826,2.867978572845459,0.006065834313631058,0.09698773920536041,83,,,,,,,,
5e-05,13099,,,,,,,,,,,,,
,13099,0.28165510296821594,1.7718391418457031,0.01478878129273653,0.08968240022659302,83,,,,,,,,
5e-05,13149,,,,,,,,,,,,,
,13149,0.2862425446510315,2.171523332595825,0.00537909148260951,0.06371110677719116,83,,,,,,,,
,13187,,,,,83,0.4059092104434967,2.8416590690612793,0.015208709985017776,0.10653453320264816,,,,
,13187,,,,,83,,,,,0.3712283670902252,2.651238441467285,0.009483959525823593,0.09662052989006042
5e-05,13199,,,,,,,,,,,,,
,13199,0.35027337074279785,2.4403862953186035,0.012424812652170658,0.09380990266799927,84,,,,,,,,
5e-05,13249,,,,,,,,,,,,,
,13249,0.394281804561615,3.1878838539123535,0.007144248113036156,0.06834915280342102,84,,,,,,,,
5e-05,13299,,,,,,,,,,,,,
,13299,0.4022214412689209,2.71551251411438,0.007697617169469595,0.12297254055738449,84,,,,,,,,
,13344,,,,,84,0.40391451120376587,2.8384621143341064,0.012649565935134888,0.10741879791021347,,,,
,13344,,,,,84,,,,,0.3865041136741638,2.788470983505249,0.009894125163555145,0.09776300936937332
5e-05,13349,,,,,,,,,,,,,
,13349,0.31329965591430664,2.0781502723693848,0.007364319637417793,0.09812028706073761,85,,,,,,,,
5e-05,13399,,,,,,,,,,,,,
,13399,0.35202592611312866,2.6887965202331543,0.008173082023859024,0.0749732181429863,85,,,,,,,,
5e-05,13449,,,,,,,,,,,,,
,13449,0.3618573546409607,2.3136253356933594,0.005852933041751385,0.12464188039302826,85,,,,,,,,
5e-05,13499,,,,,,,,,,,,,
,13499,0.31633898615837097,2.213500499725342,0.005627780687063932,0.08936114609241486,85,,,,,,,,
,13501,,,,,85,0.37833163142204285,2.6315417289733887,0.011980896815657616,0.10319658368825912,,,,
,13501,,,,,85,,,,,0.3837813436985016,2.7789390087127686,0.008510807529091835,0.09737657755613327
5e-05,13549,,,,,,,,,,,,,
,13549,0.24073973298072815,1.635176420211792,0.0034316591918468475,0.07379043102264404,86,,,,,,,,
5e-05,13599,,,,,,,,,,,,,
,13599,0.4580453634262085,3.5717616081237793,0.004411628469824791,0.0964575707912445,86,,,,,,,,
5e-05,13649,,,,,,,,,,,,,
,13649,0.4490422010421753,3.2420153617858887,0.012303384020924568,0.11253727972507477,86,,,,,,,,
,13658,,,,,86,0.40398624539375305,2.891500949859619,0.013330211862921715,0.10150592029094696,,,,
,13658,,,,,86,,,,,0.3808234930038452,2.740812301635742,0.010058961808681488,0.09668318182229996
5e-05,13699,,,,,,,,,,,,,
,13699,0.3779437839984894,2.7635326385498047,0.00571797089651227,0.09587249904870987,87,,,,,,,,
5e-05,13749,,,,,,,,,,,,,
,13749,0.33490607142448425,2.6249098777770996,0.008108684793114662,0.06430639326572418,87,,,,,,,,
5e-05,13799,,,,,,,,,,,,,
,13799,0.4845713973045349,3.558473825454712,0.01009965967386961,0.11862437427043915,87,,,,,,,,
,13815,,,,,87,0.41227254271507263,2.9564526081085205,0.010645058006048203,0.10598224401473999,,,,
,13815,,,,,87,,,,,0.3814462125301361,2.76644229888916,0.010033910162746906,0.09476792812347412
5e-05,13849,,,,,,,,,,,,,
,13849,0.5054541826248169,3.741687297821045,0.008218619041144848,0.12306684255599976,88,,,,,,,,
5e-05,13899,,,,,,,,,,,,,
,13899,0.39651089906692505,2.804189682006836,0.006546061020344496,0.10954587161540985,88,,,,,,,,
5e-05,13949,,,,,,,,,,,,,
,13949,0.38731884956359863,2.9103922843933105,0.01644505187869072,0.07983462512493134,88,,,,,,,,
,13972,,,,,88,0.373576283454895,2.596902370452881,0.012538199312984943,0.10134785622358322,,,,
,13972,,,,,88,,,,,0.36687371134757996,2.636843204498291,0.008858902379870415,0.09433057904243469
5e-05,13999,,,,,,,,,,,,,
,13999,0.3840319514274597,2.7466282844543457,0.004913218319416046,0.10445588827133179,89,,,,,,,,
5e-05,14049,,,,,,,,,,,,,
,14049,0.3431939482688904,2.7003612518310547,0.009317213669419289,0.06384061276912689,89,,,,,,,,
5e-05,14099,,,,,,,,,,,,,
,14099,0.31763580441474915,2.4372310638427734,0.007869688794016838,0.06604299694299698,89,,,,,,,,
,14129,,,,,89,0.4050672650337219,2.909921884536743,0.010428035631775856,0.10364710539579391,,,,
,14129,,,,,89,,,,,0.37623265385627747,2.7151968479156494,0.010667654685676098,0.09404513239860535
5e-05,14149,,,,,,,,,,,,,
,14149,0.30903148651123047,2.0470521450042725,0.004137512296438217,0.10018874704837799,90,,,,,,,,
5e-05,14199,,,,,,,,,,,,,
,14199,0.36655640602111816,2.94551420211792,0.01852836087346077,0.05347662791609764,90,,,,,,,,
5e-05,14249,,,,,,,,,,,,,
,14249,0.3362537622451782,2.3386669158935547,0.004430485423654318,0.097956582903862,90,,,,,,,,
,14286,,,,,90,0.39244839549064636,2.7659897804260254,0.012562179006636143,0.10328724980354309,,,,
,14286,,,,,90,,,,,0.37749403715133667,2.7269554138183594,0.009875220246613026,0.09492333978414536
5e-05,14299,,,,,,,,,,,,,
,14299,0.40070611238479614,2.705821990966797,0.028103025630116463,0.10202089697122574,91,,,,,,,,
5e-05,14349,,,,,,,,,,,,,
,14349,0.30566900968551636,1.989052176475525,0.010314293205738068,0.09644949436187744,91,,,,,,,,
5e-05,14399,,,,,,,,,,,,,
,14399,0.39531463384628296,2.6810600757598877,0.005951818078756332,0.12125683575868607,91,,,,,,,,
,14443,,,,,91,0.40084803104400635,2.9120612144470215,0.012560678645968437,0.0970812514424324,,,,
,14443,,,,,91,,,,,0.3740335702896118,2.676706552505493,0.01102503389120102,0.09533777832984924
5e-05,14449,,,,,,,,,,,,,
,14449,0.40622609853744507,2.839956283569336,0.01655116304755211,0.10567930340766907,92,,,,,,,,
5e-05,14499,,,,,,,,,,,,,
,14499,0.47984814643859863,3.3154420852661133,0.007272882387042046,0.14103108644485474,92,,,,,,,,
5e-05,14549,,,,,,,,,,,,,
,14549,0.2481163740158081,1.615332841873169,0.005860492587089539,0.08072260767221451,92,,,,,,,,
5e-05,14599,,,,,,,,,,,,,
,14599,0.446028470993042,3.220651149749756,0.009493106044828892,0.11447028070688248,92,,,,,,,,
,14600,,,,,92,0.39562004804611206,2.7342894077301025,0.011281607672572136,0.11090941727161407,,,,
,14600,,,,,92,,,,,0.3642512559890747,2.5879743099212646,0.009385443292558193,0.09606856852769852
5e-05,14649,,,,,,,,,,,,,
,14649,0.33554506301879883,2.2438035011291504,0.00606347993016243,0.10510127246379852,93,,,,,,,,
5e-05,14699,,,,,,,,,,,,,
,14699,0.37100696563720703,2.6185715198516846,0.003785836510360241,0.10536399483680725,93,,,,,,,,
5e-05,14749,,,,,,,,,,,,,
,14749,0.35960763692855835,2.8804569244384766,0.008678033947944641,0.0628838986158371,93,,,,,,,,
,14757,,,,,93,0.4153445363044739,2.9709270000457764,0.015038097277283669,0.10321381688117981,,,,
,14757,,,,,93,,,,,0.3814268410205841,2.7414608001708984,0.010470466688275337,0.09681036323308945
5e-05,14799,,,,,,,,,,,,,
,14799,0.267164409160614,1.7352051734924316,0.004230600316077471,0.08941326290369034,94,,,,,,,,
5e-05,14849,,,,,,,,,,,,,
,14849,0.4204877018928528,2.6576995849609375,0.0050398618914186954,0.14967787265777588,94,,,,,,,,
5e-05,14899,,,,,,,,,,,,,
,14899,0.4286229610443115,3.409346342086792,0.020063363015651703,0.06762495636940002,94,,,,,,,,
,14914,,,,,94,0.4248405694961548,3.083489179611206,0.014877359382808208,0.10161426663398743,,,,
,14914,,,,,94,,,,,0.36807847023010254,2.6651017665863037,0.009551553055644035,0.0920167937874794
5e-05,14949,,,,,,,,,,,,,
,14949,0.3080258369445801,2.0780632495880127,0.009875671938061714,0.09034384787082672,95,,,,,,,,
5e-05,14999,,,,,,,,,,,,,
,14999,0.433736115694046,2.925987482070923,0.015256925486028194,0.1258804202079773,95,,,,,,,,
5e-05,15049,,,,,,,,,,,,,
,15049,0.4961278438568115,3.651261806488037,0.007479401305317879,0.12352228164672852,95,,,,,,,,
,15071,,,,,95,0.41634297370910645,3.0159685611724854,0.013006718829274178,0.10173934698104858,,,,
,15071,,,,,95,,,,,0.3768537938594818,2.6988236904144287,0.01088192779570818,0.09608938544988632
5e-05,15099,,,,,,,,,,,,,
,15099,0.4734981060028076,3.59877347946167,0.003283493686467409,0.1103372871875763,96,,,,,,,,
5e-05,15149,,,,,,,,,,,,,
,15149,0.5567535758018494,3.86019229888916,0.010192524641752243,0.160541832447052,96,,,,,,,,
5e-05,15199,,,,,,,,,,,,,
,15199,0.3434160649776459,2.1498632431030273,0.008299064822494984,0.12013062834739685,96,,,,,,,,
,15228,,,,,96,0.4252484142780304,3.0072178840637207,0.015178972855210304,0.10934764891862869,,,,
,15228,,,,,96,,,,,0.37366941571235657,2.658250331878662,0.010100369341671467,0.09774399548768997
5e-05,15249,,,,,,,,,,,,,
,15249,0.3863102197647095,3.0561881065368652,0.00752347894012928,0.07316794991493225,97,,,,,,,,
5e-05,15299,,,,,,,,,,,,,
,15299,0.3012109398841858,2.2962231636047363,0.005038653500378132,0.06654992699623108,97,,,,,,,,
5e-05,15349,,,,,,,,,,,,,
,15349,0.4838966131210327,3.844420909881592,0.007916808128356934,0.09153769910335541,97,,,,,,,,
,15385,,,,,97,0.39167535305023193,2.8107762336730957,0.012242156080901623,0.09835561364889145,,,,
,15385,,,,,97,,,,,0.37965425848960876,2.7239694595336914,0.010688969865441322,0.09656829386949539
5e-05,15399,,,,,,,,,,,,,
,15399,0.37352392077445984,2.704237937927246,0.023608405143022537,0.0794917494058609,98,,,,,,,,
5e-05,15449,,,,,,,,,,,,,
,15449,0.33414599299430847,2.36795973777771,0.02489958330988884,0.07245039939880371,98,,,,,,,,
5e-05,15499,,,,,,,,,,,,,
,15499,0.37170717120170593,2.592373847961426,0.007518655154854059,0.10495112836360931,98,,,,,,,,
,15542,,,,,98,0.3939327895641327,2.8654284477233887,0.014089345932006836,0.09330052882432938,,,,
,15542,,,,,98,,,,,0.38059720396995544,2.775439500808716,0.011406135745346546,0.09164710342884064
5e-05,15549,,,,,,,,,,,,,
,15549,0.3800526261329651,2.4646944999694824,0.013249969109892845,0.12033317983150482,99,,,,,,,,
5e-05,15599,,,,,,,,,,,,,
,15599,0.3862817883491516,2.937044143676758,0.010505902580916882,0.08207143843173981,99,,,,,,,,
5e-05,15649,,,,,,,,,,,,,
,15649,0.3228631019592285,2.2704930305480957,0.018190402537584305,0.0776233896613121,99,,,,,,,,
5e-05,15699,,,,,,,,,,,,,
,15699,0.6527786254882812,5.3213324546813965,0.001975154271349311,0.11867022514343262,99,,,,,,,,
,15699,,,,,99,0.37768423557281494,2.6988940238952637,0.014841471798717976,0.09295336157083511,,,,
,15699,,,,,99,,,,,0.3802187442779541,2.736754894256592,0.01034057978540659,0.09620268642902374
5e-05,15749,,,,,,,,,,,,,
,15749,0.35987913608551025,2.5261292457580566,0.005373268388211727,0.10189290344715118,100,,,,,,,,
5e-05,15799,,,,,,,,,,,,,
,15799,0.36194390058517456,2.6886892318725586,0.00956646353006363,0.08350850641727448,100,,,,,,,,
5e-05,15849,,,,,,,,,,,,,
,15849,0.47204166650772095,3.335156202316284,0.006660263054072857,0.13186576962471008,100,,,,,,,,
,15856,,,,,100,0.41516315937042236,2.967461585998535,0.011245334520936012,0.1071716919541359,,,,
,15856,,,,,100,,,,,0.3827672600746155,2.756420135498047,0.010132931172847748,0.09699227660894394
5e-05,15899,,,,,,,,,,,,,
,15899,0.4265404939651489,3.080221176147461,0.00567551190033555,0.11284284293651581,101,,,,,,,,
5e-05,15949,,,,,,,,,,,,,
,15949,0.30575114488601685,2.0606346130371094,0.01547182910144329,0.08421586453914642,101,,,,,,,,
5e-05,15999,,,,,,,,,,,,,
,15999,0.33044081926345825,2.22475266456604,0.0017008469440042973,0.10626472532749176,101,,,,,,,,
,16013,,,,,101,0.3854912221431732,2.747337818145752,0.01268860138952732,0.0980687290430069,,,,
,16013,,,,,101,,,,,0.37922295928001404,2.7556333541870117,0.009418734349310398,0.09424068033695221
5e-05,16049,,,,,,,,,,,,,
,16049,0.45320752263069153,3.350731372833252,0.005280779208987951,0.11285360902547836,102,,,,,,,,
5e-05,16099,,,,,,,,,,,,,
,16099,0.4311593770980835,3.3485193252563477,0.011415055021643639,0.0848923921585083,102,,,,,,,,
5e-05,16149,,,,,,,,,,,,,
,16149,0.2575117349624634,1.839658498764038,0.003528581466525793,0.07001730799674988,102,,,,,,,,
,16170,,,,,102,0.38618165254592896,2.7951302528381348,0.011382382363080978,0.09528623521327972,,,,
,16170,,,,,102,,,,,0.3799665868282318,2.755361795425415,0.00972391851246357,0.09470654278993607
5e-05,16199,,,,,,,,,,,,,
,16199,0.3068293631076813,1.855118751525879,0.011473527178168297,0.10984395444393158,103,,,,,,,,
5e-05,16249,,,,,,,,,,,,,
,16249,0.320393443107605,2.2478339672088623,0.0036050141789019108,0.09200504422187805,103,,,,,,,,
5e-05,16299,,,,,,,,,,,,,
,16299,0.4027552306652069,2.791635036468506,0.003478610422462225,0.12011312693357468,103,,,,,,,,
,16327,,,,,103,0.4245360791683197,3.055448532104492,0.016138924285769463,0.10285218060016632,,,,
,16327,,,,,103,,,,,0.3755367398262024,2.7162833213806152,0.010292955674231052,0.09361552447080612
5e-05,16349,,,,,,,,,,,,,
,16349,0.4126737117767334,2.9674410820007324,0.019616344943642616,0.09631326049566269,104,,,,,,,,
5e-05,16399,,,,,,,,,,,,,
,16399,0.3183906674385071,1.9305076599121094,0.0068116988986730576,0.11852819472551346,104,,,,,,,,
5e-05,16449,,,,,,,,,,,,,
,16449,0.2884069085121155,1.949326753616333,0.003698252607136965,0.08977596461772919,104,,,,,,,,
,16484,,,,,104,0.4018453061580658,2.8668437004089355,0.011741711758077145,0.10341917723417282,,,,
,16484,,,,,104,,,,,0.36951369047164917,2.621821165084839,0.009737012907862663,0.09759460389614105
5e-05,16499,,,,,,,,,,,,,
,16499,0.33102041482925415,2.372835397720337,0.009296536445617676,0.08444035798311234,105,,,,,,,,
5e-05,16549,,,,,,,,,,,,,
,16549,0.38402825593948364,2.5280704498291016,0.03034043125808239,0.10088077187538147,105,,,,,,,,
5e-05,16599,,,,,,,,,,,,,
,16599,0.31244874000549316,2.1655516624450684,0.005137561820447445,0.09075599908828735,105,,,,,,,,
,16641,,,,,105,0.3871749937534332,2.7612693309783936,0.00971867237240076,0.10132940858602524,,,,
,16641,,,,,105,,,,,0.3717598021030426,2.665750503540039,0.010044070892035961,0.09514071047306061
5e-05,16649,,,,,,,,,,,,,
,16649,0.362315833568573,2.5212721824645996,0.008187325671315193,0.10200133919715881,106,,,,,,,,
5e-05,16699,,,,,,,,,,,,,
,16699,0.4790729284286499,3.1366846561431885,0.009056992828845978,0.15634745359420776,106,,,,,,,,
5e-05,16749,,,,,,,,,,,,,
,16749,0.29860857129096985,2.2776098251342773,0.005557450465857983,0.06529011577367783,106,,,,,,,,
,16798,,,,,106,0.39474764466285706,2.8110828399658203,0.010333857499063015,0.10330554842948914,,,,
,16798,,,,,106,,,,,0.38387608528137207,2.7951884269714355,0.009055722504854202,0.09530160576105118
5e-05,16799,,,,,,,,,,,,,
,16799,0.3347122073173523,2.303297758102417,0.007572685834020376,0.09680972993373871,107,,,,,,,,
5e-05,16849,,,,,,,,,,,,,
,16849,0.41048869490623474,3.0356192588806152,0.012263776734471321,0.09466300904750824,107,,,,,,,,
5e-05,16899,,,,,,,,,,,,,
,16899,0.40573132038116455,3.1531834602355957,0.00872280728071928,0.08169016242027283,107,,,,,,,,
5e-05,16949,,,,,,,,,,,,,
,16949,0.5647443532943726,4.204978942871094,0.013677604496479034,0.13056884706020355,107,,,,,,,,
,16955,,,,,107,0.36870700120925903,2.563894033432007,0.011267654597759247,0.10104990750551224,,,,
,16955,,,,,107,,,,,0.37199434638023376,2.678224563598633,0.009549095295369625,0.09462293237447739
5e-05,16999,,,,,,,,,,,,,
,16999,0.4425983130931854,3.3809237480163574,0.015342234633862972,0.08916368335485458,108,,,,,,,,
5e-05,17049,,,,,,,,,,,,,
,17049,0.4700487554073334,3.4867796897888184,0.011357352137565613,0.1100134551525116,108,,,,,,,,
5e-05,17099,,,,,,,,,,,,,
,17099,0.32028746604919434,2.302550792694092,0.007717873435467482,0.08231447637081146,108,,,,,,,,
,17112,,,,,108,0.39886146783828735,2.841848373413086,0.012594086118042469,0.10208258032798767,,,,
,17112,,,,,108,,,,,0.37731051445007324,2.693218946456909,0.011886654421687126,0.09610205888748169
5e-05,17149,,,,,,,,,,,,,
,17149,0.288034051656723,1.8700499534606934,0.003586420789361,0.0974426418542862,109,,,,,,,,
5e-05,17199,,,,,,,,,,,,,
,17199,0.2937840223312378,1.6436004638671875,0.01086859405040741,0.11855535209178925,109,,,,,,,,
5e-05,17249,,,,,,,,,,,,,
,17249,0.3271450400352478,2.1207847595214844,0.027708787471055984,0.08735775947570801,109,,,,,,,,
,17269,,,,,109,0.3750051259994507,2.582294225692749,0.014309681951999664,0.10246603935956955,,,,
,17269,,,,,109,,,,,0.3755738139152527,2.674736499786377,0.01223081536591053,0.09586939960718155
5e-05,17299,,,,,,,,,,,,,
,17299,0.36554473638534546,2.5009381771087646,0.006078140810132027,0.10937276482582092,110,,,,,,,,
5e-05,17349,,,,,,,,,,,,,
,17349,0.41246023774147034,3.1418142318725586,0.0068779150024056435,0.09140089154243469,110,,,,,,,,
5e-05,17399,,,,,,,,,,,,,
,17399,0.4154338836669922,3.0835564136505127,0.006061551161110401,0.10101669281721115,110,,,,,,,,
,17426,,,,,110,0.40120482444763184,2.8407788276672363,0.014578371308743954,0.10254856944084167,,,,
,17426,,,,,110,,,,,0.3751434087753296,2.708475112915039,0.011233107186853886,0.09306282550096512
5e-05,17449,,,,,,,,,,,,,
,17449,0.44360852241516113,3.0359396934509277,0.020061146467924118,0.11995340883731842,111,,,,,,,,
5e-05,17499,,,,,,,,,,,,,
,17499,0.4275343418121338,3.360616683959961,0.008393031544983387,0.08307959884405136,111,,,,,,,,
5e-05,17549,,,,,,,,,,,,,
,17549,0.49115222692489624,3.258064031600952,0.07474930584430695,0.09059649705886841,111,,,,,,,,
,17583,,,,,111,0.40385162830352783,2.9028449058532715,0.014060486108064651,0.09950663149356842,,,,
,17583,,,,,111,,,,,0.3804652690887451,2.7479188442230225,0.011844169348478317,0.09382927417755127
5e-05,17599,,,,,,,,,,,,,
,17599,0.5046145915985107,4.105221271514893,0.008159765973687172,0.08593270182609558,112,,,,,,,,
5e-05,17649,,,,,,,,,,,,,
,17649,0.28736457228660583,1.9297959804534912,0.00558666093274951,0.08879829943180084,112,,,,,,,,
5e-05,17699,,,,,,,,,,,,,
,17699,0.38228732347488403,2.8904614448547363,0.00440150685608387,0.08883965015411377,112,,,,,,,,
,17740,,,,,112,0.4122563302516937,2.954022169113159,0.009726366028189659,0.10712775588035583,,,,
,17740,,,,,112,,,,,0.37647029757499695,2.6860544681549072,0.01067808736115694,0.09718673676252365
5e-05,17749,,,,,,,,,,,,,
,17749,0.4805420935153961,3.784148693084717,0.05011480301618576,0.05201248079538345,113,,,,,,,,
5e-05,17799,,,,,,,,,,,,,
,17799,0.4258608818054199,3.231224775314331,0.004970855079591274,0.09776756167411804,113,,,,,,,,
5e-05,17849,,,,,,,,,,,,,
,17849,0.3753322958946228,2.8209218978881836,0.006668470799922943,0.08657166361808777,113,,,,,,,,
,17897,,,,,113,0.38819584250450134,2.7037603855133057,0.01227943878620863,0.10554031282663345,,,,
,17897,,,,,113,,,,,0.38691794872283936,2.8353941440582275,0.01064345519989729,0.0927349254488945
5e-05,17899,,,,,,,,,,,,,
,17899,0.3684569001197815,2.6387217044830322,0.010160451754927635,0.09442426264286041,114,,,,,,,,
5e-05,17949,,,,,,,,,,,,,
,17949,0.36340567469596863,1.9565885066986084,0.05404529720544815,0.11370154470205307,114,,,,,,,,
5e-05,17999,,,,,,,,,,,,,
,17999,0.39038383960723877,2.191633701324463,0.056125570088624954,0.11509491503238678,114,,,,,,,,
5e-05,18049,,,,,,,,,,,,,
,18049,0.6353927850723267,5.259140491485596,0.007736918516457081,0.10174182057380676,114,,,,,,,,
,18054,,,,,114,0.39768654108047485,2.8412556648254395,0.016168484464287758,0.09739256650209427,,,,
,18054,,,,,114,,,,,0.37449273467063904,2.7036969661712646,0.010499193333089352,0.09362391382455826
5e-05,18099,,,,,,,,,,,,,
,18099,0.2487190216779709,1.4476161003112793,0.003619818715378642,0.10033757984638214,115,,,,,,,,
5e-05,18149,,,,,,,,,,,,,
,18149,0.3796396553516388,2.552025079727173,0.005253330338746309,0.11918380856513977,115,,,,,,,,
5e-05,18199,,,,,,,,,,,,,
,18199,0.2527780532836914,1.5843963623046875,0.0029070014134049416,0.09143141657114029,115,,,,,,,,
,18211,,,,,115,0.3923170268535614,2.798342227935791,0.01078776828944683,0.10169493407011032,,,,
,18211,,,,,115,,,,,0.36953526735305786,2.6829841136932373,0.010028659366071224,0.09120816737413406
5e-05,18249,,,,,,,,,,,,,
,18249,0.3468567132949829,2.159780263900757,0.003372456645593047,0.12750621140003204,116,,,,,,,,
5e-05,18299,,,,,,,,,,,,,
,18299,0.36598020792007446,2.676273822784424,0.011500457301735878,0.08685239404439926,116,,,,,,,,
5e-05,18349,,,,,,,,,,,,,
,18349,0.5223445892333984,4.045563697814941,0.013813985511660576,0.10397424548864365,116,,,,,,,,
,18368,,,,,116,0.4068000316619873,2.8814315795898438,0.014001506380736828,0.10465528070926666,,,,
,18368,,,,,116,,,,,0.37875896692276,2.7379987239837646,0.009835245087742805,0.09512374550104141
5e-05,18399,,,,,,,,,,,,,
,18399,0.3859925866127014,2.7423415184020996,0.008616181090474129,0.10314228385686874,117,,,,,,,,
5e-05,18449,,,,,,,,,,,,,
,18449,0.3361925482749939,2.416897773742676,0.013078615069389343,0.08142418414354324,117,,,,,,,,
5e-05,18499,,,,,,,,,,,,,
,18499,0.46765726804733276,3.689610004425049,0.005838682875037193,0.09285756945610046,117,,,,,,,,
,18525,,,,,117,0.4122886061668396,2.915802001953125,0.012677643448114395,0.10803072154521942,,,,
,18525,,,,,117,,,,,0.3712029755115509,2.6738533973693848,0.010728400200605392,0.09308912605047226
5e-05,18549,,,,,,,,,,,,,
,18549,0.32297950983047485,2.4054126739501953,0.0035958646330982447,0.07884235680103302,118,,,,,,,,
5e-05,18599,,,,,,,,,,,,,
,18599,0.351406455039978,2.5285327434539795,0.005828592460602522,0.09272457659244537,118,,,,,,,,
5e-05,18649,,,,,,,,,,,,,
,18649,0.38947486877441406,2.9793715476989746,0.005430428311228752,0.0861072838306427,118,,,,,,,,
,18682,,,,,118,0.38294896483421326,2.6705565452575684,0.011063631623983383,0.10482969135046005,,,,
,18682,,,,,118,,,,,0.37293651700019836,2.700648307800293,0.008826958015561104,0.094044528901577
5e-05,18699,,,,,,,,,,,,,
,18699,0.4391549527645111,3.0985989570617676,0.006009621545672417,0.12328540533781052,119,,,,,,,,
5e-05,18749,,,,,,,,,,,,,
,18749,0.4455075263977051,3.3314638137817383,0.010721936821937561,0.10163921117782593,119,,,,,,,,
5e-05,18799,,,,,,,,,,,,,
,18799,0.30390840768814087,1.9735198020935059,0.004438492469489574,0.10211792588233948,119,,,,,,,,
,18839,,,,,119,0.3872392475605011,2.790363311767578,0.012183086946606636,0.09601990878582001,,,,
,18839,,,,,119,,,,,0.37649568915367126,2.7290284633636475,0.009930671192705631,0.09366220235824585
5e-05,18849,,,,,,,,,,,,,
,18849,0.34889841079711914,2.5531744956970215,0.013182713650166988,0.08039828389883041,120,,,,,,,,
5e-05,18899,,,,,,,,,,,,,
,18899,0.4461345076560974,3.1549642086029053,0.006062644533813,0.1245754286646843,120,,,,,,,,
5e-05,18949,,,,,,,,,,,,,
,18949,0.4508069157600403,3.7421178817749023,0.010850347578525543,0.06574476510286331,120,,,,,,,,
,18996,,,,,120,0.41831251978874207,3.0568807125091553,0.011781073175370693,0.10084342956542969,,,,
,18996,,,,,120,,,,,0.37369078397750854,2.690091133117676,0.011099760420620441,0.09358184784650803
5e-05,18999,,,,,,,,,,,,,
,18999,0.4096938967704773,2.860400438308716,0.024120504036545753,0.0995333343744278,121,,,,,,,,
5e-05,19049,,,,,,,,,,,,,
,19049,0.35261058807373047,1.9551870822906494,0.010856647975742817,0.14623525738716125,121,,,,,,,,
5e-05,19099,,,,,,,,,,,,,
,19099,0.4717310965061188,3.7012224197387695,0.006338463630527258,0.09527036547660828,121,,,,,,,,
5e-05,19149,,,,,,,,,,,,,
,19149,0.5394723415374756,4.170486927032471,0.007709020283073187,0.1147145926952362,121,,,,,,,,
,19153,,,,,121,0.39523816108703613,2.838712453842163,0.013156462460756302,0.09821044653654099,,,,
,19153,,,,,121,,,,,0.3795894384384155,2.725368022918701,0.01010025292634964,0.09695237129926682
5e-05,19199,,,,,,,,,,,,,
,19199,0.29238954186439514,2.3484201431274414,0.003687690244987607,0.05385981500148773,122,,,,,,,,
5e-05,19249,,,,,,,,,,,,,
,19249,0.4167548418045044,3.241981029510498,0.00618844386190176,0.08636830747127533,122,,,,,,,,
5e-05,19299,,,,,,,,,,,,,
,19299,0.36141103506088257,2.588427782058716,0.00936132576316595,0.09320692718029022,122,,,,,,,,
,19310,,,,,122,0.40079352259635925,2.9002373218536377,0.012883471325039864,0.09788638353347778,,,,
,19310,,,,,122,,,,,0.37257853150367737,2.691215991973877,0.0090266028419137,0.09443028271198273
5e-05,19349,,,,,,,,,,,,,
,19349,0.3316459655761719,2.604574203491211,0.011564074084162712,0.05962446331977844,123,,,,,,,,
5e-05,19399,,,,,,,,,,,,,
,19399,0.346757709980011,2.294060230255127,0.009323207661509514,0.10802844166755676,123,,,,,,,,
5e-05,19449,,,,,,,,,,,,,
,19449,0.3866328001022339,2.577528953552246,0.010632560588419437,0.11824730783700943,123,,,,,,,,
,19467,,,,,123,0.4095659852027893,3.0232110023498535,0.016236402094364166,0.0910085141658783,,,,
,19467,,,,,123,,,,,0.3849697411060333,2.7909021377563477,0.0099655045196414,0.09591400623321533
5e-05,19499,,,,,,,,,,,,,
,19499,0.3220815062522888,2.189030647277832,0.011276411823928356,0.09190201759338379,124,,,,,,,,
5e-05,19549,,,,,,,,,,,,,
,19549,0.26646286249160767,1.306247591972351,0.001939961570315063,0.13389815390110016,124,,,,,,,,
5e-05,19599,,,,,,,,,,,,,
,19599,0.3520306348800659,2.549160957336426,0.006602599751204252,0.09051194041967392,124,,,,,,,,
,19624,,,,,124,0.418721467256546,3.048022508621216,0.011584129184484482,0.10233505815267563,,,,
,19624,,,,,124,,,,,0.36926522850990295,2.663620710372925,0.009989546611905098,0.09291363507509232
5e-05,19649,,,,,,,,,,,,,
,19649,0.3443043828010559,2.6001126766204834,0.00414939085021615,0.08014373481273651,125,,,,,,,,
5e-05,19699,,,,,,,,,,,,,
,19699,0.4601012170314789,3.634817600250244,0.012755043804645538,0.08386441320180893,125,,,,,,,,
5e-05,19749,,,,,,,,,,,,,
,19749,0.34609663486480713,2.5652291774749756,0.0052808793261647224,0.08429282903671265,125,,,,,,,,
,19781,,,,,125,0.4204259514808655,3.0146803855895996,0.011239631101489067,0.10771829634904861,,,,
,19781,,,,,125,,,,,0.36929693818092346,2.6738767623901367,0.009429355151951313,0.09247980266809464
5e-05,19799,,,,,,,,,,,,,
,19799,0.33087700605392456,2.3473281860351562,0.008348153904080391,0.08779598772525787,126,,,,,,,,
5e-05,19849,,,,,,,,,,,,,
,19849,0.40557587146759033,3.1572742462158203,0.004644058644771576,0.08520439267158508,126,,,,,,,,
5e-05,19899,,,,,,,,,,,,,
,19899,0.34392213821411133,2.3182945251464844,0.009354952722787857,0.10273770242929459,126,,,,,,,,
,19938,,,,,126,0.41500726342201233,2.9192423820495605,0.012582654133439064,0.11050030589103699,,,,
,19938,,,,,126,,,,,0.37430471181869507,2.727067470550537,0.00885037798434496,0.09274759888648987
5e-05,19949,,,,,,,,,,,,,
,19949,0.39915111660957336,2.959423542022705,0.005804772023111582,0.09740401804447174,127,,,,,,,,
5e-05,19999,,,,,,,,,,,,,
,19999,0.3509860932826996,2.29195237159729,0.005472587887197733,0.11631827056407928,127,,,,,,,,
5e-05,20049,,,,,,,,,,,,,
,20049,0.36968994140625,2.4240880012512207,0.0066565051674842834,0.12062462419271469,127,,,,,,,,
,20095,,,,,127,0.4027903974056244,2.915174722671509,0.017260612919926643,0.09401223808526993,,,,
,20095,,,,,127,,,,,0.37555891275405884,2.7073416709899902,0.010664151981472969,0.0941605195403099
5e-05,20099,,,,,,,,,,,,,
,20099,0.33532771468162537,2.328568935394287,0.009168125689029694,0.09330271929502487,128,,,,,,,,
5e-05,20149,,,,,,,,,,,,,
,20149,0.3398991823196411,1.9286437034606934,0.007995368912816048,0.13903945684432983,128,,,,,,,,
5e-05,20199,,,,,,,,,,,,,
,20199,0.42762529850006104,3.1042819023132324,0.007121104281395674,0.11007597297430038,128,,,,,,,,
5e-05,20249,,,,,,,,,,,,,
,20249,0.3948933482170105,3.006833076477051,0.026254946365952492,0.06795509904623032,128,,,,,,,,
,20252,,,,,128,0.39624544978141785,2.812366247177124,0.012481295503675938,0.10252754390239716,,,,
,20252,,,,,128,,,,,0.37308260798454285,2.670182704925537,0.01047076378017664,0.09559353440999985
5e-05,20299,,,,,,,,,,,,,
,20299,0.3064703345298767,2.3663406372070312,0.009542886167764664,0.060293376445770264,129,,,,,,,,
5e-05,20349,,,,,,,,,,,,,
,20349,0.2803356349468231,1.995593786239624,0.006537239067256451,0.07423901557922363,129,,,,,,,,
5e-05,20399,,,,,,,,,,,,,
,20399,0.41450461745262146,3.2549350261688232,0.017653822898864746,0.07135728001594543,129,,,,,,,,
,20409,,,,,129,0.3809409439563751,2.608663320541382,0.012511390261352062,0.1075630933046341,,,,
,20409,,,,,129,,,,,0.3807520866394043,2.744464159011841,0.010647308081388474,0.0956583023071289
5e-05,20449,,,,,,,,,,,,,
,20449,0.3769729435443878,2.6694555282592773,0.018330994993448257,0.09169639647006989,130,,,,,,,,
5e-05,20499,,,,,,,,,,,,,
,20499,0.43705320358276367,3.421408176422119,0.004202838987112045,0.09070955961942673,130,,,,,,,,
5e-05,20549,,,,,,,,,,,,,
,20549,0.3530412018299103,2.08079195022583,0.010942867025732994,0.1340191513299942,130,,,,,,,,
,20566,,,,,130,0.3923318088054657,2.8300116062164307,0.013326812535524368,0.09600379317998886,,,,
,20566,,,,,130,,,,,0.3768317997455597,2.7449769973754883,0.009118874557316303,0.09321524947881699
5e-05,20599,,,,,,,,,,,,,
,20599,0.35116371512413025,2.479163646697998,0.004747963510453701,0.09849938750267029,131,,,,,,,,
5e-05,20649,,,,,,,,,,,,,
,20649,0.32798057794570923,2.5006039142608643,0.004686731845140457,0.0732334703207016,131,,,,,,,,
5e-05,20699,,,,,,,,,,,,,
,20699,0.3498348891735077,2.3436241149902344,0.005304653663188219,0.11016782373189926,131,,,,,,,,
,20723,,,,,131,0.39427563548088074,2.801313638687134,0.013233572244644165,0.10091068595647812,,,,
,20723,,,,,131,,,,,0.3696264624595642,2.661961078643799,0.010960492305457592,0.09246991574764252
5e-05,20749,,,,,,,,,,,,,
,20749,0.5005425214767456,4.157618522644043,0.005685514770448208,0.07909514009952545,132,,,,,,,,
5e-05,20799,,,,,,,,,,,,,
,20799,0.350652277469635,2.380445957183838,0.009511610493063927,0.10309606790542603,132,,,,,,,,
5e-05,20849,,,,,,,,,,,,,
,20849,0.4265415072441101,2.9619803428649902,0.003985273186117411,0.12635821104049683,132,,,,,,,,
,20880,,,,,132,0.3869902491569519,2.705852508544922,0.009522555395960808,0.10688242316246033,,,,
,20880,,,,,132,,,,,0.37545573711395264,2.6955976486206055,0.010144281201064587,0.09575162082910538
5e-05,20899,,,,,,,,,,,,,
,20899,0.3903689682483673,3.0141642093658447,0.006975879427045584,0.08197668194770813,133,,,,,,,,
5e-05,20949,,,,,,,,,,,,,
,20949,0.36504340171813965,2.5102038383483887,0.020177140831947327,0.09384587407112122,133,,,,,,,,
5e-05,20999,,,,,,,,,,,,,
,20999,0.4226738512516022,3.468374252319336,0.009434147737920284,0.06640226393938065,133,,,,,,,,
,21037,,,,,133,0.40076300501823425,2.8705735206604004,0.013719326816499233,0.09998633712530136,,,,
,21037,,,,,133,,,,,0.37009158730506897,2.663313865661621,0.009781936183571815,0.09397831559181213
5e-05,21049,,,,,,,,,,,,,
,21049,0.44439971446990967,3.536574125289917,0.005589330103248358,0.08515296131372452,134,,,,,,,,
5e-05,21099,,,,,,,,,,,,,
,21099,0.5707780122756958,4.265966892242432,0.0418541319668293,0.10232716798782349,134,,,,,,,,
5e-05,21149,,,,,,,,,,,,,
,21149,0.3755577802658081,2.821742057800293,0.016621937975287437,0.07676160335540771,134,,,,,,,,
,21194,,,,,134,0.38776928186416626,2.754889726638794,0.012200664728879929,0.10007955133914948,,,,
,21194,,,,,134,,,,,0.3673727810382843,2.6427881717681885,0.010481779463589191,0.09261222183704376
5e-05,21199,,,,,,,,,,,,,
,21199,0.3590914011001587,2.4470021724700928,0.006857770029455423,0.10753342509269714,135,,,,,,,,
5e-05,21249,,,,,,,,,,,,,
,21249,0.32446491718292236,2.201768398284912,0.004650176502764225,0.09963793307542801,135,,,,,,,,
5e-05,21299,,,,,,,,,,,,,
,21299,0.3719549775123596,2.298544406890869,0.009142528288066387,0.13295798003673553,135,,,,,,,,
5e-05,21349,,,,,,,,,,,,,
,21349,0.25581830739974976,1.6519527435302734,0.005422055255621672,0.0852009505033493,135,,,,,,,,
,21351,,,,,135,0.41427546739578247,2.9810259342193604,0.013481047935783863,0.10269195586442947,,,,
,21351,,,,,135,,,,,0.38092929124832153,2.7488510608673096,0.009578361175954342,0.09646584838628769
5e-05,21399,,,,,,,,,,,,,
,21399,0.4477187991142273,3.473193645477295,0.008993555791676044,0.09140582382678986,136,,,,,,,,
5e-05,21449,,,,,,,,,,,,,
,21449,0.4399592876434326,3.3756656646728516,0.013178063556551933,0.08921465277671814,136,,,,,,,,
5e-05,21499,,,,,,,,,,,,,
,21499,0.37523093819618225,2.9166717529296875,0.004409662447869778,0.0791541188955307,136,,,,,,,,
,21508,,,,,136,0.41434165835380554,2.995333433151245,0.013553244061768055,0.10125511139631271,,,,
,21508,,,,,136,,,,,0.383068710565567,2.788299322128296,0.011195977218449116,0.09304294735193253
5e-05,21549,,,,,,,,,,,,,
,21549,0.30673855543136597,2.22788667678833,0.003245264757424593,0.08070462942123413,137,,,,,,,,
5e-05,21599,,,,,,,,,,,,,
,21599,0.47982507944107056,3.360208749771118,0.008666759356856346,0.1351374238729477,137,,,,,,,,
5e-05,21649,,,,,,,,,,,,,
,21649,0.3854233920574188,3.120216131210327,0.008600302040576935,0.06480146944522858,137,,,,,,,,
,21665,,,,,137,0.3941713273525238,2.7724053859710693,0.011845252476632595,0.10508555173873901,,,,
,21665,,,,,137,,,,,0.36736467480659485,2.6395628452301025,0.011717120185494423,0.09169118851423264
5e-05,21699,,,,,,,,,,,,,
,21699,0.36722254753112793,3.0316104888916016,0.0054083107970654964,0.05865313857793808,138,,,,,,,,
5e-05,21749,,,,,,,,,,,,,
,21749,0.2705768346786499,1.7592076063156128,0.007235856726765633,0.08742022514343262,138,,,,,,,,
5e-05,21799,,,,,,,,,,,,,
,21799,0.3282027244567871,1.9616062641143799,0.01274033822119236,0.11930178105831146,138,,,,,,,,
,21822,,,,,138,0.3998158574104309,2.9170122146606445,0.011246330104768276,0.09686826169490814,,,,
,21822,,,,,138,,,,,0.37383291125297546,2.717005491256714,0.010654039680957794,0.09147839993238449
5e-05,21849,,,,,,,,,,,,,
,21849,0.284112811088562,1.8082972764968872,0.0033378510270267725,0.09994524717330933,139,,,,,,,,
5e-05,21899,,,,,,,,,,,,,
,21899,0.40865781903266907,3.122554302215576,0.005422509275376797,0.09097988903522491,139,,,,,,,,
5e-05,21949,,,,,,,,,,,,,
,21949,0.4442176818847656,3.116312026977539,0.018703997135162354,0.11388248205184937,139,,,,,,,,
,21979,,,,,139,0.4100106954574585,2.9773881435394287,0.01627284847199917,0.09599903225898743,,,,
,21979,,,,,139,,,,,0.36610424518585205,2.6306047439575195,0.009837104007601738,0.09320667386054993
5e-05,21999,,,,,,,,,,,,,
,21999,0.3035185933113098,2.115382671356201,0.005248676054179668,0.08673162758350372,140,,,,,,,,
5e-05,22049,,,,,,,,,,,,,
,22049,0.5470975637435913,4.15216064453125,0.010507338680326939,0.12137408554553986,140,,,,,,,,
5e-05,22099,,,,,,,,,,,,,
,22099,0.3115750551223755,2.4778666496276855,0.00919286534190178,0.05459551140666008,140,,,,,,,,
,22136,,,,,140,0.39874401688575745,2.784067153930664,0.01444585993885994,0.10589141398668289,,,,
,22136,,,,,140,,,,,0.3719785809516907,2.691359281539917,0.009889204055070877,0.09295322000980377
5e-05,22149,,,,,,,,,,,,,
,22149,0.3766249120235443,2.804121971130371,0.010321877896785736,0.08589085936546326,141,,,,,,,,
5e-05,22199,,,,,,,,,,,,,
,22199,0.4624948501586914,3.671459436416626,0.006658286787569523,0.0886906310915947,141,,,,,,,,
5e-05,22249,,,,,,,,,,,,,
,22249,0.4680607318878174,3.6976990699768066,0.017438028007745743,0.08085280656814575,141,,,,,,,,
,22293,,,,,141,0.37804341316223145,2.5794999599456787,0.013947553932666779,0.10614585131406784,,,,
,22293,,,,,141,,,,,0.3731051981449127,2.691664934158325,0.009733323007822037,0.09420526772737503
5e-05,22299,,,,,,,,,,,,,
,22299,0.41964876651763916,3.188957691192627,0.008518100716173649,0.09223489463329315,142,,,,,,,,
5e-05,22349,,,,,,,,,,,,,
,22349,0.37630200386047363,2.7776925563812256,0.009659928269684315,0.08887282013893127,142,,,,,,,,
5e-05,22399,,,,,,,,,,,,,
,22399,0.3819701075553894,2.9558024406433105,0.012510113418102264,0.07387974858283997,142,,,,,,,,
5e-05,22449,,,,,,,,,,,,,
,22449,0.39840036630630493,3.076350688934326,0.0449298657476902,0.04583543539047241,142,,,,,,,,
,22450,,,,,142,0.3794928193092346,2.629490852355957,0.011148667894303799,0.1053951233625412,,,,
,22450,,,,,142,,,,,0.37175846099853516,2.7196102142333984,0.009069700725376606,0.09072773903608322
5e-05,22499,,,,,,,,,,,,,
,22499,0.4206774830818176,3.306875467300415,0.010822081007063389,0.07916783541440964,143,,,,,,,,
5e-05,22549,,,,,,,,,,,,,
,22549,0.3287624716758728,2.3584048748016357,0.008588316850364208,0.08433366566896439,143,,,,,,,,
5e-05,22599,,,,,,,,,,,,,
,22599,0.4487130045890808,3.67791485786438,0.014464420266449451,0.0664571076631546,143,,,,,,,,
,22607,,,,,143,0.408815860748291,2.8983314037323,0.012503135949373245,0.1064794659614563,,,,
,22607,,,,,143,,,,,0.3689245283603668,2.6551640033721924,0.010617775842547417,0.09279035031795502
5e-05,22649,,,,,,,,,,,,,
,22649,0.4632246494293213,3.098878860473633,0.028618507087230682,0.12471825629472733,144,,,,,,,,
5e-05,22699,,,,,,,,,,,,,
,22699,0.38299375772476196,2.8279638290405273,0.009226011112332344,0.09097138047218323,144,,,,,,,,
5e-05,22749,,,,,,,,,,,,,
,22749,0.2592695355415344,1.4585254192352295,0.004906287416815758,0.10851071029901505,144,,,,,,,,
,22764,,,,,144,0.40411993861198425,2.8901009559631348,0.013439253903925419,0.10167057812213898,,,,
,22764,,,,,144,,,,,0.3708522617816925,2.6956496238708496,0.009452428668737411,0.09183496236801147
5e-05,22799,,,,,,,,,,,,,
,22799,0.428178071975708,2.921191692352295,0.0101762805134058,0.12588262557983398,145,,,,,,,,
5e-05,22849,,,,,,,,,,,,,
,22849,0.3666662871837616,2.551093101501465,0.006010153330862522,0.10554681718349457,145,,,,,,,,
5e-05,22899,,,,,,,,,,,,,
,22899,0.3329448103904724,2.382213592529297,0.00262962793931365,0.092093825340271,145,,,,,,,,
,22921,,,,,145,0.4005393385887146,2.8198137283325195,0.017577355727553368,0.10098064690828323,,,,
,22921,,,,,145,,,,,0.36223408579826355,2.61014461517334,0.010656842030584812,0.09056278318166733
5e-05,22949,,,,,,,,,,,,,
,22949,0.36201339960098267,2.6896884441375732,0.0231259036809206,0.06991864740848541,146,,,,,,,,
5e-05,22999,,,,,,,,,,,,,
,22999,0.30654025077819824,1.96750807762146,0.025403345003724098,0.08438609540462494,146,,,,,,,,
5e-05,23049,,,,,,,,,,,,,
,23049,0.29585501551628113,1.5282217264175415,0.004674884956330061,0.13835793733596802,146,,,,,,,,
,23078,,,,,146,0.4051107168197632,2.8800265789031982,0.013932707719504833,0.10317526757717133,,,,
,23078,,,,,146,,,,,0.36975377798080444,2.6501004695892334,0.009535285644233227,0.09520843625068665
5e-05,23099,,,,,,,,,,,,,
,23099,0.41499507427215576,2.7251579761505127,0.007169272750616074,0.13531002402305603,147,,,,,,,,
5e-05,23149,,,,,,,,,,,,,
,23149,0.35622480511665344,2.165011405944824,0.005919084884226322,0.1338045597076416,147,,,,,,,,
5e-05,23199,,,,,,,,,,,,,
,23199,0.3334729075431824,2.6264495849609375,0.005092517472803593,0.06573542952537537,147,,,,,,,,
,23235,,,,,147,0.4036519527435303,2.9534618854522705,0.011123022064566612,0.09718271344900131,,,,
,23235,,,,,147,,,,,0.37548935413360596,2.721500873565674,0.0091311139985919,0.09420820325613022
5e-05,23249,,,,,,,,,,,,,
,23249,0.3776601552963257,2.9367237091064453,0.0042136479169130325,0.0797741562128067,148,,,,,,,,
5e-05,23299,,,,,,,,,,,,,
,23299,0.4230765700340271,3.305685520172119,0.006758873350918293,0.08574912697076797,148,,,,,,,,
5e-05,23349,,,,,,,,,,,,,
,23349,0.3800833225250244,2.6488494873046875,0.007890727370977402,0.10730761289596558,148,,,,,,,,
,23392,,,,,148,0.3869580626487732,2.7187612056732178,0.010968671180307865,0.10411319881677628,,,,
,23392,,,,,148,,,,,0.37673699855804443,2.7280030250549316,0.009597702883183956,0.0943390503525734
5e-05,23399,,,,,,,,,,,,,
,23399,0.3137350082397461,1.7431094646453857,0.0054937684908509254,0.1339302957057953,149,,,,,,,,
5e-05,23449,,,,,,,,,,,,,
,23449,0.5635507106781006,4.569546699523926,0.028288209810853004,0.07830783724784851,149,,,,,,,,
5e-05,23499,,,,,,,,,,,,,
,23499,0.33006468415260315,1.8219270706176758,0.012809814885258675,0.13506218791007996,149,,,,,,,,
5e-05,23549,,,,,,,,,,,,,
,23549,0.19294019043445587,0.9099282026290894,0.004351366311311722,0.09759601950645447,149,,,,,,,,
,23549,,,,,149,0.397003173828125,2.765655279159546,0.0152256079018116,0.10521203279495239,,,,
,23549,,,,,149,,,,,0.3668830692768097,2.6567182540893555,0.009177014231681824,0.09203417599201202
5e-05,23599,,,,,,,,,,,,,
,23599,0.356548011302948,2.5580554008483887,0.01725425198674202,0.08348821103572845,150,,,,,,,,
5e-05,23649,,,,,,,,,,,,,
,23649,0.37066638469696045,2.6362147331237793,0.007704691030085087,0.09934018552303314,150,,,,,,,,
5e-05,23699,,,,,,,,,,,,,
,23699,0.38262563943862915,2.8186964988708496,0.00916368793696165,0.09159226715564728,150,,,,,,,,
,23706,,,,,150,0.41646626591682434,2.9845573902130127,0.014683827757835388,0.10332660377025604,,,,
,23706,,,,,150,,,,,0.3855886459350586,2.8299224376678467,0.010021460242569447,0.09257472306489944
5e-05,23749,,,,,,,,,,,,,
,23749,0.35183650255203247,2.5469906330108643,0.0025920988991856575,0.09454535692930222,151,,,,,,,,
5e-05,23799,,,,,,,,,,,,,
,23799,0.36569952964782715,2.4322733879089355,0.027371039614081383,0.09510113298892975,151,,,,,,,,
5e-05,23849,,,,,,,,,,,,,
,23849,0.379894495010376,2.6540908813476562,0.007729467935860157,0.10675594955682755,151,,,,,,,,
,23863,,,,,151,0.4164297580718994,3.0193965435028076,0.011479850858449936,0.10301020741462708,,,,
,23863,,,,,151,,,,,0.366077184677124,2.6470789909362793,0.008881145156919956,0.0924881100654602
5e-05,23899,,,,,,,,,,,,,
,23899,0.25907576084136963,1.7596476078033447,0.00566515140235424,0.0774458721280098,152,,,,,,,,
5e-05,23949,,,,,,,,,,,,,
,23949,0.3925566077232361,2.6526880264282227,0.0090709887444973,0.11821678280830383,152,,,,,,,,
5e-05,23999,,,,,,,,,,,,,
,23999,0.3114016652107239,2.110114097595215,0.0046658264473080635,0.09572441875934601,152,,,,,,,,
,24020,,,,,152,0.4124831259250641,2.958590269088745,0.009453373029828072,0.10717067867517471,,,,
,24020,,,,,152,,,,,0.3746471405029297,2.6974563598632812,0.009575613774359226,0.09532589465379715
5e-05,24049,,,,,,,,,,,,,
,24049,0.4096132516860962,3.1041674613952637,0.013639773242175579,0.08555671572685242,153,,,,,,,,
5e-05,24099,,,,,,,,,,,,,
,24099,0.26910972595214844,1.6279375553131104,0.007081382442265749,0.09923459589481354,153,,,,,,,,
5e-05,24149,,,,,,,,,,,,,
,24149,0.37951305508613586,2.9333972930908203,0.015443242155015469,0.07073009759187698,153,,,,,,,,
,24177,,,,,153,0.38577646017074585,2.7005696296691895,0.011336574330925941,0.10438293218612671,,,,
,24177,,,,,153,,,,,0.3762897551059723,2.712080717086792,0.010515470057725906,0.09456624835729599
5e-05,24199,,,,,,,,,,,,,
,24199,0.5204896330833435,3.8340401649475098,0.004600923042744398,0.13248470425605774,154,,,,,,,,
5e-05,24249,,,,,,,,,,,,,
,24249,0.3428616225719452,1.9858171939849854,0.003127678297460079,0.14115223288536072,154,,,,,,,,
5e-05,24299,,,,,,,,,,,,,
,24299,0.4325158894062042,3.1255524158477783,0.00837099552154541,0.11158964037895203,154,,,,,,,,
,24334,,,,,154,0.40829646587371826,2.9883995056152344,0.013739622198045254,0.09571687877178192,,,,
,24334,,,,,154,,,,,0.3696059286594391,2.655731201171875,0.00983799621462822,0.0941949412226677
5e-05,24349,,,,,,,,,,,,,
,24349,0.38761645555496216,2.7151856422424316,0.007898516021668911,0.10819937288761139,155,,,,,,,,
5e-05,24399,,,,,,,,,,,,,
,24399,0.34215354919433594,2.679993152618408,0.0063300542533397675,0.06782419979572296,155,,,,,,,,
5e-05,24449,,,,,,,,,,,,,
,24449,0.3863483965396881,2.866206169128418,0.007777122780680656,0.09195064008235931,155,,,,,,,,
,24491,,,,,155,0.3834950923919678,2.691514253616333,0.010490008629858494,0.10385359078645706,,,,
,24491,,,,,155,,,,,0.3700757920742035,2.6673693656921387,0.009460431523621082,0.09387834370136261
5e-05,24499,,,,,,,,,,,,,
,24499,0.43015480041503906,2.9663772583007812,0.006511247251182795,0.12700581550598145,156,,,,,,,,
5e-05,24549,,,,,,,,,,,,,
,24549,0.30796337127685547,2.1307895183563232,0.01089162565767765,0.08399277180433273,156,,,,,,,,
5e-05,24599,,,,,,,,,,,,,
,24599,0.44346368312835693,3.391118288040161,0.004821116104722023,0.09953074157238007,156,,,,,,,,
,24648,,,,,156,0.4091605544090271,2.910641670227051,0.01338544674217701,0.10471095889806747,,,,
,24648,,,,,156,,,,,0.37866783142089844,2.719053268432617,0.012170129455626011,0.09459246695041656
5e-05,24649,,,,,,,,,,,,,
,24649,0.4506950080394745,3.380174160003662,0.004064574372023344,0.1086130142211914,157,,,,,,,,
5e-05,24699,,,,,,,,,,,,,
,24699,0.3035174608230591,2.1283888816833496,0.00936030875891447,0.08131825923919678,157,,,,,,,,
5e-05,24749,,,,,,,,,,,,,
,24749,0.30213266611099243,2.076355218887329,0.007970442064106464,0.08652669191360474,157,,,,,,,,
5e-05,24799,,,,,,,,,,,,,
,24799,0.34331437945365906,2.501486301422119,0.006063002161681652,0.0871027261018753,157,,,,,,,,
,24805,,,,,157,0.4138033986091614,2.9672863483428955,0.012313495390117168,0.10476125031709671,,,,
,24805,,,,,157,,,,,0.36864572763442993,2.636101722717285,0.010584474541246891,0.09445102512836456
5e-05,24849,,,,,,,,,,,,,
,24849,0.3197345435619354,2.3643414974212646,0.005533847492188215,0.0777665376663208,158,,,,,,,,
5e-05,24899,,,,,,,,,,,,,
,24899,0.3033912181854248,1.7937772274017334,0.021008837968111038,0.10300463438034058,158,,,,,,,,
5e-05,24949,,,,,,,,,,,,,
,24949,0.2951071262359619,2.1690804958343506,0.0029680654406547546,0.07523100078105927,158,,,,,,,,
,24962,,,,,158,0.3899049162864685,2.7869744300842285,0.010978957638144493,0.10022850334644318,,,,
,24962,,,,,158,,,,,0.37786170840263367,2.731610059738159,0.009486550465226173,0.09521405398845673
5e-05,24999,,,,,,,,,,,,,
,24999,0.3013952672481537,1.9481850862503052,0.0033145861234515905,0.10326217859983444,159,,,,,,,,
5e-05,25049,,,,,,,,,,,,,
,25049,0.30311012268066406,2.132617473602295,0.004215013701468706,0.08563335239887238,159,,,,,,,,
5e-05,25099,,,,,,,,,,,,,
,25099,0.28616559505462646,2.113206624984741,0.008202603086829185,0.06664229184389114,159,,,,,,,,
,25119,,,,,159,0.397489994764328,2.822934150695801,0.012753089889883995,0.10244347155094147,,,,
,25119,,,,,159,,,,,0.3687383830547333,2.6731481552124023,0.009017598815262318,0.09240590780973434
5e-05,25149,,,,,,,,,,,,,
,25149,0.41729480028152466,3.232367515563965,0.014306348748505116,0.07975171506404877,160,,,,,,,,
5e-05,25199,,,,,,,,,,,,,
,25199,0.4426107406616211,3.376054286956787,0.013013647869229317,0.09199164807796478,160,,,,,,,,
5e-05,25249,,,,,,,,,,,,,
,25249,0.3205496668815613,2.1835150718688965,0.007882444187998772,0.09431570768356323,160,,,,,,,,
,25276,,,,,160,0.4081156551837921,2.9243648052215576,0.012421813793480396,0.10325740277767181,,,,
,25276,,,,,160,,,,,0.36720219254493713,2.672104597091675,0.009817058220505714,0.09017463773488998
5e-05,25299,,,,,,,,,,,,,
,25299,0.34020185470581055,2.2309916019439697,0.011486309580504894,0.10561634600162506,161,,,,,,,,
5e-05,25349,,,,,,,,,,,,,
,25349,0.3179473280906677,2.1193692684173584,0.007067067548632622,0.09894337505102158,161,,,,,,,,
5e-05,25399,,,,,,,,,,,,,
,25399,0.35661154985427856,2.4159696102142334,0.0042805420234799385,0.11073405295610428,161,,,,,,,,
,25433,,,,,161,0.38933178782463074,2.7750697135925293,0.011859020218253136,0.09996577352285385,,,,
,25433,,,,,161,,,,,0.36322933435440063,2.623854398727417,0.008591611869633198,0.09225229173898697
5e-05,25449,,,,,,,,,,,,,
,25449,0.3314463496208191,2.326568365097046,0.007030166685581207,0.09175936877727509,162,,,,,,,,
5e-05,25499,,,,,,,,,,,,,
,25499,0.40293097496032715,2.962697982788086,0.005567020736634731,0.10109414160251617,162,,,,,,,,
5e-05,25549,,,,,,,,,,,,,
,25549,0.37815073132514954,2.556011199951172,0.015019534155726433,0.10753007978200912,162,,,,,,,,
,25590,,,,,162,0.39437687397003174,2.821397304534912,0.013769562356173992,0.0984676256775856,,,,
,25590,,,,,162,,,,,0.36430883407592773,2.6303868293762207,0.009776745922863483,0.09149336814880371
5e-05,25599,,,,,,,,,,,,,
,25599,0.37785154581069946,2.889207124710083,0.011264157481491566,0.07766668498516083,163,,,,,,,,
5e-05,25649,,,,,,,,,,,,,
,25649,0.4147263467311859,3.3537817001342773,0.005648774094879627,0.07369941473007202,163,,,,,,,,
5e-05,25699,,,,,,,,,,,,,
,25699,0.396173357963562,2.8278555870056152,0.01006375253200531,0.1033240556716919,163,,,,,,,,
,25747,,,,,163,0.39627397060394287,2.8748984336853027,0.010218124836683273,0.0985659807920456,,,,
,25747,,,,,163,,,,,0.364524781703949,2.6426727771759033,0.00834034662693739,0.09191730618476868
5e-05,25749,,,,,,,,,,,,,
,25749,0.38259923458099365,2.8164501190185547,0.004448017105460167,0.09650618582963943,164,,,,,,,,
5e-05,25799,,,,,,,,,,,,,
,25799,0.3046209216117859,1.9409418106079102,0.003051894484087825,0.10747481882572174,164,,,,,,,,
5e-05,25849,,,,,,,,,,,,,
,25849,0.2787729501724243,2.1409850120544434,0.005844361148774624,0.05883008986711502,164,,,,,,,,
5e-05,25899,,,,,,,,,,,,,
,25899,0.21966403722763062,1.3054763078689575,0.014108669012784958,0.07500772178173065,164,,,,,,,,
,25904,,,,,164,0.4192882776260376,2.9931142330169678,0.011502595618367195,0.1084742322564125,,,,
,25904,,,,,164,,,,,0.36122456192970276,2.5978193283081055,0.00981823168694973,0.09162445366382599
5e-05,25949,,,,,,,,,,,,,
,25949,0.44318437576293945,3.693540096282959,0.0071680136024951935,0.06666235625743866,165,,,,,,,,
5e-05,25999,,,,,,,,,,,,,
,25999,0.3370209336280823,2.3843564987182617,0.004919881001114845,0.09366539120674133,165,,,,,,,,
5e-05,26049,,,,,,,,,,,,,
,26049,0.33419471979141235,2.2361268997192383,0.010608850046992302,0.09997321665287018,165,,,,,,,,
,26061,,,,,165,0.439812034368515,3.1950883865356445,0.01185285672545433,0.10845034569501877,,,,
,26061,,,,,165,,,,,0.372872918844223,2.688237190246582,0.01116933487355709,0.09287986159324646
5e-05,26099,,,,,,,,,,,,,
,26099,0.47656431794166565,3.56343412399292,0.022388767451047897,0.09783212840557098,166,,,,,,,,
5e-05,26149,,,,,,,,,,,,,
,26149,0.3536835312843323,2.3004653453826904,0.017287954688072205,0.10634902864694595,166,,,,,,,,
5e-05,26199,,,,,,,,,,,,,
,26199,0.3084539771080017,2.1056747436523438,0.00404677027836442,0.09383970499038696,166,,,,,,,,
,26218,,,,,166,0.3865891098976135,2.796292781829834,0.01092639658600092,0.09603343904018402,,,,
,26218,,,,,166,,,,,0.3758813440799713,2.7174277305603027,0.009087362326681614,0.09505119174718857
5e-05,26249,,,,,,,,,,,,,
,26249,0.37582093477249146,2.772362232208252,0.007715482730418444,0.0908692330121994,167,,,,,,,,
5e-05,26299,,,,,,,,,,,,,
,26299,0.31648963689804077,2.269019603729248,0.008262907154858112,0.0813247561454773,167,,,,,,,,
5e-05,26349,,,,,,,,,,,,,
,26349,0.301376074552536,1.9275273084640503,0.0026668948121368885,0.10595643520355225,167,,,,,,,,
,26375,,,,,167,0.39220067858695984,2.862687349319458,0.01044586393982172,0.0954860970377922,,,,
,26375,,,,,167,,,,,0.3745459318161011,2.70880126953125,0.01006364542990923,0.09360209852457047
5e-05,26399,,,,,,,,,,,,,
,26399,0.6620217561721802,5.603735446929932,0.005877121351659298,0.09577104449272156,168,,,,,,,,
5e-05,26449,,,,,,,,,,,,,
,26449,0.33797913789749146,2.5165138244628906,0.00664488784968853,0.0796828493475914,168,,,,,,,,
5e-05,26499,,,,,,,,,,,,,
,26499,0.42840254306793213,3.4488706588745117,0.006348246708512306,0.07716721296310425,168,,,,,,,,
,26532,,,,,168,0.40606948733329773,2.908818244934082,0.01536497101187706,0.09982271492481232,,,,
,26532,,,,,168,,,,,0.3713594377040863,2.7003512382507324,0.008756617084145546,0.09256767481565475
5e-05,26549,,,,,,,,,,,,,
,26549,0.3565130829811096,2.966620922088623,0.006905089132487774,0.05294591933488846,169,,,,,,,,
5e-05,26599,,,,,,,,,,,,,
,26599,0.29829514026641846,2.0498807430267334,0.0028790379874408245,0.09042800962924957,169,,,,,,,,
5e-05,26649,,,,,,,,,,,,,
,26649,0.3975985646247864,3.101583957672119,0.011433873325586319,0.07600627094507217,169,,,,,,,,
,26689,,,,,169,0.4056806266307831,2.9502789974212646,0.011371007189154625,0.09928163141012192,,,,
,26689,,,,,169,,,,,0.3784964084625244,2.748702049255371,0.009416921064257622,0.0942092314362526
5e-05,26699,,,,,,,,,,,,,
,26699,0.281292200088501,1.943028211593628,0.0042287264950573444,0.08276067674160004,170,,,,,,,,
5e-05,26749,,,,,,,,,,,,,
,26749,0.3968147933483124,2.8720080852508545,0.019311148673295975,0.09030282497406006,170,,,,,,,,
5e-05,26799,,,,,,,,,,,,,
,26799,0.3643132448196411,2.617208957672119,0.003830346977338195,0.09876199066638947,170,,,,,,,,
,26846,,,,,170,0.38906756043434143,2.7827672958374023,0.013124087825417519,0.09766675531864166,,,,
,26846,,,,,170,,,,,0.3687039613723755,2.6561734676361084,0.008925211615860462,0.09416130185127258
5e-05,26849,,,,,,,,,,,,,
,26849,0.5026151537895203,3.9341273307800293,0.007025028113275766,0.1021774560213089,171,,,,,,,,
5e-05,26899,,,,,,,,,,,,,
,26899,0.4044378101825714,2.459418296813965,0.0053884126245975494,0.15310756862163544,171,,,,,,,,
5e-05,26949,,,,,,,,,,,,,
,26949,0.3202373683452606,2.5076117515563965,0.003912766929715872,0.06556345522403717,171,,,,,,,,
5e-05,26999,,,,,,,,,,,,,
,26999,0.2894434928894043,2.2826178073883057,0.00599662633612752,0.055185072124004364,171,,,,,,,,
,27003,,,,,171,0.40488648414611816,2.8880069255828857,0.012118100188672543,0.10396776348352432,,,,
,27003,,,,,171,,,,,0.37569522857666016,2.7309670448303223,0.01042182371020317,0.09217669069766998
5e-05,27049,,,,,,,,,,,,,
,27049,0.3500714600086212,2.2461118698120117,0.01366608776152134,0.11179418861865997,172,,,,,,,,
5e-05,27099,,,,,,,,,,,,,
,27099,0.3524322509765625,2.5928144454956055,0.010335128754377365,0.08281567692756653,172,,,,,,,,
5e-05,27149,,,,,,,,,,,,,
,27149,0.4543406665325165,3.560516834259033,0.007678608410060406,0.09061039984226227,172,,,,,,,,
,27160,,,,,172,0.41639429330825806,3.0270535945892334,0.014110262505710125,0.0995786115527153,,,,
,27160,,,,,172,,,,,0.3591201603412628,2.5840682983398438,0.01003645732998848,0.09067703783512115
5e-05,27199,,,,,,,,,,,,,
,27199,0.24273857474327087,1.607175588607788,0.012448021210730076,0.06957297027111053,173,,,,,,,,
5e-05,27249,,,,,,,,,,,,,
,27249,0.5417678356170654,4.402685165405273,0.013845851644873619,0.08765345811843872,173,,,,,,,,
5e-05,27299,,,,,,,,,,,,,
,27299,0.25226032733917236,1.7357295751571655,0.004499281290918589,0.07418811321258545,173,,,,,,,,
,27317,,,,,173,0.41106340289115906,2.9751553535461426,0.013922673650085926,0.09962520748376846,,,,
,27317,,,,,173,,,,,0.375664621591568,2.7275795936584473,0.00956538412719965,0.09334119409322739
5e-05,27349,,,,,,,,,,,,,
,27349,0.44279539585113525,3.4029440879821777,0.010771295055747032,0.09172967076301575,174,,,,,,,,
5e-05,27399,,,,,,,,,,,,,
,27399,0.46356528997421265,3.5612924098968506,0.014714235439896584,0.09272181987762451,174,,,,,,,,
5e-05,27449,,,,,,,,,,,,,
,27449,0.29088443517684937,2.0280489921569824,0.006590586155653,0.0814889669418335,174,,,,,,,,
,27474,,,,,174,0.3969835340976715,2.8526504039764404,0.011212866753339767,0.10050565004348755,,,,
,27474,,,,,174,,,,,0.3699517548084259,2.689786434173584,0.009358501061797142,0.09161454439163208
5e-05,27499,,,,,,,,,,,,,
,27499,0.3617275357246399,2.2280802726745605,0.026240190491080284,0.11267930269241333,175,,,,,,,,
5e-05,27549,,,,,,,,,,,,,
,27549,0.4228867292404175,3.1278786659240723,0.03311177343130112,0.07698708772659302,175,,,,,,,,
5e-05,27599,,,,,,,,,,,,,
,27599,0.355614572763443,1.8018078804016113,0.007807635702192783,0.16762614250183105,175,,,,,,,,
,27631,,,,,175,0.3837530314922333,2.6963939666748047,0.014466860331594944,0.0996466651558876,,,,
,27631,,,,,175,,,,,0.37557488679885864,2.7208356857299805,0.012315080501139164,0.0911761000752449
5e-05,27649,,,,,,,,,,,,,
,27649,0.5265026688575745,4.290825843811035,0.006622909568250179,0.09079720079898834,176,,,,,,,,
5e-05,27699,,,,,,,,,,,,,
,27699,0.4685632586479187,4.043248176574707,0.007613864727318287,0.05662461370229721,176,,,,,,,,
5e-05,27749,,,,,,,,,,,,,
,27749,0.4851608872413635,3.886935234069824,0.01367455255240202,0.08279283344745636,176,,,,,,,,
,27788,,,,,176,0.3983038067817688,2.962122917175293,0.011009409092366695,0.09108211100101471,,,,
,27788,,,,,176,,,,,0.36169880628585815,2.599553108215332,0.009408279322087765,0.09233538806438446
5e-05,27799,,,,,,,,,,,,,
,27799,0.3916139602661133,3.0811872482299805,0.006487209349870682,0.07700800895690918,177,,,,,,,,
5e-05,27849,,,,,,,,,,,,,
,27849,0.27719640731811523,1.7595195770263672,0.01100658718496561,0.09023785591125488,177,,,,,,,,
5e-05,27899,,,,,,,,,,,,,
,27899,0.27563604712486267,1.8349980115890503,0.02101205103099346,0.07112418115139008,177,,,,,,,,
,27945,,,,,177,0.41219231486320496,3.0082552433013916,0.011630795896053314,0.09973590821027756,,,,
,27945,,,,,177,,,,,0.36772578954696655,2.6745173931121826,0.009712714701890945,0.09056123346090317
5e-05,27949,,,,,,,,,,,,,
,27949,0.4031222462654114,2.834852933883667,0.006554621271789074,0.11308231949806213,178,,,,,,,,
5e-05,27999,,,,,,,,,,,,,
,27999,0.39345473051071167,2.9131617546081543,0.006315088365226984,0.09582344442605972,178,,,,,,,,
5e-05,28049,,,,,,,,,,,,,
,28049,0.5010694265365601,3.4729554653167725,0.007070932071655989,0.14670296013355255,178,,,,,,,,
5e-05,28099,,,,,,,,,,,,,
,28099,0.4364194869995117,3.4389638900756836,0.007546453736722469,0.0849766731262207,178,,,,,,,,
,28102,,,,,178,0.4091380834579468,2.9471163749694824,0.011854630894958973,0.10257184505462646,,,,
,28102,,,,,178,,,,,0.36865875124931335,2.6735475063323975,0.008927683345973492,0.09237628430128098
5e-05,28149,,,,,,,,,,,,,
,28149,0.28676873445510864,2.091053009033203,0.004689312539994717,0.07297410070896149,179,,,,,,,,
5e-05,28199,,,,,,,,,,,,,
,28199,0.39557981491088867,2.599977970123291,0.008797788992524147,0.12678422033786774,179,,,,,,,,
5e-05,28249,,,,,,,,,,,,,
,28249,0.395027756690979,2.8655595779418945,0.00879045482724905,0.09968137741088867,179,,,,,,,,
,28259,,,,,179,0.400076299905777,2.8467442989349365,0.01081146951764822,0.10459043085575104,,,,
,28259,,,,,179,,,,,0.3798186182975769,2.7954959869384766,0.00873724278062582,0.0915319174528122
5e-05,28299,,,,,,,,,,,,,
,28299,0.2642931342124939,2.1603989601135254,0.0036748317070305347,0.044578373432159424,180,,,,,,,,
5e-05,28349,,,,,,,,,,,,,
,28349,0.39029306173324585,2.5877201557159424,0.007385762874037027,0.12413527071475983,180,,,,,,,,
5e-05,28399,,,,,,,,,,,,,
,28399,0.4005158543586731,2.7217965126037598,0.017206208780407906,0.11112996190786362,180,,,,,,,,
,28416,,,,,180,0.39524123072624207,2.766160488128662,0.012795841321349144,0.10582936555147171,,,,
,28416,,,,,180,,,,,0.36445382237434387,2.652963399887085,0.008992321789264679,0.09016525000333786
5e-05,28449,,,,,,,,,,,,,
,28449,0.41887375712394714,3.1939127445220947,0.0037728380411863327,0.0957096517086029,181,,,,,,,,
5e-05,28499,,,,,,,,,,,,,
,28499,0.327491819858551,2.2556381225585938,0.015654437243938446,0.08627357333898544,181,,,,,,,,
5e-05,28549,,,,,,,,,,,,,
,28549,0.3748266100883484,2.435178518295288,0.00785746332257986,0.12345128506422043,181,,,,,,,,
,28573,,,,,181,0.4037790596485138,2.8116493225097656,0.015998423099517822,0.10661571472883224,,,,
,28573,,,,,181,,,,,0.371334046125412,2.675436019897461,0.009137590415775776,0.09465278685092926
5e-05,28599,,,,,,,,,,,,,
,28599,0.4086070954799652,3.398740291595459,0.03815048933029175,0.030582595616579056,182,,,,,,,,
5e-05,28649,,,,,,,,,,,,,
,28649,0.31635046005249023,2.560652494430542,0.0113697350025177,0.04891543835401535,182,,,,,,,,
5e-05,28699,,,,,,,,,,,,,
,28699,0.36672139167785645,2.5971622467041016,0.0025255982764065266,0.10447955131530762,182,,,,,,,,
,28730,,,,,182,0.3982352018356323,2.8053390979766846,0.010620532557368279,0.10708069801330566,,,,
,28730,,,,,182,,,,,0.3635680079460144,2.6343138217926025,0.009458153508603573,0.09067856520414352
5e-05,28749,,,,,,,,,,,,,
,28749,0.3097069263458252,2.0304059982299805,0.0064638229086995125,0.10020249336957932,183,,,,,,,,
5e-05,28799,,,,,,,,,,,,,
,28799,0.4378708600997925,3.1900482177734375,0.008998009376227856,0.10986803472042084,183,,,,,,,,
5e-05,28849,,,,,,,,,,,,,
,28849,0.410830557346344,3.234373092651367,0.0050127808935940266,0.08238043636083603,183,,,,,,,,
,28887,,,,,183,0.4047480523586273,2.9559545516967773,0.011180424131453037,0.09797226637601852,,,,
,28887,,,,,183,,,,,0.37272900342941284,2.690851926803589,0.009344678372144699,0.09429904818534851
5e-05,28899,,,,,,,,,,,,,
,28899,0.3220357894897461,2.283626079559326,0.006307477131485939,0.08736569434404373,184,,,,,,,,
5e-05,28949,,,,,,,,,,,,,
,28949,0.4129287004470825,2.8869051933288574,0.0029002807568758726,0.121337890625,184,,,,,,,,
5e-05,28999,,,,,,,,,,,,,
,28999,0.20947368443012238,1.3252828121185303,0.0033524539321660995,0.07359294593334198,184,,,,,,,,
,29044,,,,,184,0.39889296889305115,2.9333436489105225,0.012638679705560207,0.09291991591453552,,,,
,29044,,,,,184,,,,,0.3663969039916992,2.6426284313201904,0.009776677004992962,0.09235735237598419
5e-05,29049,,,,,,,,,,,,,
,29049,0.3236157298088074,2.5169806480407715,0.006342088803648949,0.06557554751634598,185,,,,,,,,
5e-05,29099,,,,,,,,,,,,,
,29099,0.4200456142425537,3.0927133560180664,0.04098060727119446,0.06979367136955261,185,,,,,,,,
5e-05,29149,,,,,,,,,,,,,
,29149,0.2460186630487442,1.2341228723526,0.00891550350934267,0.11369085311889648,185,,,,,,,,
5e-05,29199,,,,,,,,,,,,,
,29199,0.5123105049133301,4.475682735443115,0.006256771739572287,0.0584854818880558,185,,,,,,,,
,29201,,,,,185,0.4256827235221863,2.9727656841278076,0.02290935069322586,0.10549680888652802,,,,
,29201,,,,,185,,,,,0.360189288854599,2.623500347137451,0.009512399323284626,0.08832692354917526
5e-05,29249,,,,,,,,,,,,,
,29249,0.4104973077774048,3.431654453277588,0.005448841489851475,0.06188300997018814,186,,,,,,,,
5e-05,29299,,,,,,,,,,,,,
,29299,0.4122048020362854,2.7952229976654053,0.005090532824397087,0.12759195268154144,186,,,,,,,,
5e-05,29349,,,,,,,,,,,,,
,29349,0.4469689428806305,3.636939764022827,0.011264843866229057,0.0720100998878479,186,,,,,,,,
,29358,,,,,186,0.40066128969192505,2.9256536960601807,0.01234511099755764,0.09575078636407852,,,,
,29358,,,,,186,,,,,0.36948123574256897,2.6451528072357178,0.00957054179161787,0.09539540112018585
5e-05,29399,,,,,,,,,,,,,
,29399,0.24370518326759338,1.2409117221832275,0.005326145328581333,0.11428786814212799,187,,,,,,,,
5e-05,29449,,,,,,,,,,,,,
,29449,0.40178659558296204,2.9319324493408203,0.005853150971233845,0.10274016112089157,187,,,,,,,,
5e-05,29499,,,,,,,,,,,,,
,29499,0.3832363784313202,2.865255355834961,0.006032922305166721,0.0906779021024704,187,,,,,,,,
,29515,,,,,187,0.40485242009162903,2.875993013381958,0.013976294547319412,0.10327684134244919,,,,
,29515,,,,,187,,,,,0.3697907328605652,2.683004856109619,0.009371894411742687,0.09211825579404831
5e-05,29549,,,,,,,,,,,,,
,29549,0.3917993903160095,3.2952873706817627,0.0091308718547225,0.05313977599143982,188,,,,,,,,
5e-05,29599,,,,,,,,,,,,,
,29599,0.3905688226222992,2.6204614639282227,0.007027061656117439,0.12149560451507568,188,,,,,,,,
5e-05,29649,,,,,,,,,,,,,
,29649,0.404856413602829,2.8428421020507812,0.006360923871397972,0.11421127617359161,188,,,,,,,,
,29672,,,,,188,0.3924759030342102,2.8238725662231445,0.013070806860923767,0.09701783210039139,,,,
,29672,,,,,188,,,,,0.3683983087539673,2.6528875827789307,0.009474278427660465,0.09363524615764618
5e-05,29699,,,,,,,,,,,,,
,29699,0.3968454599380493,2.4364066123962402,0.007749004755169153,0.14545577764511108,189,,,,,,,,
5e-05,29749,,,,,,,,,,,,,
,29749,0.3085070252418518,2.045508623123169,0.005056103691458702,0.09890004992485046,189,,,,,,,,
5e-05,29799,,,,,,,,,,,,,
,29799,0.4212733209133148,3.2376484870910645,0.011574449017643929,0.08593399822711945,189,,,,,,,,
,29829,,,,,189,0.42036014795303345,3.023899555206299,0.012960213236510754,0.1050100028514862,,,,
,29829,,,,,189,,,,,0.3619499206542969,2.615817070007324,0.008849688805639744,0.09151838719844818
5e-05,29849,,,,,,,,,,,,,
,29849,0.3183034062385559,2.346700668334961,0.0032982188276946545,0.0803351029753685,190,,,,,,,,
5e-05,29899,,,,,,,,,,,,,
,29899,0.4434860944747925,3.3533935546875,0.004604483023285866,0.10354230552911758,190,,,,,,,,
5e-05,29949,,,,,,,,,,,,,
,29949,0.32671645283699036,2.595449924468994,0.012599216774106026,0.0545722171664238,190,,,,,,,,
,29986,,,,,190,0.3927299976348877,2.787429094314575,0.014191805385053158,0.09979522228240967,,,,
,29986,,,,,190,,,,,0.36331164836883545,2.609605550765991,0.00922080036252737,0.09313026815652847
5e-05,29999,,,,,,,,,,,,,
,29999,0.26482200622558594,1.409010887145996,0.010827962309122086,0.11309298127889633,191,,,,,,,,
5e-05,30049,,,,,,,,,,,,,
,30049,0.36057424545288086,2.565401315689087,0.0070305876433849335,0.09700355678796768,191,,,,,,,,
5e-05,30099,,,,,,,,,,,,,
,30099,0.31877416372299194,1.8310624361038208,0.006250557955354452,0.12941734492778778,191,,,,,,,,
,30143,,,,,191,0.39219918847084045,2.7717041969299316,0.012267517857253551,0.10276126116514206,,,,
,30143,,,,,191,,,,,0.3753029704093933,2.701371192932129,0.009406252764165401,0.0957595482468605
5e-05,30149,,,,,,,,,,,,,
,30149,0.379133939743042,2.7196130752563477,0.0069305081851780415,0.10024210810661316,192,,,,,,,,
5e-05,30199,,,,,,,,,,,,,
,30199,0.456648588180542,3.550246000289917,0.005994849838316441,0.09562913328409195,192,,,,,,,,
5e-05,30249,,,,,,,,,,,,,
,30249,0.41603797674179077,3.186504602432251,0.011248661205172539,0.08613885939121246,192,,,,,,,,
5e-05,30299,,,,,,,,,,,,,
,30299,0.3162364065647125,2.077604293823242,0.013296696357429028,0.09517926722764969,192,,,,,,,,
,30300,,,,,192,0.42368084192276,3.117130756378174,0.0097668981179595,0.10220087319612503,,,,
,30300,,,,,192,,,,,0.3655988872051239,2.6575021743774414,0.00880319532006979,0.09104537218809128
5e-05,30349,,,,,,,,,,,,,
,30349,0.34498894214630127,2.6580536365509033,0.007270496338605881,0.07191310822963715,193,,,,,,,,
5e-05,30399,,,,,,,,,,,,,
,30399,0.2954479157924652,2.1235814094543457,0.0034163612872362137,0.0796734094619751,193,,,,,,,,
5e-05,30449,,,,,,,,,,,,,
,30449,0.3480405807495117,2.457650661468506,0.0049945334903895855,0.09728099405765533,193,,,,,,,,
,30457,,,,,193,0.37940189242362976,2.6898038387298584,0.010825221426784992,0.09959623962640762,,,,
,30457,,,,,193,,,,,0.366655170917511,2.691277503967285,0.009869594126939774,0.08765784651041031
5e-05,30499,,,,,,,,,,,,,
,30499,0.43776735663414,3.114217758178711,0.021740872412919998,0.10460472106933594,194,,,,,,,,
5e-05,30549,,,,,,,,,,,,,
,30549,0.46525418758392334,3.3616461753845215,0.0070084878243505955,0.12208108603954315,194,,,,,,,,
5e-05,30599,,,,,,,,,,,,,
,30599,0.45493292808532715,3.2666850090026855,0.0145676638931036,0.11369673162698746,194,,,,,,,,
,30614,,,,,194,0.42645972967147827,3.147860288619995,0.01037562359124422,0.1012980043888092,,,,
,30614,,,,,194,,,,,0.37153834104537964,2.6786952018737793,0.011201928369700909,0.09246696531772614
5e-05,30649,,,,,,,,,,,,,
,30649,0.3976132571697235,3.0250940322875977,0.006449639797210693,0.08865418285131454,195,,,,,,,,
5e-05,30699,,,,,,,,,,,,,
,30699,0.4444628059864044,3.4404456615448,0.006882284767925739,0.09353597462177277,195,,,,,,,,
5e-05,30749,,,,,,,,,,,,,
,30749,0.38863810896873474,3.0854339599609375,0.009861929342150688,0.07023277878761292,195,,,,,,,,
,30771,,,,,195,0.3961077332496643,2.8464298248291016,0.012782789766788483,0.09868189692497253,,,,
,30771,,,,,195,,,,,0.37209179997444153,2.693160057067871,0.009873984381556511,0.09290195256471634
5e-05,30799,,,,,,,,,,,,,
,30799,0.5011093020439148,3.707784652709961,0.0064163776114583015,0.1239144504070282,196,,,,,,,,
5e-05,30849,,,,,,,,,,,,,
,30849,0.3472338914871216,2.427457571029663,0.01379017811268568,0.09069795906543732,196,,,,,,,,
5e-05,30899,,,,,,,,,,,,,
,30899,0.39754021167755127,2.94990873336792,0.005707958713173866,0.09684135019779205,196,,,,,,,,
,30928,,,,,196,0.41192546486854553,2.9654362201690674,0.015898805111646652,0.09948296844959259,,,,
,30928,,,,,196,,,,,0.37123367190361023,2.6869704723358154,0.008777454495429993,0.09375915676355362
5e-05,30949,,,,,,,,,,,,,
,30949,0.3375851511955261,2.243190288543701,0.008653677999973297,0.10461243987083435,197,,,,,,,,
5e-05,30999,,,,,,,,,,,,,
,30999,0.49289774894714355,3.788465976715088,0.010252676904201508,0.10379847884178162,197,,,,,,,,
5e-05,31049,,,,,,,,,,,,,
,31049,0.30744993686676025,1.8208553791046143,0.003841702826321125,0.12152266502380371,197,,,,,,,,
,31085,,,,,197,0.40685033798217773,2.970215082168579,0.009721551090478897,0.10010721534490585,,,,
,31085,,,,,197,,,,,0.35976898670196533,2.6130290031433105,0.009578910656273365,0.0888872966170311
5e-05,31099,,,,,,,,,,,,,
,31099,0.31264591217041016,2.093698740005493,0.003673035651445389,0.09960301220417023,198,,,,,,,,
5e-05,31149,,,,,,,,,,,,,
,31149,0.2500215172767639,1.5184850692749023,0.0030501605942845345,0.09512285143136978,198,,,,,,,,
5e-05,31199,,,,,,,,,,,,,
,31199,0.29295194149017334,1.8047053813934326,0.006954817101359367,0.10552655160427094,198,,,,,,,,
,31242,,,,,198,0.4157639741897583,3.0538434982299805,0.011933623813092709,0.09844605624675751,,,,
,31242,,,,,198,,,,,0.3704545199871063,2.7069954872131348,0.009636646136641502,0.09011818468570709
5e-05,31249,,,,,,,,,,,,,
,31249,0.28757452964782715,1.7139133214950562,0.013118074275553226,0.103065125644207,199,,,,,,,,
5e-05,31299,,,,,,,,,,,,,
,31299,0.3340202271938324,2.2801289558410645,0.0046685440465807915,0.10133876651525497,199,,,,,,,,
5e-05,31349,,,,,,,,,,,,,
,31349,0.26234984397888184,1.7878280878067017,0.006676200777292252,0.07689084112644196,199,,,,,,,,
5e-05,31399,,,,,,,,,,,,,
,31399,0.48051583766937256,3.5597403049468994,0.01160148810595274,0.11294029653072357,199,,,,,,,,
,31399,,,,,199,0.4134618043899536,2.982266426086426,0.012597032822668552,0.10263821482658386,,,,
,31399,,,,,199,,,,,0.3709526062011719,2.681976556777954,0.008725444786250591,0.09402938932180405
