lr-Adam,step,loss_train_step,pos_train_step,cell_train_step,atomic_numbers_train_step,epoch,loss_val,pos_val,cell_val,atomic_numbers_val,loss_train_epoch,pos_train_epoch,cell_train_epoch,atomic_numbers_train_epoch
0.0001,49,,,,,,,,,,,,,
,49,0.4393054246902466,2.599776268005371,0.007016356568783522,0.1723114550113678,0,,,,,,,,
0.0001,99,,,,,,,,,,,,,
,99,0.6406689286231995,4.4882402420043945,0.00951814278960228,0.18232674896717072,0,,,,,,,,
0.0001,149,,,,,,,,,,,,,
,149,0.35679545998573303,2.2145678997039795,0.010787599720060825,0.12455108016729355,0,,,,,,,,
,156,,,,,0,0.3912312984466553,2.5820131301879883,0.012403667904436588,0.12062631547451019,,,,
,156,,,,,0,,,,,0.4200870990753174,2.792466878890991,0.01261598989367485,0.1282242089509964
0.0001,199,,,,,,,,,,,,,
,199,0.43556278944015503,2.9729580879211426,0.006068367511034012,0.13219860196113586,1,,,,,,,,
0.0001,249,,,,,,,,,,,,,
,249,0.328748494386673,2.365363836288452,0.006265533622354269,0.08594657480716705,1,,,,,,,,
0.0001,299,,,,,,,,,,,,,
,299,0.39013972878456116,2.881976842880249,0.00922335870563984,0.0927186906337738,1,,,,,,,,
,313,,,,,1,0.4282044470310211,2.9274590015411377,0.01343527715653181,0.12202328443527222,,,,
,313,,,,,1,,,,,0.4193733334541321,2.8710243701934814,0.013479583896696568,0.11879139393568039
0.0001,349,,,,,,,,,,,,,
,349,0.43452930450439453,3.26117205619812,0.005970657337456942,0.10244143009185791,2,,,,,,,,
0.0001,399,,,,,,,,,,,,,
,399,0.537285327911377,3.764928102493286,0.02456836588680744,0.13622409105300903,2,,,,,,,,
0.0001,449,,,,,,,,,,,,,
,449,0.3526795208454132,2.393685817718506,0.0074987164698541164,0.10581223666667938,2,,,,,,,,
,470,,,,,2,0.4080645740032196,2.6767220497131348,0.008821024559438229,0.13157133758068085,,,,
,470,,,,,2,,,,,0.41171005368232727,2.8606722354888916,0.012502690777182579,0.11314009875059128
0.0001,499,,,,,,,,,,,,,
,499,0.46656113862991333,3.4935860633850098,0.010773477144539356,0.10642902553081512,3,,,,,,,,
0.0001,549,,,,,,,,,,,,,
,549,0.3488118350505829,2.565044641494751,0.00419103167951107,0.08811631798744202,3,,,,,,,,
0.0001,599,,,,,,,,,,,,,
,599,0.2986330986022949,1.4375085830688477,0.009517744183540344,0.14536449313163757,3,,,,,,,,
,627,,,,,3,0.40214264392852783,2.758986711502075,0.01148364320397377,0.11476032435894012,,,,
,627,,,,,3,,,,,0.4059077501296997,2.8242812156677246,0.011180231347680092,0.1122993528842926
0.0001,649,,,,,,,,,,,,,
,649,0.4521633982658386,3.1420485973358154,0.03651968389749527,0.10143885016441345,4,,,,,,,,
0.0001,699,,,,,,,,,,,,,
,699,0.3655741512775421,2.5247750282287598,0.007482610642910004,0.10561403632164001,4,,,,,,,,
0.0001,749,,,,,,,,,,,,,
,749,0.31850725412368774,2.174051284790039,0.010934378020465374,0.09016773104667664,4,,,,,,,,
,784,,,,,4,0.3912582993507385,2.6854560375213623,0.009215613827109337,0.11349710077047348,,,,
,784,,,,,4,,,,,0.40965238213539124,2.8788535594940186,0.01104186475276947,0.11072511225938797
0.0001,799,,,,,,,,,,,,,
,799,0.49472776055336,3.650979518890381,0.006830251310020685,0.12279956787824631,5,,,,,,,,
0.0001,849,,,,,,,,,,,,,
,849,0.47742322087287903,3.5832011699676514,0.015077617019414902,0.10402548313140869,5,,,,,,,,
0.0001,899,,,,,,,,,,,,,
,899,0.4854278564453125,3.4707157611846924,0.012392211705446243,0.12596407532691956,5,,,,,,,,
,941,,,,,5,0.38067635893821716,2.678807020187378,0.009517020545899868,0.1032787561416626,,,,
,941,,,,,5,,,,,0.40824106335639954,2.808544158935547,0.012174424715340137,0.11521236598491669
0.0001,949,,,,,,,,,,,,,
,949,0.378667414188385,2.2440152168273926,0.007228917442262173,0.14703696966171265,6,,,,,,,,
0.0001,999,,,,,,,,,,,,,
,999,0.3793582022190094,2.7371139526367188,0.01774601638317108,0.0879007875919342,6,,,,,,,,
0.0001,1049,,,,,,,,,,,,,
,1049,0.3436875343322754,2.4857921600341797,0.015387369319796562,0.07972094416618347,6,,,,,,,,
,1098,,,,,6,0.4077205955982208,2.8409323692321777,0.013849019072949886,0.10977838188409805,,,,
,1098,,,,,6,,,,,0.41444340348243713,2.8973283767700195,0.012203210033476353,0.11250743269920349
0.0001,1099,,,,,,,,,,,,,
,1099,0.3095856308937073,2.253993034362793,0.013812345452606678,0.07037399709224701,7,,,,,,,,
0.0001,1149,,,,,,,,,,,,,
,1149,0.4126248061656952,2.6692404747009277,0.006888075731694698,0.13881269097328186,7,,,,,,,,
0.0001,1199,,,,,,,,,,,,,
,1199,0.30568644404411316,2.0702226161956787,0.00949351117014885,0.0891706570982933,7,,,,,,,,
0.0001,1249,,,,,,,,,,,,,
,1249,0.29233384132385254,1.7304949760437012,0.009623592719435692,0.10966076701879501,7,,,,,,,,
,1255,,,,,7,0.41115066409111023,2.8196630477905273,0.01795537769794464,0.11122894287109375,,,,
,1255,,,,,7,,,,,0.3967394530773163,2.7059433460235596,0.012398111633956432,0.11374692618846893
0.0001,1299,,,,,,,,,,,,,
,1299,0.3470193147659302,2.1316118240356445,0.010456539690494537,0.12340159714221954,8,,,,,,,,
0.0001,1349,,,,,,,,,,,,,
,1349,0.46602848172187805,3.457028865814209,0.012480208650231361,0.10784542560577393,8,,,,,,,,
0.0001,1399,,,,,,,,,,,,,
,1399,0.37934795022010803,2.122987985610962,0.006415771786123514,0.16063335537910461,8,,,,,,,,
,1412,,,,,8,0.4027162194252014,2.746995687484741,0.011376631446182728,0.11663997173309326,,,,
,1412,,,,,8,,,,,0.3943977653980255,2.71069598197937,0.010574501007795334,0.11275388300418854
0.0001,1449,,,,,,,,,,,,,
,1449,0.42759469151496887,2.984701156616211,0.009217930026352406,0.11990664154291153,9,,,,,,,,
0.0001,1499,,,,,,,,,,,,,
,1499,0.3847249448299408,2.5892629623413086,0.011874604970216751,0.11392402648925781,9,,,,,,,,
0.0001,1549,,,,,,,,,,,,,
,1549,0.5097075700759888,3.897785186767578,0.00313242943957448,0.11679664254188538,9,,,,,,,,
,1569,,,,,9,0.40744999051094055,2.739809036254883,0.011578427627682686,0.12189066410064697,,,,
,1569,,,,,9,,,,,0.4086889922618866,2.84613299369812,0.010792170651257038,0.11328355967998505
0.0001,1599,,,,,,,,,,,,,
,1599,0.36802929639816284,2.427694320678711,0.02314460463821888,0.10211525112390518,10,,,,,,,,
0.0001,1649,,,,,,,,,,,,,
,1649,0.3784644603729248,3.0221641063690186,0.011068475432693958,0.06517955660820007,10,,,,,,,,
0.0001,1699,,,,,,,,,,,,,
,1699,0.4427860975265503,2.83754301071167,0.007666588295251131,0.15136519074440002,10,,,,,,,,
,1726,,,,,10,0.4032458961009979,2.8042426109313965,0.012268221005797386,0.11055342108011246,,,,
,1726,,,,,10,,,,,0.406078964471817,2.8129284381866455,0.01070062443614006,0.11408545076847076
0.0001,1749,,,,,,,,,,,,,
,1749,0.3734489977359772,2.532956600189209,0.005641543306410313,0.11451178789138794,11,,,,,,,,
0.0001,1799,,,,,,,,,,,,,
,1799,0.4077727198600769,2.8515310287475586,0.011788293719291687,0.11083132028579712,11,,,,,,,,
0.0001,1849,,,,,,,,,,,,,
,1849,0.3752560317516327,2.3532445430755615,0.0038788272067904472,0.13605274260044098,11,,,,,,,,
,1883,,,,,11,0.38873791694641113,2.6398377418518066,0.010547898709774017,0.1142062395811081,,,,
,1883,,,,,11,,,,,0.40155163407325745,2.77690052986145,0.012526556849479675,0.1113349124789238
0.0001,1899,,,,,,,,,,,,,
,1899,0.4244830012321472,3.033641815185547,0.007833646610379219,0.11328516900539398,12,,,,,,,,
0.0001,1949,,,,,,,,,,,,,
,1949,0.36390355229377747,2.6375062465667725,0.010323689319193363,0.089829221367836,12,,,,,,,,
0.0001,1999,,,,,,,,,,,,,
,1999,0.38433974981307983,2.817838191986084,0.00386989489197731,0.09868600964546204,12,,,,,,,,
,2040,,,,,12,0.3749775290489197,2.5878093242645264,0.01018513273447752,0.10601136833429337,,,,
,2040,,,,,12,,,,,0.40316057205200195,2.825812816619873,0.009797941893339157,0.11078149080276489
0.0001,2049,,,,,,,,,,,,,
,2049,0.3046747148036957,1.7171568870544434,0.005103233270347118,0.12785577774047852,13,,,,,,,,
0.0001,2099,,,,,,,,,,,,,
,2099,0.41705483198165894,2.8726401329040527,0.009314047172665596,0.12047673761844635,13,,,,,,,,
0.0001,2149,,,,,,,,,,,,,
,2149,0.5826090574264526,4.546060085296631,0.008202644996345043,0.11980040371417999,13,,,,,,,,
,2197,,,,,13,0.39388328790664673,2.672974109649658,0.008129959926009178,0.1184559166431427,,,,
,2197,,,,,13,,,,,0.4101414978504181,2.840951919555664,0.012075493112206459,0.1139708161354065
0.0001,2199,,,,,,,,,,,,,
,2199,0.5183893442153931,4.006746292114258,0.012138349935412407,0.10557638108730316,14,,,,,,,,
0.0001,2249,,,,,,,,,,,,,
,2249,0.47784802317619324,3.3421542644500732,0.027844637632369995,0.11578796803951263,14,,,,,,,,
0.0001,2299,,,,,,,,,,,,,
,2299,0.4790719449520111,3.8181710243225098,0.0038883720990270376,0.09336645901203156,14,,,,,,,,
0.0001,2349,,,,,,,,,,,,,
,2349,0.5050128102302551,4.061750411987305,0.00831038597971201,0.09052740782499313,14,,,,,,,,
,2354,,,,,14,0.4149143695831299,2.9133052825927734,0.014304645359516144,0.10927921533584595,,,,
,2354,,,,,14,,,,,0.40211260318756104,2.804884672164917,0.010283383540809155,0.11134076863527298
0.0001,2399,,,,,,,,,,,,,
,2399,0.33890825510025024,2.288241147994995,0.010876335203647614,0.0992078110575676,15,,,,,,,,
0.0001,2449,,,,,,,,,,,,,
,2449,0.3316844701766968,2.211458444595337,0.008872536942362785,0.10166604816913605,15,,,,,,,,
0.0001,2499,,,,,,,,,,,,,
,2499,0.3762076497077942,2.411759853363037,0.010620741173624992,0.12441089749336243,15,,,,,,,,
,2511,,,,,15,0.4047941565513611,2.8821778297424316,0.012059017084538937,0.10451723635196686,,,,
,2511,,,,,15,,,,,0.3930056095123291,2.715935230255127,0.011106280609965324,0.1103058010339737
0.0001,2549,,,,,,,,,,,,,
,2549,0.422419011592865,2.564056396484375,0.008547581732273102,0.15746580064296722,16,,,,,,,,
0.0001,2599,,,,,,,,,,,,,
,2599,0.3644024133682251,2.4625070095062256,0.02866855263710022,0.08948314189910889,16,,,,,,,,
0.0001,2649,,,,,,,,,,,,,
,2649,0.2743234932422638,1.6031303405761719,0.004158988129347563,0.10985147207975388,16,,,,,,,,
,2668,,,,,16,0.39949285984039307,2.8011653423309326,0.009473283775150776,0.10990305989980698,,,,
,2668,,,,,16,,,,,0.39936113357543945,2.729660987854004,0.00972483865916729,0.11667017638683319
0.0001,2699,,,,,,,,,,,,,
,2699,0.3840565085411072,2.9736502170562744,0.009194813668727875,0.07749667763710022,17,,,,,,,,
0.0001,2749,,,,,,,,,,,,,
,2749,0.32801568508148193,1.978885531425476,0.00644016545265913,0.12368693947792053,17,,,,,,,,
0.0001,2799,,,,,,,,,,,,,
,2799,0.3977111577987671,2.1318039894104004,0.04399196803569794,0.14053875207901,17,,,,,,,,
,2825,,,,,17,0.3936607837677002,2.733198642730713,0.012313948944211006,0.10802698880434036,,,,
,2825,,,,,17,,,,,0.3972461223602295,2.7418370246887207,0.011816258542239666,0.11124597489833832
0.0001,2849,,,,,,,,,,,,,
,2849,0.5688574910163879,4.298606872558594,0.01879672333598137,0.12020009011030197,18,,,,,,,,
0.0001,2899,,,,,,,,,,,,,
,2899,0.389740526676178,2.3524298667907715,0.013315548188984394,0.14118197560310364,18,,,,,,,,
0.0001,2949,,,,,,,,,,,,,
,2949,0.3486960232257843,2.1627676486968994,0.010659483261406422,0.12175976485013962,18,,,,,,,,
,2982,,,,,18,0.39858394861221313,2.744164228439331,0.010748601518571377,0.11341890692710876,,,,
,2982,,,,,18,,,,,0.40025731921195984,2.7497637271881104,0.013653702102601528,0.11162713915109634
0.0001,2999,,,,,,,,,,,,,
,2999,0.39006054401397705,2.481553554534912,0.017033986747264862,0.12487117946147919,19,,,,,,,,
0.0001,3049,,,,,,,,,,,,,
,3049,0.37501513957977295,2.303027629852295,0.0034593199379742146,0.14125306904315948,19,,,,,,,,
0.0001,3099,,,,,,,,,,,,,
,3099,0.43642479181289673,3.272745370864868,0.007454460486769676,0.10169576108455658,19,,,,,,,,
,3139,,,,,19,0.4116158187389374,2.924276351928711,0.01054032426327467,0.1086478903889656,,,,
,3139,,,,,19,,,,,0.3983273506164551,2.748396396636963,0.010119885206222534,0.11336782574653625
0.0001,3149,,,,,,,,,,,,,
,3149,0.43127018213272095,3.020357370376587,0.007940322160720825,0.12129414081573486,20,,,,,,,,
0.0001,3199,,,,,,,,,,,,,
,3199,0.2815704047679901,1.9558281898498535,0.004035672638565302,0.08195188641548157,20,,,,,,,,
0.0001,3249,,,,,,,,,,,,,
,3249,0.2751658856868744,1.7953877449035645,0.005099563859403133,0.09052755683660507,20,,,,,,,,
,3296,,,,,20,0.38904958963394165,2.657973051071167,0.012261034920811653,0.1109912320971489,,,,
,3296,,,,,20,,,,,0.4065050780773163,2.8182382583618164,0.011403652839362621,0.11327763646841049
0.0001,3299,,,,,,,,,,,,,
,3299,0.3675159215927124,2.570962905883789,0.007475844118744135,0.1029437705874443,21,,,,,,,,
0.0001,3349,,,,,,,,,,,,,
,3349,0.4551965892314911,3.323176383972168,0.004721670411527157,0.11815723776817322,21,,,,,,,,
0.0001,3399,,,,,,,,,,,,,
,3399,0.46216344833374023,3.231473207473755,0.00785259623080492,0.13116353750228882,21,,,,,,,,
0.0001,3449,,,,,,,,,,,,,
,3449,0.4007331430912018,2.916210889816284,0.004873143509030342,0.10423891246318817,21,,,,,,,,
,3453,,,,,21,0.4229838252067566,3.0337581634521484,0.014364621601998806,0.10524338483810425,,,,
,3453,,,,,21,,,,,0.39443275332450867,2.711355686187744,0.010459846816956997,0.11283723264932632
0.0001,3499,,,,,,,,,,,,,
,3499,0.5064423680305481,3.8751401901245117,0.013178810477256775,0.10574953258037567,22,,,,,,,,
0.0001,3549,,,,,,,,,,,,,
,3549,0.3684588670730591,2.3605568408966064,0.009845178574323654,0.12255800515413284,22,,,,,,,,
0.0001,3599,,,,,,,,,,,,,
,3599,0.45666059851646423,3.306560516357422,0.02668662555515766,0.09931789338588715,22,,,,,,,,
,3610,,,,,22,0.4113087058067322,2.7689058780670166,0.011260527186095715,0.12315759062767029,,,,
,3610,,,,,22,,,,,0.4120592772960663,2.8914635181427,0.009814889170229435,0.1130979135632515
0.0001,3649,,,,,,,,,,,,,
,3649,0.3366316258907318,2.476625919342041,0.008204454556107521,0.08076456934213638,23,,,,,,,,
0.0001,3699,,,,,,,,,,,,,
,3699,0.28472739458084106,2.1444082260131836,0.0040087164379656315,0.06627786159515381,23,,,,,,,,
0.0001,3749,,,,,,,,,,,,,
,3749,0.3465873599052429,2.1197621822357178,0.004760559648275375,0.12985064089298248,23,,,,,,,,
,3767,,,,,23,0.38582783937454224,2.6447620391845703,0.01168521586805582,0.10966646671295166,,,,
,3767,,,,,23,,,,,0.3995330333709717,2.8058676719665527,0.010530995205044746,0.10841520130634308
0.0001,3799,,,,,,,,,,,,,
,3799,0.45695775747299194,3.1148386001586914,0.007597143761813641,0.1378767490386963,24,,,,,,,,
0.0001,3849,,,,,,,,,,,,,
,3849,0.5107927322387695,4.142645835876465,0.014505852945148945,0.08202233910560608,24,,,,,,,,
0.0001,3899,,,,,,,,,,,,,
,3899,0.2923789620399475,2.1081080436706543,0.006340141408145428,0.0752280205488205,24,,,,,,,,
,3924,,,,,24,0.39162513613700867,2.6631124019622803,0.01084630936384201,0.11446753144264221,,,,
,3924,,,,,24,,,,,0.4044515788555145,2.7925705909729004,0.01074561569839716,0.11444876343011856
0.0001,3949,,,,,,,,,,,,,
,3949,0.3346577286720276,2.3026673793792725,0.03250749409198761,0.07188346982002258,25,,,,,,,,
0.0001,3999,,,,,,,,,,,,,
,3999,0.42148539423942566,2.7191548347473145,0.00572473369538784,0.14384515583515167,25,,,,,,,,
0.0001,4049,,,,,,,,,,,,,
,4049,0.3822826147079468,2.5601391792297363,0.010990381240844727,0.11527828872203827,25,,,,,,,,
,4081,,,,,25,0.3628804385662079,2.461245059967041,0.012242844328284264,0.10451304167509079,,,,
,4081,,,,,25,,,,,0.39708858728408813,2.7356879711151123,0.011181622743606567,0.11233815550804138
0.0001,4099,,,,,,,,,,,,,
,4099,0.4060792326927185,2.5065741539001465,0.0035179320257157087,0.15190386772155762,26,,,,,,,,
0.0001,4149,,,,,,,,,,,,,
,4149,0.4107746481895447,2.5394060611724854,0.006743031553924084,0.1500910222530365,26,,,,,,,,
0.0001,4199,,,,,,,,,,,,,
,4199,0.41820552945137024,2.934494972229004,0.00827450305223465,0.11648149788379669,26,,,,,,,,
,4238,,,,,26,0.4156281054019928,2.9553167819976807,0.00914542656391859,0.1109509989619255,,,,
,4238,,,,,26,,,,,0.39957916736602783,2.7772960662841797,0.010455530136823654,0.11139405518770218
0.0001,4249,,,,,,,,,,,,,
,4249,0.40212205052375793,2.990417957305908,0.008962567895650864,0.09411770105361938,27,,,,,,,,
0.0001,4299,,,,,,,,,,,,,
,4299,0.35774555802345276,2.0193448066711426,0.0128434207290411,0.14296765625476837,27,,,,,,,,
0.0001,4349,,,,,,,,,,,,,
,4349,0.2969699800014496,2.124915599822998,0.0038245487958192825,0.08065386116504669,27,,,,,,,,
,4395,,,,,27,0.37923505902290344,2.590834856033325,0.01137277390807867,0.10877876728773117,,,,
,4395,,,,,27,,,,,0.4034632444381714,2.798372268676758,0.010425517335534096,0.11320052295923233
0.0001,4399,,,,,,,,,,,,,
,4399,0.362883985042572,2.417776107788086,0.02284099906682968,0.0982653945684433,28,,,,,,,,
0.0001,4449,,,,,,,,,,,,,
,4449,0.45206689834594727,3.5772104263305664,0.004741095006465912,0.08960473537445068,28,,,,,,,,
0.0001,4499,,,,,,,,,,,,,
,4499,0.3847005367279053,2.502812385559082,0.003632868640124798,0.13078641891479492,28,,,,,,,,
0.0001,4549,,,,,,,,,,,,,
,4549,0.2447388768196106,1.312078833580017,0.0034992946311831474,0.11003169417381287,28,,,,,,,,
,4552,,,,,28,0.39389488101005554,2.7329394817352295,0.01133805699646473,0.10926282405853271,,,,
,4552,,,,,28,,,,,0.405080109834671,2.799539566040039,0.012558553367853165,0.11256756633520126
0.0001,4599,,,,,,,,,,,,,
,4599,0.32630032300949097,1.9040944576263428,0.004539251793175936,0.13135161995887756,29,,,,,,,,
0.0001,4649,,,,,,,,,,,,,
,4649,0.2561531066894531,1.4569158554077148,0.019546356052160263,0.09091518074274063,29,,,,,,,,
0.0001,4699,,,,,,,,,,,,,
,4699,0.4616459012031555,3.6481595039367676,0.020671023055911064,0.07615892589092255,29,,,,,,,,
,4709,,,,,29,0.4184581935405731,2.937257766723633,0.014138779602944851,0.11059372127056122,,,,
,4709,,,,,29,,,,,0.40674230456352234,2.8270657062530518,0.010994081385433674,0.11304164677858353
0.0001,4749,,,,,,,,,,,,,
,4749,0.48847323656082153,3.578512668609619,0.009541627019643784,0.12108031660318375,30,,,,,,,,
0.0001,4799,,,,,,,,,,,,,
,4799,0.29566237330436707,1.6605477333068848,0.013990196399390697,0.11561742424964905,30,,,,,,,,
0.0001,4849,,,,,,,,,,,,,
,4849,0.3424210250377655,2.1035590171813965,0.006060201209038496,0.12600493431091309,30,,,,,,,,
,4866,,,,,30,0.38655781745910645,2.6846067905426025,0.009111253544688225,0.10898596793413162,,,,
,4866,,,,,30,,,,,0.39290550351142883,2.6793994903564453,0.010408450849354267,0.11455705761909485
0.0001,4899,,,,,,,,,,,,,
,4899,0.5605364441871643,4.009652137756348,0.017606221139431,0.14196498692035675,31,,,,,,,,
0.0001,4949,,,,,,,,,,,,,
,4949,0.3896574378013611,2.5094594955444336,0.005577332805842161,0.1331341415643692,31,,,,,,,,
0.0001,4999,,,,,,,,,,,,,
,4999,0.5287788510322571,3.690232276916504,0.014367225579917431,0.1453883796930313,31,,,,,,,,
,5023,,,,,31,0.39182016253471375,2.7001841068267822,0.010433300398290157,0.11136846244335175,,,,
,5023,,,,,31,,,,,0.40534543991088867,2.807985544204712,0.011019216850399971,0.11352770775556564
0.0001,5049,,,,,,,,,,,,,
,5049,0.3539105951786041,2.601335048675537,0.005281739868223667,0.08849532902240753,32,,,,,,,,
0.0001,5099,,,,,,,,,,,,,
,5099,0.693181574344635,5.677299976348877,0.01139076054096222,0.11406079679727554,32,,,,,,,,
0.0001,5149,,,,,,,,,,,,,
,5149,0.344290554523468,2.3727078437805176,0.002988708671182394,0.10403105616569519,32,,,,,,,,
,5180,,,,,32,0.3930078148841858,2.737577438354492,0.010638236999511719,0.10861189663410187,,,,
,5180,,,,,32,,,,,0.402164489030838,2.790605306625366,0.0107338298112154,0.11237014085054398
0.0001,5199,,,,,,,,,,,,,
,5199,0.3524025082588196,2.2099809646606445,0.00473630428314209,0.1266680806875229,33,,,,,,,,
0.0001,5249,,,,,,,,,,,,,
,5249,0.45504844188690186,3.1306872367858887,0.02086230367422104,0.12111738324165344,33,,,,,,,,
0.0001,5299,,,,,,,,,,,,,
,5299,0.5312092900276184,3.344852924346924,0.005653210449963808,0.1910708099603653,33,,,,,,,,
,5337,,,,,33,0.4013584852218628,2.854823350906372,0.00999362301081419,0.10588256269693375,,,,
,5337,,,,,33,,,,,0.40858733654022217,2.8487517833709717,0.011973687447607517,0.1117384135723114
0.0001,5349,,,,,,,,,,,,,
,5349,0.4477759301662445,3.646144390106201,0.008187619969248772,0.07497385889291763,34,,,,,,,,
0.0001,5399,,,,,,,,,,,,,
,5399,0.6403669118881226,4.4204206466674805,0.10969382524490356,0.0886310338973999,34,,,,,,,,
0.0001,5449,,,,,,,,,,,,,
,5449,0.6456160545349121,4.921551704406738,0.02393997274339199,0.12952090799808502,34,,,,,,,,
,5494,,,,,34,0.38910260796546936,2.705678939819336,0.00870373472571373,0.10983104258775711,,,,
,5494,,,,,34,,,,,0.3940989375114441,2.7370376586914062,0.010532309301197529,0.10986282676458359
0.0001,5499,,,,,,,,,,,,,
,5499,0.4860961139202118,3.729314088821411,0.01598425582051277,0.09718047082424164,35,,,,,,,,
0.0001,5549,,,,,,,,,,,,,
,5549,0.34960639476776123,2.3141050338745117,0.018558882176876068,0.09963701665401459,35,,,,,,,,
0.0001,5599,,,,,,,,,,,,,
,5599,0.3615950345993042,2.6379451751708984,0.003925401251763105,0.09387512505054474,35,,,,,,,,
0.0001,5649,,,,,,,,,,,,,
,5649,0.2504747807979584,1.451193928718567,0.018967729061841965,0.08638763427734375,35,,,,,,,,
,5651,,,,,35,0.40559133887290955,2.7172577381134033,0.017432373017072678,0.11643321812152863,,,,
,5651,,,,,35,,,,,0.40051114559173584,2.7865896224975586,0.010811308398842812,0.11104084551334381
0.0001,5699,,,,,,,,,,,,,
,5699,0.40958237648010254,2.692721128463745,0.004555358551442623,0.13575489819049835,36,,,,,,,,
0.0001,5749,,,,,,,,,,,,,
,5749,0.37556421756744385,2.7460947036743164,0.005370663478970528,0.09558404982089996,36,,,,,,,,
0.0001,5799,,,,,,,,,,,,,
,5799,0.525397777557373,3.0901036262512207,0.0016459731850773096,0.21474140882492065,36,,,,,,,,
,5808,,,,,36,0.40802305936813354,2.7915151119232178,0.010070868767797947,0.11880068480968475,,,,
,5808,,,,,36,,,,,0.40380343794822693,2.8031365871429443,0.01030405517667532,0.11318573355674744
0.0001,5849,,,,,,,,,,,,,
,5849,0.38411745429039,2.2637736797332764,0.007547813002020121,0.1501922756433487,37,,,,,,,,
0.0001,5899,,,,,,,,,,,,,
,5899,0.3982504606246948,2.6740353107452393,0.008437098935246468,0.12240982800722122,37,,,,,,,,
0.0001,5949,,,,,,,,,,,,,
,5949,0.44227954745292664,3.3609459400177,0.004369606729596853,0.10181532055139542,37,,,,,,,,
,5965,,,,,37,0.41080453991889954,2.8521838188171387,0.012580877169966698,0.11300524324178696,,,,
,5965,,,,,37,,,,,0.3969217836856842,2.787494659423828,0.008453204296529293,0.10971912741661072
0.0001,5999,,,,,,,,,,,,,
,5999,0.4589700698852539,3.5562593936920166,0.010122278705239296,0.09322181344032288,38,,,,,,,,
0.0001,6049,,,,,,,,,,,,,
,6049,0.4222162961959839,3.03865909576416,0.014232482761144638,0.10411787778139114,38,,,,,,,,
0.0001,6099,,,,,,,,,,,,,
,6099,0.3928928077220917,2.993532657623291,0.005745569244027138,0.08779400587081909,38,,,,,,,,
,6122,,,,,38,0.40726184844970703,2.757539749145508,0.011980612762272358,0.11952722817659378,,,,
,6122,,,,,38,,,,,0.39566168189048767,2.778419256210327,0.01059812493622303,0.10722167044878006
0.0001,6149,,,,,,,,,,,,,
,6149,0.44920259714126587,2.4019155502319336,0.04331498220562935,0.16569606959819794,39,,,,,,,,
0.0001,6199,,,,,,,,,,,,,
,6199,0.48015499114990234,3.5698864459991455,0.020396484062075615,0.10276983678340912,39,,,,,,,,
0.0001,6249,,,,,,,,,,,,,
,6249,0.5135509967803955,3.7009434700012207,0.011909897439181805,0.1315467357635498,39,,,,,,,,
,6279,,,,,39,0.3915642201900482,2.7131776809692383,0.014289665035903454,0.10595674067735672,,,,
,6279,,,,,39,,,,,0.4061954915523529,2.8492908477783203,0.010842813178896904,0.11042365431785583
0.0001,6299,,,,,,,,,,,,,
,6299,0.3521197438240051,2.601222515106201,0.005177607759833336,0.08681986480951309,40,,,,,,,,
0.0001,6349,,,,,,,,,,,,,
,6349,0.3630349338054657,2.086322784423828,0.010573852807283401,0.14382879436016083,40,,,,,,,,
0.0001,6399,,,,,,,,,,,,,
,6399,0.4945545196533203,3.8314809799194336,0.007329781539738178,0.10407666862010956,40,,,,,,,,
,6436,,,,,40,0.4108273684978485,2.847956657409668,0.011534737423062325,0.11449697613716125,,,,
,6436,,,,,40,,,,,0.3918595016002655,2.7049827575683594,0.011172279715538025,0.11018891632556915
0.0001,6449,,,,,,,,,,,,,
,6449,0.3639214336872101,2.3783981800079346,0.0043083131313323975,0.12177331745624542,41,,,,,,,,
0.0001,6499,,,,,,,,,,,,,
,6499,0.5515809059143066,4.3496994972229,0.016816552728414536,0.09979435801506042,41,,,,,,,,
0.0001,6549,,,,,,,,,,,,,
,6549,0.275213360786438,1.8121669292449951,0.0036731301806867123,0.0903235375881195,41,,,,,,,,
,6593,,,,,41,0.39533886313438416,2.745177984237671,0.00890684686601162,0.1119142398238182,,,,
,6593,,,,,41,,,,,0.39933153986930847,2.7761099338531494,0.011087154038250446,0.1106332391500473
0.0001,6599,,,,,,,,,,,,,
,6599,0.3530626893043518,2.9189977645874023,0.00696528097614646,0.054197609424591064,42,,,,,,,,
0.0001,6649,,,,,,,,,,,,,
,6649,0.434097558259964,3.4470653533935547,0.01642506755888462,0.07296595722436905,42,,,,,,,,
0.0001,6699,,,,,,,,,,,,,
,6699,0.4188622832298279,2.9793708324432373,0.009447528049349785,0.11147765070199966,42,,,,,,,,
0.0001,6749,,,,,,,,,,,,,
,6749,0.4179040193557739,2.9813032150268555,0.011261377483606339,0.10851232707500458,42,,,,,,,,
,6750,,,,,42,0.3722776770591736,2.539644479751587,0.011625912971794605,0.10668732970952988,,,,
,6750,,,,,42,,,,,0.39039167761802673,2.7367191314697266,0.009983601048588753,0.10673629492521286
0.0001,6799,,,,,,,,,,,,,
,6799,0.4839232563972473,3.5218443870544434,0.006122369784861803,0.12561646103858948,43,,,,,,,,
0.0001,6849,,,,,,,,,,,,,
,6849,0.636069655418396,5.492738246917725,0.014158196747303009,0.07263757288455963,43,,,,,,,,
0.0001,6899,,,,,,,,,,,,,
,6899,0.39530837535858154,2.768923282623291,0.0026018316857516766,0.1158141940832138,43,,,,,,,,
,6907,,,,,43,0.42182043194770813,2.9527108669281006,0.009328847751021385,0.11722049862146378,,,,
,6907,,,,,43,,,,,0.39245814085006714,2.7508797645568848,0.01151353120803833,0.10585654526948929
0.0001,6949,,,,,,,,,,,,,
,6949,0.41701945662498474,2.8287742137908936,0.005589770153164864,0.12855227291584015,44,,,,,,,,
0.0001,6999,,,,,,,,,,,,,
,6999,0.4298573434352875,2.8128111362457275,0.004306061193346977,0.1442701816558838,44,,,,,,,,
0.0001,7049,,,,,,,,,,,,,
,7049,0.35168224573135376,2.548515796661377,0.003002675250172615,0.09382797032594681,44,,,,,,,,
,7064,,,,,44,0.3820987045764923,2.6138927936553955,0.010913084261119366,0.10979629307985306,,,,
,7064,,,,,44,,,,,0.4040772020816803,2.8340275287628174,0.01102600060403347,0.10964839905500412
0.0001,7099,,,,,,,,,,,,,
,7099,0.4555613100528717,3.2961080074310303,0.020483581349253654,0.10546693205833435,45,,,,,,,,
0.0001,7149,,,,,,,,,,,,,
,7149,0.39709991216659546,3.0743179321289062,0.005583444144576788,0.08408467471599579,45,,,,,,,,
0.0001,7199,,,,,,,,,,,,,
,7199,0.3354261517524719,1.9736368656158447,0.0056073665618896484,0.13245511054992676,45,,,,,,,,
,7221,,,,,45,0.39671847224235535,2.716667890548706,0.0095676239579916,0.11548402160406113,,,,
,7221,,,,,45,,,,,0.39793384075164795,2.7801756858825684,0.008975187316536903,0.11094101518392563
0.0001,7249,,,,,,,,,,,,,
,7249,0.34689098596572876,2.537630319595337,0.012873446568846703,0.08025451004505157,46,,,,,,,,
0.0001,7299,,,,,,,,,,,,,
,7299,0.40070995688438416,2.7144875526428223,0.007504850625991821,0.12175638228654861,46,,,,,,,,
0.0001,7349,,,,,,,,,,,,,
,7349,0.315380334854126,2.314589023590088,0.004552785307168961,0.07936865836381912,46,,,,,,,,
,7378,,,,,46,0.3978477418422699,2.7468080520629883,0.007590783294290304,0.11557615548372269,,,,
,7378,,,,,46,,,,,0.3941754996776581,2.723410129547119,0.009528761729598045,0.11230558156967163
0.0001,7399,,,,,,,,,,,,,
,7399,0.34506598114967346,2.461411237716675,0.004705913830548525,0.09421893209218979,47,,,,,,,,
0.0001,7449,,,,,,,,,,,,,
,7449,0.3660551607608795,1.7585859298706055,0.02518882043659687,0.16500775516033173,47,,,,,,,,
0.0001,7499,,,,,,,,,,,,,
,7499,0.36112165451049805,2.3986940383911133,0.03167979419231415,0.08957245945930481,47,,,,,,,,
,7535,,,,,47,0.39858296513557434,2.789686918258667,0.01299676951020956,0.1066175028681755,,,,
,7535,,,,,47,,,,,0.39876165986061096,2.781071186065674,0.011751952581107616,0.10890251398086548
0.0001,7549,,,,,,,,,,,,,
,7549,0.3943331241607666,2.030484676361084,0.004068825859576464,0.18721581995487213,48,,,,,,,,
0.0001,7599,,,,,,,,,,,,,
,7599,0.4162217974662781,2.97480845451355,0.005741405300796032,0.1129995733499527,48,,,,,,,,
0.0001,7649,,,,,,,,,,,,,
,7649,0.46492356061935425,3.5980913639068604,0.014093654230237007,0.09102074801921844,48,,,,,,,,
,7692,,,,,48,0.39020249247550964,2.6437437534332275,0.016167424619197845,0.10966063290834427,,,,
,7692,,,,,48,,,,,0.3972575068473816,2.7666821479797363,0.011686041951179504,0.10890337824821472
0.0001,7699,,,,,,,,,,,,,
,7699,0.36330580711364746,2.334317207336426,0.012601114809513092,0.1172730028629303,49,,,,,,,,
0.0001,7749,,,,,,,,,,,,,
,7749,0.4481145143508911,2.7418763637542725,0.010062258690595627,0.16386458277702332,49,,,,,,,,
0.0001,7799,,,,,,,,,,,,,
,7799,0.43269169330596924,3.273334503173828,0.011733893305063248,0.09362437576055527,49,,,,,,,,
0.0001,7849,,,,,,,,,,,,,
,7849,0.28964221477508545,2.1772499084472656,0.006923537235707045,0.06499367952346802,49,,,,,,,,
,7849,,,,,49,0.40136095881462097,2.8035171031951904,0.012735774740576744,0.10827351361513138,,,,
,7849,,,,,49,,,,,0.40727078914642334,2.861504316329956,0.009074244648218155,0.11204610764980316
0.0001,7899,,,,,,,,,,,,,
,7899,0.4670194983482361,3.096804618835449,0.045306507498025894,0.11203252524137497,50,,,,,,,,
0.0001,7949,,,,,,,,,,,,,
,7949,0.3032359778881073,2.0232880115509033,0.010319030843675137,0.09058813750743866,50,,,,,,,,
0.0001,7999,,,,,,,,,,,,,
,7999,0.44134870171546936,3.6946592330932617,0.004913181532174349,0.0669696033000946,50,,,,,,,,
,8006,,,,,50,0.37762340903282166,2.5816423892974854,0.009210698306560516,0.11024847626686096,,,,
,8006,,,,,50,,,,,0.3915499746799469,2.7237887382507324,0.009834208525717258,0.10933681577444077
0.0001,8049,,,,,,,,,,,,,
,8049,0.4010445177555084,2.5784177780151367,0.0027504197787493467,0.1404523402452469,51,,,,,,,,
0.0001,8099,,,,,,,,,,,,,
,8099,0.37674152851104736,2.6578450202941895,0.009316554293036461,0.10164044797420502,51,,,,,,,,
0.0001,8149,,,,,,,,,,,,,
,8149,0.28220146894454956,1.7691980600357056,0.002827318385243416,0.10245431959629059,51,,,,,,,,
,8163,,,,,51,0.3905271589756012,2.6696088314056396,0.01128467358648777,0.11228162050247192,,,,
,8163,,,,,51,,,,,0.3982774317264557,2.796435594558716,0.010457715950906277,0.10817611962556839
0.0001,8199,,,,,,,,,,,,,
,8199,0.33562755584716797,2.4356346130371094,0.011227241717278957,0.08083683997392654,52,,,,,,,,
0.0001,8249,,,,,,,,,,,,,
,8249,0.34264153242111206,1.858237624168396,0.006641107611358166,0.15017667412757874,52,,,,,,,,
0.0001,8299,,,,,,,,,,,,,
,8299,0.40490132570266724,2.996849536895752,0.022977329790592194,0.08223903179168701,52,,,,,,,,
,8320,,,,,52,0.4111899733543396,2.8364388942718506,0.01136710960417986,0.116178959608078,,,,
,8320,,,,,52,,,,,0.3986542820930481,2.7795372009277344,0.011946831829845905,0.10875386744737625
0.0001,8349,,,,,,,,,,,,,
,8349,0.5488545298576355,4.248283386230469,0.021087810397148132,0.10293839126825333,53,,,,,,,,
0.0001,8399,,,,,,,,,,,,,
,8399,0.3276611864566803,1.978784441947937,0.006921431049704552,0.12286129593849182,53,,,,,,,,
0.0001,8449,,,,,,,,,,,,,
,8449,0.4562913775444031,3.740041732788086,0.005460662767291069,0.0768265426158905,53,,,,,,,,
,8477,,,,,53,0.4163995385169983,2.944005012512207,0.008521261624991894,0.11347781866788864,,,,
,8477,,,,,53,,,,,0.3984181582927704,2.7841475009918213,0.010585092939436436,0.10941840708255768
0.0001,8499,,,,,,,,,,,,,
,8499,0.5692045092582703,4.324209690093994,0.01191832683980465,0.12486524134874344,54,,,,,,,,
0.0001,8549,,,,,,,,,,,,,
,8549,0.5342767834663391,4.102977752685547,0.0074768029153347015,0.11650221794843674,54,,,,,,,,
0.0001,8599,,,,,,,,,,,,,
,8599,0.3573012948036194,2.553556442260742,0.006632919888943434,0.0953127071261406,54,,,,,,,,
,8634,,,,,54,0.3935869634151459,2.7378122806549072,0.008966440334916115,0.1108393594622612,,,,
,8634,,,,,54,,,,,0.3989657163619995,2.7630090713500977,0.010196303948760033,0.11246863007545471
0.0001,8649,,,,,,,,,,,,,
,8649,0.4436386823654175,3.1622650623321533,0.006449171341955662,0.12096300721168518,55,,,,,,,,
0.0001,8699,,,,,,,,,,,,,
,8699,0.34219759702682495,2.3602871894836426,0.007680151611566544,0.09848875552415848,55,,,,,,,,
0.0001,8749,,,,,,,,,,,,,
,8749,0.27986741065979004,1.9162325859069824,0.0084791649132967,0.0797649621963501,55,,,,,,,,
,8791,,,,,55,0.39338696002960205,2.7607533931732178,0.014779170043766499,0.10253255069255829,,,,
,8791,,,,,55,,,,,0.4026853144168854,2.7910873889923096,0.011227838695049286,0.11234872043132782
0.0001,8799,,,,,,,,,,,,,
,8799,0.3516708016395569,2.4384446144104004,0.015528184361755848,0.09229817986488342,56,,,,,,,,
0.0001,8849,,,,,,,,,,,,,
,8849,0.30432647466659546,2.0378835201263428,0.006671906914561987,0.09386622905731201,56,,,,,,,,
0.0001,8899,,,,,,,,,,,,,
,8899,0.3787432610988617,2.5974059104919434,0.005368687212467194,0.11363400518894196,56,,,,,,,,
,8948,,,,,56,0.40018612146377563,2.8128557205200195,0.009269078262150288,0.1096314787864685,,,,
,8948,,,,,56,,,,,0.4036533832550049,2.857408285140991,0.010033889673650265,0.10787862539291382
0.0001,8949,,,,,,,,,,,,,
,8949,0.37408947944641113,2.7104427814483643,0.005707107484340668,0.09733809530735016,57,,,,,,,,
0.0001,8999,,,,,,,,,,,,,
,8999,0.25383543968200684,1.3349647521972656,0.012217380106449127,0.1081215962767601,57,,,,,,,,
0.0001,9049,,,,,,,,,,,,,
,9049,0.35540151596069336,2.5608463287353516,0.00943438895046711,0.08988253772258759,57,,,,,,,,
0.0001,9099,,,,,,,,,,,,,
,9099,0.33097901940345764,2.292715072631836,0.02040686085820198,0.08130065351724625,57,,,,,,,,
,9105,,,,,57,0.39171379804611206,2.7172250747680664,0.010601188987493515,0.10939015448093414,,,,
,9105,,,,,57,,,,,0.3882766366004944,2.69230318069458,0.010983552783727646,0.10806279629468918
0.0001,9149,,,,,,,,,,,,,
,9149,0.4787391424179077,3.444157600402832,0.014659751206636429,0.11966359615325928,58,,,,,,,,
0.0001,9199,,,,,,,,,,,,,
,9199,0.6142873764038086,4.219925403594971,0.03172864764928818,0.16056621074676514,58,,,,,,,,
0.0001,9249,,,,,,,,,,,,,
,9249,0.4567773640155792,3.2860336303710938,0.0040434300899505615,0.12413054704666138,58,,,,,,,,
,9262,,,,,58,0.4074857532978058,2.811696767807007,0.016033858060836792,0.11028213798999786,,,,
,9262,,,,,58,,,,,0.391907662153244,2.6999993324279785,0.011418607085943222,0.11048907786607742
0.0001,9299,,,,,,,,,,,,,
,9299,0.4292868375778198,3.157949209213257,0.007265107240527868,0.1062268316745758,59,,,,,,,,
0.0001,9349,,,,,,,,,,,,,
,9349,0.458997905254364,3.6551826000213623,0.005667779594659805,0.08781182765960693,59,,,,,,,,
0.0001,9399,,,,,,,,,,,,,
,9399,0.5596719980239868,4.258697509765625,0.008349584415555,0.12545260787010193,59,,,,,,,,
,9419,,,,,59,0.41783592104911804,2.9146718978881836,0.010093264281749725,0.11627546697854996,,,,
,9419,,,,,59,,,,,0.39302295446395874,2.7443130016326904,0.010085441172122955,0.10850609093904495
0.0001,9449,,,,,,,,,,,,,
,9449,0.5367891788482666,3.9415454864501953,0.008170257322490215,0.1344643533229828,60,,,,,,,,
0.0001,9499,,,,,,,,,,,,,
,9499,0.34102416038513184,2.1345138549804688,0.0038998061791062355,0.12367293983697891,60,,,,,,,,
0.0001,9549,,,,,,,,,,,,,
,9549,0.38839268684387207,2.9218873977661133,0.0027697221376001835,0.09343424439430237,60,,,,,,,,
,9576,,,,,60,0.3992873728275299,2.7950642108917236,0.008597434498369694,0.11118347197771072,,,,
,9576,,,,,60,,,,,0.3932185173034668,2.7508797645568848,0.010639910586178303,0.10749048739671707
0.0001,9599,,,,,,,,,,,,,
,9599,0.5769346952438354,4.267032623291016,0.011794861406087875,0.13843658566474915,61,,,,,,,,
0.0001,9649,,,,,,,,,,,,,
,9649,0.37994736433029175,2.903426170349121,0.008670280687510967,0.08093449473381042,61,,,,,,,,
0.0001,9699,,,,,,,,,,,,,
,9699,0.2743127942085266,1.9829508066177368,0.004950626287609339,0.07106705754995346,61,,,,,,,,
,9733,,,,,61,0.4094593822956085,2.902970790863037,0.008853958919644356,0.11030830442905426,,,,
,9733,,,,,61,,,,,0.3927948474884033,2.752772092819214,0.009268412366509438,0.1082492396235466
0.0001,9749,,,,,,,,,,,,,
,9749,0.4277106523513794,3.004645824432373,0.01936407759785652,0.10788200050592422,62,,,,,,,,
0.0001,9799,,,,,,,,,,,,,
,9799,0.3756915330886841,1.887314796447754,0.005315499845892191,0.18164455890655518,62,,,,,,,,
0.0001,9849,,,,,,,,,,,,,
,9849,0.35072675347328186,2.4750289916992188,0.004659321624785662,0.0985645204782486,62,,,,,,,,
,9890,,,,,62,0.37887483835220337,2.5721323490142822,0.011014383286237717,0.11064725369215012,,,,
,9890,,,,,62,,,,,0.39450663328170776,2.738896131515503,0.010058742947876453,0.11055821180343628
0.0001,9899,,,,,,,,,,,,,
,9899,0.43510308861732483,3.0826311111450195,0.006862310692667961,0.11997763812541962,63,,,,,,,,
0.0001,9949,,,,,,,,,,,,,
,9949,0.3544061481952667,2.672881841659546,0.005700127221643925,0.08141782879829407,63,,,,,,,,
0.0001,9999,,,,,,,,,,,,,
,9999,0.3823273479938507,2.134289264678955,0.02292361482977867,0.145974799990654,63,,,,,,,,
,10047,,,,,63,0.38990020751953125,2.673011064529419,0.009624960832297802,0.11297411471605301,,,,
,10047,,,,,63,,,,,0.40209412574768066,2.793510675430298,0.010323533788323402,0.11241938173770905
0.0001,10049,,,,,,,,,,,,,
,10049,0.3273202180862427,2.3424506187438965,0.008289232850074768,0.08478595316410065,64,,,,,,,,
0.0001,10099,,,,,,,,,,,,,
,10099,0.28964951634407043,1.2692114114761353,0.013932344503700733,0.14879603683948517,64,,,,,,,,
0.0001,10149,,,,,,,,,,,,,
,10149,0.43889957666397095,3.145280361175537,0.023780453950166702,0.10059111565351486,64,,,,,,,,
0.0001,10199,,,,,,,,,,,,,
,10199,0.3614974021911621,2.4025726318359375,0.010791565291583538,0.11044855415821075,64,,,,,,,,
,10204,,,,,64,0.40179356932640076,2.832507371902466,0.011264171451330185,0.10727869719266891,,,,
,10204,,,,,64,,,,,0.39353179931640625,2.735522508621216,0.009653809480369091,0.11032575368881226
0.0001,10249,,,,,,,,,,,,,
,10249,0.35081934928894043,2.618396282196045,0.009426997043192387,0.07955274730920792,65,,,,,,,,
0.0001,10299,,,,,,,,,,,,,
,10299,0.3518235385417938,2.423558473587036,0.017552519217133522,0.09191515296697617,65,,,,,,,,
0.0001,10349,,,,,,,,,,,,,
,10349,0.30171146988868713,2.052295207977295,0.007275412790477276,0.08920653164386749,65,,,,,,,,
,10361,,,,,65,0.384134978055954,2.6586344242095947,0.009880829602479935,0.10839071124792099,,,,
,10361,,,,,65,,,,,0.3863123655319214,2.6623034477233887,0.009907562285661697,0.11017441749572754
0.0001,10399,,,,,,,,,,,,,
,10399,0.30990272760391235,1.9463438987731934,0.010141787119209766,0.10512654483318329,66,,,,,,,,
0.0001,10449,,,,,,,,,,,,,
,10449,0.504919707775116,3.8911173343658447,0.0063084568828344345,0.10949954390525818,66,,,,,,,,
0.0001,10499,,,,,,,,,,,,,
,10499,0.43624019622802734,2.9987401962280273,0.004282736219465733,0.1320834457874298,66,,,,,,,,
,10518,,,,,66,0.375060498714447,2.5266928672790527,0.014068474993109703,0.10832273960113525,,,,
,10518,,,,,66,,,,,0.40570831298828125,2.8366780281066895,0.010915931314229965,0.11112473160028458
0.0001,10549,,,,,,,,,,,,,
,10549,0.32908692955970764,1.6444916725158691,0.004093822091817856,0.16054394841194153,67,,,,,,,,
0.0001,10599,,,,,,,,,,,,,
,10599,0.4793657064437866,3.618896007537842,0.01623469777405262,0.10124141722917557,67,,,,,,,,
0.0001,10649,,,,,,,,,,,,,
,10649,0.4038923978805542,2.733302593231201,0.005256860051304102,0.12530529499053955,67,,,,,,,,
,10675,,,,,67,0.4133857786655426,3.02508544921875,0.010597134940326214,0.10028006881475449,,,,
,10675,,,,,67,,,,,0.3969580829143524,2.8041865825653076,0.009916029870510101,0.10662337392568588
0.0001,10699,,,,,,,,,,,,,
,10699,0.38572296500205994,2.4576900005340576,0.003604469820857048,0.13634948432445526,68,,,,,,,,
0.0001,10749,,,,,,,,,,,,,
,10749,0.317179411649704,2.3815832138061523,0.003325425088405609,0.07569563388824463,68,,,,,,,,
0.0001,10799,,,,,,,,,,,,,
,10799,0.26114779710769653,1.3489140272140503,0.0037850141525268555,0.1224713921546936,68,,,,,,,,
,10832,,,,,68,0.3913978338241577,2.6907663345336914,0.01202068105340004,0.1103004589676857,,,,
,10832,,,,,68,,,,,0.4045582711696625,2.838132381439209,0.011029496788978577,0.1097155287861824
0.0001,10849,,,,,,,,,,,,,
,10849,0.517440676689148,3.983527183532715,0.004428851418197155,0.1146591454744339,69,,,,,,,,
0.0001,10899,,,,,,,,,,,,,
,10899,0.4073849618434906,3.0033960342407227,0.005561400204896927,0.10148394107818604,69,,,,,,,,
0.0001,10949,,,,,,,,,,,,,
,10949,0.4460722804069519,3.0644655227661133,0.004178551025688648,0.13544714450836182,69,,,,,,,,
,10989,,,,,69,0.40753689408302307,2.820847749710083,0.013141045346856117,0.11231101304292679,,,,
,10989,,,,,69,,,,,0.40583595633506775,2.840268850326538,0.010570881888270378,0.1112382560968399
0.0001,10999,,,,,,,,,,,,,
,10999,0.4411185085773468,3.0774879455566406,0.015026545152068138,0.11834318935871124,70,,,,,,,,
0.0001,11049,,,,,,,,,,,,,
,11049,0.36097463965415955,2.7169182300567627,0.005734436213970184,0.08354838937520981,70,,,,,,,,
0.0001,11099,,,,,,,,,,,,,
,11099,0.45450854301452637,3.0616087913513184,0.016427788883447647,0.13191983103752136,70,,,,,,,,
,11146,,,,,70,0.3787767291069031,2.598036766052246,0.009481066837906837,0.1094919815659523,,,,
,11146,,,,,70,,,,,0.3932856619358063,2.73939847946167,0.011199550703167915,0.10814647376537323
0.0001,11149,,,,,,,,,,,,,
,11149,0.3377211093902588,2.0372157096862793,0.01820678822696209,0.11579273641109467,71,,,,,,,,
0.0001,11199,,,,,,,,,,,,,
,11199,0.31927087903022766,1.8188178539276123,0.0035253181122243404,0.13386379182338715,71,,,,,,,,
0.0001,11249,,,,,,,,,,,,,
,11249,0.33526545763015747,2.460124969482422,0.007321110926568508,0.08193184435367584,71,,,,,,,,
0.0001,11299,,,,,,,,,,,,,
,11299,0.43143296241760254,2.734588146209717,0.006213766522705555,0.15176039934158325,71,,,,,,,,
,11303,,,,,71,0.3924025297164917,2.733807325363159,0.010574009269475937,0.1084478422999382,,,,
,11303,,,,,71,,,,,0.3974318504333496,2.811002254486084,0.009190465323626995,0.10714104026556015
0.0001,11349,,,,,,,,,,,,,
,11349,0.36039429903030396,2.3560361862182617,0.004435423761606216,0.1203552782535553,72,,,,,,,,
0.0001,11399,,,,,,,,,,,,,
,11399,0.30298078060150146,2.2142069339752197,0.004245228134095669,0.07731486856937408,72,,,,,,,,
0.0001,11449,,,,,,,,,,,,,
,11449,0.46747052669525146,3.5700058937072754,0.004504538141191006,0.10596536099910736,72,,,,,,,,
,11460,,,,,72,0.4093247354030609,2.8166911602020264,0.010339204221963882,0.11731637269258499,,,,
,11460,,,,,72,,,,,0.39497241377830505,2.7600715160369873,0.010082382708787918,0.10888295620679855
0.0001,11499,,,,,,,,,,,,,
,11499,0.42820844054222107,3.3151707649230957,0.004173805005848408,0.09251756221055984,73,,,,,,,,
0.0001,11549,,,,,,,,,,,,,
,11549,0.33935362100601196,2.162797451019287,0.01650550216436386,0.10656840354204178,73,,,,,,,,
0.0001,11599,,,,,,,,,,,,,
,11599,0.35790538787841797,2.1902904510498047,0.0030530786607414484,0.13582327961921692,73,,,,,,,,
,11617,,,,,73,0.4058641493320465,2.7566962242126465,0.012648203410208225,0.11754632741212845,,,,
,11617,,,,,73,,,,,0.3923346996307373,2.720951557159424,0.009841362945735455,0.110398069024086
0.0001,11649,,,,,,,,,,,,,
,11649,0.41781216859817505,2.9772653579711914,0.01438127737492323,0.10570436716079712,74,,,,,,,,
0.0001,11699,,,,,,,,,,,,,
,11699,0.3564146161079407,2.0246458053588867,0.010396192781627178,0.14355380833148956,74,,,,,,,,
0.0001,11749,,,,,,,,,,,,,
,11749,0.4453081488609314,3.3781325817108154,0.0048585799522697926,0.10263633728027344,74,,,,,,,,
,11774,,,,,74,0.3896607756614685,2.734354257583618,0.010763640515506268,0.10546164959669113,,,,
,11774,,,,,74,,,,,0.39995330572128296,2.786959648132324,0.011812152341008186,0.10944516956806183
0.0001,11799,,,,,,,,,,,,,
,11799,0.45113661885261536,3.4621448516845703,0.005051620304584503,0.09987053275108337,75,,,,,,,,
0.0001,11849,,,,,,,,,,,,,
,11849,0.43226826190948486,2.8241024017333984,0.008016206324100494,0.14184178411960602,75,,,,,,,,
0.0001,11899,,,,,,,,,,,,,
,11899,0.543099045753479,3.9102084636688232,0.01273292489349842,0.13934528827667236,75,,,,,,,,
,11931,,,,,75,0.4095906913280487,2.870945692062378,0.0087579982355237,0.11373812705278397,,,,
,11931,,,,,75,,,,,0.3997827172279358,2.8037145137786865,0.009210444986820221,0.11020071804523468
0.0001,11949,,,,,,,,,,,,,
,11949,0.4900886118412018,3.722640037536621,0.007011556066572666,0.11081305146217346,76,,,,,,,,
0.0001,11999,,,,,,,,,,,,,
,11999,0.32725808024406433,2.1031432151794434,0.015538092702627182,0.10140566527843475,76,,,,,,,,
0.0001,12049,,,,,,,,,,,,,
,12049,0.3642609715461731,2.4972147941589355,0.005117969587445259,0.10942155867815018,76,,,,,,,,
,12088,,,,,76,0.4366205930709839,3.0558626651763916,0.013530822470784187,0.11750350892543793,,,,
,12088,,,,,76,,,,,0.40472641587257385,2.8290834426879883,0.010488896630704403,0.11132939159870148
0.0001,12099,,,,,,,,,,,,,
,12099,0.4663860499858856,3.6430790424346924,0.009277114644646645,0.09280102699995041,77,,,,,,,,
0.0001,12149,,,,,,,,,,,,,
,12149,0.4117834270000458,3.1653590202331543,0.004538203589618206,0.09070931375026703,77,,,,,,,,
0.0001,12199,,,,,,,,,,,,,
,12199,0.5386897325515747,4.029937744140625,0.01806899532675743,0.11762695014476776,77,,,,,,,,
,12245,,,,,77,0.41270050406455994,2.8450372219085693,0.00804615207016468,0.12015070766210556,,,,
,12245,,,,,77,,,,,0.4023519456386566,2.8080410957336426,0.010138001292943954,0.1114097535610199
0.0001,12249,,,,,,,,,,,,,
,12249,0.42110782861709595,2.8008241653442383,0.018860802054405212,0.12216462194919586,78,,,,,,,,
0.0001,12299,,,,,,,,,,,,,
,12299,0.4848591983318329,3.825856924057007,0.010608511976897717,0.09166499227285385,78,,,,,,,,
0.0001,12349,,,,,,,,,,,,,
,12349,0.4208106994628906,3.1887049674987793,0.008950147777795792,0.09299005568027496,78,,,,,,,,
0.0001,12399,,,,,,,,,,,,,
,12399,0.38245105743408203,2.460188150405884,0.004314909223467112,0.13211733102798462,78,,,,,,,,
,12402,,,,,78,0.4062158763408661,2.7989847660064697,0.008996888995170593,0.1173204556107521,,,,
,12402,,,,,78,,,,,0.3972719609737396,2.7655487060546875,0.012323159724473953,0.10839381068944931
0.0001,12449,,,,,,,,,,,,,
,12449,0.37202057242393494,2.6714375019073486,0.005296344868838787,0.09958048164844513,79,,,,,,,,
0.0001,12499,,,,,,,,,,,,,
,12499,0.4159029722213745,3.1991090774536133,0.0032857642509043217,0.09270629286766052,79,,,,,,,,
0.0001,12549,,,,,,,,,,,,,
,12549,0.30288171768188477,2.192228317260742,0.006833180785179138,0.07682573795318604,79,,,,,,,,
,12559,,,,,79,0.39508023858070374,2.7483420372009277,0.009919739328324795,0.11032626777887344,,,,
,12559,,,,,79,,,,,0.3919062316417694,2.7168655395507812,0.011376303620636463,0.1088433712720871
0.0001,12599,,,,,,,,,,,,,
,12599,0.31704625487327576,2.09065842628479,0.006509378552436829,0.10147102922201157,80,,,,,,,,
0.0001,12649,,,,,,,,,,,,,
,12649,0.47473573684692383,3.5861473083496094,0.011644869111478329,0.10447613894939423,80,,,,,,,,
0.0001,12699,,,,,,,,,,,,,
,12699,0.34901517629623413,2.704136371612549,0.004720557946711779,0.07388094067573547,80,,,,,,,,
,12716,,,,,80,0.4065096080303192,2.7852425575256348,0.0152495251968503,0.1127357929944992,,,,
,12716,,,,,80,,,,,0.4018872380256653,2.841721296310425,0.010291839018464088,0.10742321610450745
0.0001,12749,,,,,,,,,,,,,
,12749,0.3246900141239166,2.0807065963745117,0.005388664081692696,0.11123070120811462,81,,,,,,,,
0.0001,12799,,,,,,,,,,,,,
,12799,0.46355825662612915,2.853461265563965,0.0370028018951416,0.14120933413505554,81,,,,,,,,
0.0001,12849,,,,,,,,,,,,,
,12849,0.40964069962501526,2.746284008026123,0.02527306228876114,0.1097392588853836,81,,,,,,,,
,12873,,,,,81,0.40182769298553467,2.7976608276367188,0.012178938835859299,0.10988271236419678,,,,
,12873,,,,,81,,,,,0.4019938111305237,2.829296588897705,0.00955954845994711,0.10950475186109543
0.0001,12899,,,,,,,,,,,,,
,12899,0.44179555773735046,2.7944328784942627,0.008982807397842407,0.1533694565296173,82,,,,,,,,
0.0001,12949,,,,,,,,,,,,,
,12949,0.4036993682384491,2.4477105140686035,0.013822994194924831,0.1451053023338318,82,,,,,,,,
0.0001,12999,,,,,,,,,,,,,
,12999,0.5370559692382812,4.069314956665039,0.018824901431798935,0.11129951477050781,82,,,,,,,,
,13030,,,,,82,0.4212305545806885,2.8899106979370117,0.012363078072667122,0.11987639218568802,,,,
,13030,,,,,82,,,,,0.40270018577575684,2.808149576187134,0.009487930685281754,0.11239723116159439
0.0001,13049,,,,,,,,,,,,,
,13049,0.39272648096084595,2.8677499294281006,0.012805161997675896,0.09314633905887604,83,,,,,,,,
0.0001,13099,,,,,,,,,,,,,
,13099,0.3051242530345917,1.64992094039917,0.023629307746887207,0.11650283634662628,83,,,,,,,,
0.0001,13149,,,,,,,,,,,,,
,13149,0.40212029218673706,3.1378369331359863,0.00342141417786479,0.08491518348455429,83,,,,,,,,
,13187,,,,,83,0.40127724409103394,2.751087188720703,0.00932085607200861,0.11684764176607132,,,,
,13187,,,,,83,,,,,0.392993688583374,2.751692056655884,0.009867570362985134,0.10795698314905167
0.0001,13199,,,,,,,,,,,,,
,13199,0.3782418370246887,2.6289916038513184,0.012166328728199005,0.10317635536193848,84,,,,,,,,
0.0001,13249,,,,,,,,,,,,,
,13249,0.39428800344467163,2.958305835723877,0.005190394818782806,0.0932670310139656,84,,,,,,,,
0.0001,13299,,,,,,,,,,,,,
,13299,0.30534180998802185,2.11655330657959,0.012444143183529377,0.08124230802059174,84,,,,,,,,
,13344,,,,,84,0.3713451623916626,2.4716951847076416,0.01169554702937603,0.1124800518155098,,,,
,13344,,,,,84,,,,,0.39425915479660034,2.7330844402313232,0.009714921936392784,0.11123565584421158
0.0001,13349,,,,,,,,,,,,,
,13349,0.3781212568283081,2.613661766052246,0.008224059827625751,0.10853101313114166,85,,,,,,,,
0.0001,13399,,,,,,,,,,,,,
,13399,0.3093581199645996,2.292616844177246,0.008689360693097115,0.07140704244375229,85,,,,,,,,
0.0001,13449,,,,,,,,,,,,,
,13449,0.32476627826690674,1.8138079643249512,0.0026060733944177628,0.14077937602996826,85,,,,,,,,
0.0001,13499,,,,,,,,,,,,,
,13499,0.32147103548049927,1.7252190113067627,0.006930058356374502,0.14201906323432922,85,,,,,,,,
,13501,,,,,85,0.38264450430870056,2.590325117111206,0.016018318012356758,0.10759365558624268,,,,
,13501,,,,,85,,,,,0.3858465254306793,2.651388168334961,0.01264549233019352,0.108062244951725
0.0001,13549,,,,,,,,,,,,,
,13549,0.3633109927177429,2.3557534217834473,0.003443768247961998,0.12429189682006836,86,,,,,,,,
0.0001,13599,,,,,,,,,,,,,
,13599,0.31957924365997314,2.018812894821167,0.005031174048781395,0.1126667857170105,86,,,,,,,,
0.0001,13649,,,,,,,,,,,,,
,13649,0.331199586391449,2.335737466812134,0.011023597791790962,0.08660224080085754,86,,,,,,,,
,13658,,,,,86,0.40869417786598206,2.8047261238098145,0.010629926808178425,0.1175917237997055,,,,
,13658,,,,,86,,,,,0.392122358083725,2.720609426498413,0.009574618190526962,0.11048675328493118
0.0001,13699,,,,,,,,,,,,,
,13699,0.4716770052909851,3.3653883934020996,0.016879107803106308,0.11825906485319138,87,,,,,,,,
0.0001,13749,,,,,,,,,,,,,
,13749,0.2723960280418396,1.5086448192596436,0.0035352010745555162,0.11799634993076324,87,,,,,,,,
0.0001,13799,,,,,,,,,,,,,
,13799,0.5040570497512817,3.6237683296203613,0.009379217401146889,0.1323009580373764,87,,,,,,,,
,13815,,,,,87,0.39739829301834106,2.7051210403442383,0.010847862809896469,0.11603830754756927,,,,
,13815,,,,,87,,,,,0.3885692059993744,2.695847749710083,0.010920096188783646,0.10806434601545334
0.0001,13849,,,,,,,,,,,,,
,13849,0.24900875985622406,1.6176860332489014,0.005871250294148922,0.08136890828609467,88,,,,,,,,
0.0001,13899,,,,,,,,,,,,,
,13899,0.4689587950706482,3.1607229709625244,0.0029713683761656284,0.14991512894630432,88,,,,,,,,
0.0001,13949,,,,,,,,,,,,,
,13949,0.3442907929420471,2.4787063598632812,0.003199617378413677,0.0932205468416214,88,,,,,,,,
,13972,,,,,88,0.38180550932884216,2.559684991836548,0.013347271829843521,0.11248978227376938,,,,
,13972,,,,,88,,,,,0.3928382396697998,2.7615270614624023,0.010557192377746105,0.10612833499908447
0.0001,13999,,,,,,,,,,,,,
,13999,0.4413032531738281,2.8827199935913086,0.01893104426562786,0.13410016894340515,89,,,,,,,,
0.0001,14049,,,,,,,,,,,,,
,14049,0.37028878927230835,2.667154312133789,0.006303517147898674,0.09726982563734055,89,,,,,,,,
0.0001,14099,,,,,,,,,,,,,
,14099,0.3859412968158722,2.7756295204162598,0.007884547114372253,0.10049378871917725,89,,,,,,,,
,14129,,,,,89,0.3961070477962494,2.7387914657592773,0.009396894834935665,0.11283110082149506,,,,
,14129,,,,,89,,,,,0.39536044001579285,2.776949882507324,0.009391846135258675,0.10827357321977615
0.0001,14149,,,,,,,,,,,,,
,14149,0.4305400848388672,2.944639205932617,0.006162564270198345,0.12991361320018768,90,,,,,,,,
0.0001,14199,,,,,,,,,,,,,
,14199,0.2594694197177887,1.667822003364563,0.006765276193618774,0.08592193573713303,90,,,,,,,,
0.0001,14249,,,,,,,,,,,,,
,14249,0.47551029920578003,3.1076254844665527,0.012838684022426605,0.15190908312797546,90,,,,,,,,
,14286,,,,,90,0.3844015896320343,2.6633901596069336,0.011082052253186703,0.10698049515485764,,,,
,14286,,,,,90,,,,,0.3993479311466217,2.7742466926574707,0.01038501225411892,0.11153820902109146
0.0001,14299,,,,,,,,,,,,,
,14299,0.3904303014278412,2.132129192352295,0.020838703960180283,0.15637868642807007,91,,,,,,,,
0.0001,14349,,,,,,,,,,,,,
,14349,0.3106314539909363,2.092522144317627,0.005535634700208902,0.09584362059831619,91,,,,,,,,
0.0001,14399,,,,,,,,,,,,,
,14399,0.39420807361602783,2.913710355758667,0.005020755343139172,0.09781629592180252,91,,,,,,,,
,14443,,,,,91,0.39187532663345337,2.692783832550049,0.010280497372150421,0.11231641471385956,,,,
,14443,,,,,91,,,,,0.3901480436325073,2.695909261703491,0.012463470920920372,0.10809362679719925
0.0001,14449,,,,,,,,,,,,,
,14449,0.4451916217803955,2.6600170135498047,0.013820931315422058,0.1653689593076706,92,,,,,,,,
0.0001,14499,,,,,,,,,,,,,
,14499,0.3760320246219635,2.5885353088378906,0.007680605165660381,0.10949785262346268,92,,,,,,,,
0.0001,14549,,,,,,,,,,,,,
,14549,0.48570558428764343,3.874116897583008,0.009731411933898926,0.08856247365474701,92,,,,,,,,
0.0001,14599,,,,,,,,,,,,,
,14599,0.2999148666858673,1.9774845838546753,0.00799226388335228,0.09417413175106049,92,,,,,,,,
,14600,,,,,92,0.40712687373161316,2.8871030807495117,0.010289556346833706,0.10812705755233765,,,,
,14600,,,,,92,,,,,0.3949989378452301,2.738398790359497,0.010388570837676525,0.11077053099870682
0.0001,14649,,,,,,,,,,,,,
,14649,0.3502190113067627,2.3716959953308105,0.005415963940322399,0.10763342678546906,93,,,,,,,,
0.0001,14699,,,,,,,,,,,,,
,14699,0.3948611617088318,2.6640453338623047,0.012347083538770676,0.11610949039459229,93,,,,,,,,
0.0001,14749,,,,,,,,,,,,,
,14749,0.3012799322605133,1.9016690254211426,0.003287161933258176,0.107825867831707,93,,,,,,,,
,14757,,,,,93,0.3755333423614502,2.5717663764953613,0.010927652008831501,0.10742898285388947,,,,
,14757,,,,,93,,,,,0.3932921886444092,2.725411891937256,0.011794659309089184,0.10895645618438721
0.0001,14799,,,,,,,,,,,,,
,14799,0.24670106172561646,1.757201910018921,0.0044632223434746265,0.06651764363050461,94,,,,,,,,
0.0001,14849,,,,,,,,,,,,,
,14849,0.40196141600608826,2.7760376930236816,0.0075821345672011375,0.1167755201458931,94,,,,,,,,
0.0001,14899,,,,,,,,,,,,,
,14899,0.31843888759613037,2.4699647426605225,0.02890247106552124,0.04253994673490524,94,,,,,,,,
,14914,,,,,94,0.4070552885532379,2.9142885208129883,0.009959611110389233,0.10566689819097519,,,,
,14914,,,,,94,,,,,0.3890460729598999,2.671649217605591,0.010216937400400639,0.1116640642285347
0.0001,14949,,,,,,,,,,,,,
,14949,0.40966665744781494,2.906998872756958,0.018085366114974022,0.10088139027357101,95,,,,,,,,
0.0001,14999,,,,,,,,,,,,,
,14999,0.3055223226547241,1.8188574314117432,0.003956154454499483,0.11968044191598892,95,,,,,,,,
0.0001,15049,,,,,,,,,,,,,
,15049,0.28195416927337646,1.6993446350097656,0.00846712663769722,0.10355258733034134,95,,,,,,,,
,15071,,,,,95,0.4123550355434418,2.8612658977508545,0.010669168084859848,0.11555925011634827,,,,
,15071,,,,,95,,,,,0.39804133772850037,2.7940165996551514,0.008809727616608143,0.10982993245124817
0.0001,15099,,,,,,,,,,,,,
,15099,0.3668118715286255,2.8216753005981445,0.004266985692083836,0.08037733286619186,96,,,,,,,,
0.0001,15149,,,,,,,,,,,,,
,15149,0.3314189612865448,2.1597657203674316,0.006837629713118076,0.10860477387905121,96,,,,,,,,
0.0001,15199,,,,,,,,,,,,,
,15199,0.36302924156188965,2.577103853225708,0.008226720616221428,0.09709212929010391,96,,,,,,,,
,15228,,,,,96,0.38535386323928833,2.598219394683838,0.010109087452292442,0.11542283743619919,,,,
,15228,,,,,96,,,,,0.39194777607917786,2.68969988822937,0.012999321334064007,0.10997850447893143
0.0001,15249,,,,,,,,,,,,,
,15249,0.3975289463996887,2.7567195892333984,0.03472831845283508,0.08712867647409439,97,,,,,,,,
0.0001,15299,,,,,,,,,,,,,
,15299,0.3315453827381134,2.1128945350646973,0.005911331623792648,0.11434458941221237,97,,,,,,,,
0.0001,15349,,,,,,,,,,,,,
,15349,0.36859849095344543,2.7194221019744873,0.007085310760885477,0.08957096934318542,97,,,,,,,,
,15385,,,,,97,0.38564813137054443,2.6684792041778564,0.0114531759172678,0.10734695941209793,,,,
,15385,,,,,97,,,,,0.38976427912712097,2.7323851585388184,0.00916216615587473,0.10736352205276489
0.0001,15399,,,,,,,,,,,,,
,15399,0.360538125038147,2.7075371742248535,0.0021314299665391445,0.08765299618244171,98,,,,,,,,
0.0001,15449,,,,,,,,,,,,,
,15449,0.3337574303150177,2.036196231842041,0.007146107032895088,0.12299168854951859,98,,,,,,,,
0.0001,15499,,,,,,,,,,,,,
,15499,0.4549993574619293,3.1802847385406494,0.004258271306753159,0.13271260261535645,98,,,,,,,,
,15542,,,,,98,0.4108370840549469,2.860952854156494,0.011608808301389217,0.1131330281496048,,,,
,15542,,,,,98,,,,,0.39600133895874023,2.757378101348877,0.010048232972621918,0.11021532863378525
0.0001,15549,,,,,,,,,,,,,
,15549,0.39363324642181396,2.831087589263916,0.003807959146797657,0.10671649873256683,99,,,,,,,,
0.0001,15599,,,,,,,,,,,,,
,15599,0.4732687771320343,3.295071601867676,0.005993152968585491,0.1377684473991394,99,,,,,,,,
0.0001,15649,,,,,,,,,,,,,
,15649,0.5546936392784119,4.531437873840332,0.006912688724696636,0.09463717043399811,99,,,,,,,,
0.0001,15699,,,,,,,,,,,,,
,15699,0.29245269298553467,2.214390993118286,0.010782659985125065,0.06023094803094864,99,,,,,,,,
,15699,,,,,99,0.380290150642395,2.6759281158447266,0.011159619316458702,0.10153767466545105,,,,
,15699,,,,,99,,,,,0.3904968500137329,2.716470241546631,0.01100121345371008,0.10784852504730225
0.0001,15749,,,,,,,,,,,,,
,15749,0.32929301261901855,2.0915307998657227,0.0038813711144030094,0.11625854671001434,100,,,,,,,,
0.0001,15799,,,,,,,,,,,,,
,15799,0.4320964515209198,3.1497673988342285,0.008641969412565231,0.10847774147987366,100,,,,,,,,
0.0001,15849,,,,,,,,,,,,,
,15849,0.29858124256134033,1.5220482349395752,0.01738414540886879,0.12899228930473328,100,,,,,,,,
,15856,,,,,100,0.4129272401332855,2.9246442317962646,0.009190019220113754,0.11127279698848724,,,,
,15856,,,,,100,,,,,0.3830402195453644,2.646632194519043,0.008784404955804348,0.10959256440401077
0.0001,15899,,,,,,,,,,,,,
,15899,0.3136615753173828,1.4949285984039307,0.0028731026686728,0.1612955927848816,101,,,,,,,,
0.0001,15949,,,,,,,,,,,,,
,15949,0.48034167289733887,3.5271739959716797,0.006983434781432152,0.12064087390899658,101,,,,,,,,
0.0001,15999,,,,,,,,,,,,,
,15999,0.4557223916053772,3.0657761096954346,0.002333393320441246,0.14681141078472137,101,,,,,,,,
,16013,,,,,101,0.40079352259635925,2.7392842769622803,0.010673570446670055,0.116191565990448,,,,
,16013,,,,,101,,,,,0.38706129789352417,2.6971538066864014,0.010617395862936974,0.10672862827777863
0.0001,16049,,,,,,,,,,,,,
,16049,0.3736729025840759,2.417086124420166,0.002862404566258192,0.12910187244415283,102,,,,,,,,
0.0001,16099,,,,,,,,,,,,,
,16099,0.46893253922462463,3.4075591564178467,0.007995065301656723,0.12018154561519623,102,,,,,,,,
0.0001,16149,,,,,,,,,,,,,
,16149,0.3797960877418518,3.021878242492676,0.004608221352100372,0.07300003618001938,102,,,,,,,,
,16170,,,,,102,0.3641405999660492,2.4446444511413574,0.011147504672408104,0.10852864384651184,,,,
,16170,,,,,102,,,,,0.393218994140625,2.7236533164978027,0.009618773125112057,0.1112348735332489
0.0001,16199,,,,,,,,,,,,,
,16199,0.47878214716911316,3.197554111480713,0.010338191874325275,0.14868853986263275,103,,,,,,,,
0.0001,16249,,,,,,,,,,,,,
,16249,0.3392305076122284,2.6040515899658203,0.006745459046214819,0.07207989692687988,103,,,,,,,,
0.0001,16299,,,,,,,,,,,,,
,16299,0.37187546491622925,2.6084859371185303,0.0051091862842440605,0.10591767728328705,103,,,,,,,,
,16327,,,,,103,0.385917991399765,2.6384496688842773,0.011000099591910839,0.11107294261455536,,,,
,16327,,,,,103,,,,,0.38873326778411865,2.7219619750976562,0.011173620820045471,0.10536357760429382
0.0001,16349,,,,,,,,,,,,,
,16349,0.42933374643325806,3.0618138313293457,0.01791878044605255,0.10523353517055511,104,,,,,,,,
0.0001,16399,,,,,,,,,,,,,
,16399,0.41274315118789673,2.9901742935180664,0.008748101070523262,0.10497763752937317,104,,,,,,,,
0.0001,16449,,,,,,,,,,,,,
,16449,0.40851080417633057,2.966777801513672,0.0061670891009271145,0.1056659072637558,104,,,,,,,,
,16484,,,,,104,0.4140792787075043,2.9248886108398438,0.00882693100720644,0.11276344209909439,,,,
,16484,,,,,104,,,,,0.4034268260002136,2.8720545768737793,0.009297524578869343,0.10692372918128967
0.0001,16499,,,,,,,,,,,,,
,16499,0.3443952798843384,2.262529134750366,0.0034447619691491127,0.11469760537147522,105,,,,,,,,
0.0001,16549,,,,,,,,,,,,,
,16549,0.5204597115516663,3.8385162353515625,0.008959097787737846,0.12764900922775269,105,,,,,,,,
0.0001,16599,,,,,,,,,,,,,
,16599,0.3972315192222595,2.927091360092163,0.017605826258659363,0.08691655099391937,105,,,,,,,,
,16641,,,,,105,0.37120696902275085,2.50191593170166,0.007870756089687347,0.11314450204372406,,,,
,16641,,,,,105,,,,,0.39832252264022827,2.811631917953491,0.009778658859431744,0.10738057643175125
0.0001,16649,,,,,,,,,,,,,
,16649,0.4118465483188629,2.935042381286621,0.012902187183499336,0.10544012486934662,106,,,,,,,,
0.0001,16699,,,,,,,,,,,,,
,16699,0.44480273127555847,2.5800654888153076,0.005112041253596544,0.18168413639068604,106,,,,,,,,
0.0001,16749,,,,,,,,,,,,,
,16749,0.5158718824386597,4.179725646972656,0.008258822374045849,0.08964045345783234,106,,,,,,,,
,16798,,,,,106,0.3952174186706543,2.734381914138794,0.009837060235440731,0.11194217950105667,,,,
,16798,,,,,106,,,,,0.39028170704841614,2.7273356914520264,0.012283057905733585,0.10526495426893234
0.0001,16799,,,,,,,,,,,,,
,16799,0.41258883476257324,2.8990845680236816,0.00888819806277752,0.11379216611385345,107,,,,,,,,
0.0001,16849,,,,,,,,,,,,,
,16849,0.4541516900062561,2.750462770462036,0.02377280220389366,0.15533261001110077,107,,,,,,,,
0.0001,16899,,,,,,,,,,,,,
,16899,0.29560747742652893,2.0741798877716064,0.012967037037014961,0.075222447514534,107,,,,,,,,
0.0001,16949,,,,,,,,,,,,,
,16949,0.4099700450897217,2.8328161239624023,0.00738226342946291,0.11930613964796066,107,,,,,,,,
,16955,,,,,107,0.41091299057006836,2.8704235553741455,0.010891175828874111,0.11297944188117981,,,,
,16955,,,,,107,,,,,0.3959711492061615,2.7646636962890625,0.00999007374048233,0.10951472073793411
0.0001,16999,,,,,,,,,,,,,
,16999,0.36301469802856445,1.9234099388122559,0.02095821127295494,0.14971549808979034,108,,,,,,,,
0.0001,17049,,,,,,,,,,,,,
,17049,0.2816076874732971,1.6631443500518799,0.003701217472553253,0.11159200966358185,108,,,,,,,,
0.0001,17099,,,,,,,,,,,,,
,17099,0.5001795291900635,4.124519348144531,0.005172673147171736,0.0825548842549324,108,,,,,,,,
,17112,,,,,108,0.40840384364128113,2.8761494159698486,0.010134747251868248,0.11065413057804108,,,,
,17112,,,,,108,,,,,0.39020049571990967,2.7377073764801025,0.012513682246208191,0.10391604155302048
0.0001,17149,,,,,,,,,,,,,
,17149,0.3229183554649353,1.969939112663269,0.008214099332690239,0.11771035194396973,109,,,,,,,,
0.0001,17199,,,,,,,,,,,,,
,17199,0.516666054725647,3.841932773590088,0.006660333834588528,0.12581250071525574,109,,,,,,,,
0.0001,17249,,,,,,,,,,,,,
,17249,0.501686692237854,3.8713274002075195,0.014222998172044754,0.10033096373081207,109,,,,,,,,
,17269,,,,,109,0.39117440581321716,2.6633236408233643,0.010537824593484402,0.11430422216653824,,,,
,17269,,,,,109,,,,,0.37879952788352966,2.6337409019470215,0.008812437765300274,0.10661296546459198
0.0001,17299,,,,,,,,,,,,,
,17299,0.29072844982147217,1.233878493309021,0.01223069243133068,0.1551099270582199,110,,,,,,,,
0.0001,17349,,,,,,,,,,,,,
,17349,0.3430577516555786,2.337601661682129,0.00460472609847784,0.10469286143779755,110,,,,,,,,
0.0001,17399,,,,,,,,,,,,,
,17399,0.5094550848007202,4.099209308624268,0.007987682707607746,0.09154649823904037,110,,,,,,,,
,17426,,,,,110,0.4126076102256775,2.942653179168701,0.008051570504903793,0.11029072105884552,,,,
,17426,,,,,110,,,,,0.3835129737854004,2.637892007827759,0.009468210861086845,0.11025547981262207
0.0001,17449,,,,,,,,,,,,,
,17449,0.37748563289642334,2.4720189571380615,0.0212212223559618,0.10906248539686203,111,,,,,,,,
0.0001,17499,,,,,,,,,,,,,
,17499,0.27529364824295044,1.5324440002441406,0.004945773631334305,0.11710347980260849,111,,,,,,,,
0.0001,17549,,,,,,,,,,,,,
,17549,0.3884269595146179,2.369737386703491,0.008729200810194016,0.14272402226924896,111,,,,,,,,
,17583,,,,,111,0.41406625509262085,2.922487735748291,0.01078555267304182,0.11103183776140213,,,,
,17583,,,,,111,,,,,0.38890746235847473,2.727785348892212,0.009559237398207188,0.1065695658326149
0.0001,17599,,,,,,,,,,,,,
,17599,0.42879679799079895,3.077960729598999,0.007516199257224798,0.11348452419042587,112,,,,,,,,
0.0001,17649,,,,,,,,,,,,,
,17649,0.3743063807487488,2.411194324493408,0.01781202107667923,0.11537489295005798,112,,,,,,,,
0.0001,17699,,,,,,,,,,,,,
,17699,0.3856678903102875,3.0163350105285645,0.00792244728654623,0.07611192762851715,112,,,,,,,,
,17740,,,,,112,0.4014957547187805,2.768040657043457,0.011232266202569008,0.11345940828323364,,,,
,17740,,,,,112,,,,,0.39685943722724915,2.7801992893218994,0.010581365786492825,0.10825815796852112
0.0001,17749,,,,,,,,,,,,,
,17749,0.33561259508132935,2.313086748123169,0.006487227976322174,0.09781669080257416,113,,,,,,,,
0.0001,17799,,,,,,,,,,,,,
,17799,0.47134143114089966,3.188368797302246,0.007230809424072504,0.14527371525764465,113,,,,,,,,
0.0001,17849,,,,,,,,,,,,,
,17849,0.2961810231208801,1.8141803741455078,0.0023479193914681673,0.11241505295038223,113,,,,,,,,
,17897,,,,,113,0.37766361236572266,2.624854326248169,0.008237548172473907,0.10694063454866409,,,,
,17897,,,,,113,,,,,0.3874534070491791,2.719879150390625,0.009048235602676868,0.1064172014594078
0.0001,17899,,,,,,,,,,,,,
,17899,0.35733896493911743,2.686068058013916,0.006204118952155113,0.08252805471420288,114,,,,,,,,
0.0001,17949,,,,,,,,,,,,,
,17949,0.34436577558517456,1.943549633026123,0.01264141220599413,0.13736942410469055,114,,,,,,,,
0.0001,17999,,,,,,,,,,,,,
,17999,0.39425525069236755,2.5711467266082764,0.018831484019756317,0.11830906569957733,114,,,,,,,,
0.0001,18049,,,,,,,,,,,,,
,18049,0.3611377477645874,2.5800626277923584,0.010210001841187477,0.09292148053646088,114,,,,,,,,
,18054,,,,,114,0.3750551640987396,2.5329811573028564,0.011271897703409195,0.11048518121242523,,,,
,18054,,,,,114,,,,,0.39417001605033875,2.7657315731048584,0.01166405901312828,0.10593277215957642
0.0001,18099,,,,,,,,,,,,,
,18099,0.42402979731559753,3.1367597579956055,0.011473027057945728,0.09888073801994324,115,,,,,,,,
0.0001,18149,,,,,,,,,,,,,
,18149,0.4270932078361511,3.4467880725860596,0.006410521920770407,0.07600384950637817,115,,,,,,,,
0.0001,18199,,,,,,,,,,,,,
,18199,0.5407974720001221,4.174314022064209,0.014170313253998756,0.1091957539319992,115,,,,,,,,
,18211,,,,,115,0.3905934691429138,2.6887013912200928,0.012669101357460022,0.10905424505472183,,,,
,18211,,,,,115,,,,,0.3969876766204834,2.819542407989502,0.010312098078429699,0.10472112894058228
0.0001,18249,,,,,,,,,,,,,
,18249,0.40670669078826904,2.8732516765594482,0.027254771441221237,0.0921267494559288,116,,,,,,,,
0.0001,18299,,,,,,,,,,,,,
,18299,0.39028942584991455,2.767240047454834,0.005829388275742531,0.10773603618144989,116,,,,,,,,
0.0001,18349,,,,,,,,,,,,,
,18349,0.48235636949539185,3.5005784034729004,0.008365483954548836,0.12393306195735931,116,,,,,,,,
,18368,,,,,116,0.3910761773586273,2.814631938934326,0.01033015176653862,0.09928286820650101,,,,
,18368,,,,,116,,,,,0.3935719430446625,2.743753433227539,0.01005077175796032,0.10914581269025803
0.0001,18399,,,,,,,,,,,,,
,18399,0.4134814739227295,2.8512332439422607,0.0025708454195410013,0.12578728795051575,117,,,,,,,,
0.0001,18449,,,,,,,,,,,,,
,18449,0.32238101959228516,2.239086627960205,0.006137053482234478,0.0923352763056755,117,,,,,,,,
0.0001,18499,,,,,,,,,,,,,
,18499,0.3886597156524658,2.836942672729492,0.01349151972681284,0.09147392213344574,117,,,,,,,,
,18525,,,,,117,0.3814344108104706,2.6466917991638184,0.012117307633161545,0.10464794933795929,,,,
,18525,,,,,117,,,,,0.3961745500564575,2.795016288757324,0.010769552551209927,0.10590340942144394
0.0001,18549,,,,,,,,,,,,,
,18549,0.25207221508026123,1.6318763494491577,0.006439153105020523,0.082445427775383,118,,,,,,,,
0.0001,18599,,,,,,,,,,,,,
,18599,0.4526687264442444,3.029358386993408,0.055687084794044495,0.09404580295085907,118,,,,,,,,
0.0001,18649,,,,,,,,,,,,,
,18649,0.33997786045074463,2.2813873291015625,0.007098260335624218,0.10474085062742233,118,,,,,,,,
,18682,,,,,118,0.3835311233997345,2.567171096801758,0.012108671478927135,0.11470531672239304,,,,
,18682,,,,,118,,,,,0.3877021074295044,2.6949551105499268,0.0101969875395298,0.10800953209400177
0.0001,18699,,,,,,,,,,,,,
,18699,0.3864494562149048,2.550816774368286,0.006629779934883118,0.12473799288272858,119,,,,,,,,
0.0001,18749,,,,,,,,,,,,,
,18749,0.3934062123298645,2.2404685020446777,0.007168739102780819,0.16219063103199005,119,,,,,,,,
0.0001,18799,,,,,,,,,,,,,
,18799,0.5810463428497314,4.640663146972656,0.006974528543651104,0.11000551283359528,119,,,,,,,,
,18839,,,,,119,0.37140384316444397,2.477510929107666,0.009849543683230877,0.1138032004237175,,,,
,18839,,,,,119,,,,,0.39408060908317566,2.7700741291046143,0.009633184410631657,0.10743992775678635
0.0001,18849,,,,,,,,,,,,,
,18849,0.3894506096839905,2.801210880279541,0.01636730134487152,0.09296220541000366,120,,,,,,,,
0.0001,18899,,,,,,,,,,,,,
,18899,0.3953656554222107,2.121912717819214,0.00300791347399354,0.18016645312309265,120,,,,,,,,
0.0001,18949,,,,,,,,,,,,,
,18949,0.43753933906555176,3.6932854652404785,0.005879303906112909,0.062331460416316986,120,,,,,,,,
,18996,,,,,120,0.3970376253128052,2.6844944953918457,0.010833259671926498,0.1177549660205841,,,,
,18996,,,,,120,,,,,0.3770747482776642,2.628631591796875,0.0096259955316782,0.10458561778068542
0.0001,18999,,,,,,,,,,,,,
,18999,0.3521483838558197,2.5108842849731445,0.0038999030366539955,0.09716003388166428,121,,,,,,,,
0.0001,19049,,,,,,,,,,,,,
,19049,0.38366785645484924,2.5780773162841797,0.0072311158291995525,0.11862901598215103,121,,,,,,,,
0.0001,19099,,,,,,,,,,,,,
,19099,0.33584994077682495,2.4943113327026367,0.008936863392591476,0.07748192548751831,121,,,,,,,,
0.0001,19149,,,,,,,,,,,,,
,19149,0.2271868884563446,1.073998212814331,0.0036837379448115826,0.11610331386327744,121,,,,,,,,
,19153,,,,,121,0.40547630190849304,2.8485026359558105,0.009480643086135387,0.11114538460969925,,,,
,19153,,,,,121,,,,,0.39492282271385193,2.7641689777374268,0.009692516177892685,0.10881337523460388
0.0001,19199,,,,,,,,,,,,,
,19199,0.3079816699028015,2.104578971862793,0.0060236286371946335,0.0915001779794693,122,,,,,,,,
0.0001,19249,,,,,,,,,,,,,
,19249,0.3506510257720947,2.4669787883758545,0.00773486727848649,0.0962182879447937,122,,,,,,,,
0.0001,19299,,,,,,,,,,,,,
,19299,0.28040874004364014,1.398179531097412,0.01891903579235077,0.12167174369096756,122,,,,,,,,
,19310,,,,,122,0.39802268147468567,2.7531583309173584,0.00921624805778265,0.11349055916070938,,,,
,19310,,,,,122,,,,,0.3936100900173187,2.7910284996032715,0.009188911877572536,0.10531822592020035
0.0001,19349,,,,,,,,,,,,,
,19349,0.35788050293922424,2.4113988876342773,0.008956064470112324,0.10778456926345825,123,,,,,,,,
0.0001,19399,,,,,,,,,,,,,
,19399,0.5642708539962769,4.168792247772217,0.008388405665755272,0.139003187417984,123,,,,,,,,
0.0001,19449,,,,,,,,,,,,,
,19449,0.3425157070159912,2.7292258739471436,0.004708421416580677,0.06488467752933502,123,,,,,,,,
,19467,,,,,123,0.3997357487678528,2.811143159866333,0.010905753821134567,0.10771563649177551,,,,
,19467,,,,,123,,,,,0.39465299248695374,2.8024818897247314,0.00971435196697712,0.104690320789814
0.0001,19499,,,,,,,,,,,,,
,19499,0.4347957372665405,3.1380395889282227,0.010524029843509197,0.11046776175498962,124,,,,,,,,
0.0001,19549,,,,,,,,,,,,,
,19549,0.2661206126213074,1.4125765562057495,0.00227318424731493,0.12258976697921753,124,,,,,,,,
0.0001,19599,,,,,,,,,,,,,
,19599,0.3503022789955139,2.4546597003936768,0.02209082990884781,0.08274544775485992,124,,,,,,,,
,19624,,,,,124,0.39008113741874695,2.6634202003479004,0.01172560267150402,0.11201344430446625,,,,
,19624,,,,,124,,,,,0.384629487991333,2.6900250911712646,0.01081201620399952,0.10481486469507217
0.0001,19649,,,,,,,,,,,,,
,19649,0.4505445063114166,3.2776570320129395,0.006491687148809433,0.11628706753253937,125,,,,,,,,
0.0001,19699,,,,,,,,,,,,,
,19699,0.4570675492286682,3.304663896560669,0.008965716697275639,0.11763544380664825,125,,,,,,,,
0.0001,19749,,,,,,,,,,,,,
,19749,0.4157291054725647,3.0786688327789307,0.0037840278819203377,0.10407822579145432,125,,,,,,,,
,19781,,,,,125,0.4179268777370453,2.981771230697632,0.012286010198295116,0.10746373981237411,,,,
,19781,,,,,125,,,,,0.3970052897930145,2.7749617099761963,0.009538940154016018,0.10997007042169571
0.0001,19799,,,,,,,,,,,,,
,19799,0.42336201667785645,2.928530216217041,0.006078452803194523,0.12443054467439651,126,,,,,,,,
0.0001,19849,,,,,,,,,,,,,
,19849,0.3788846731185913,2.6419410705566406,0.020348260179162025,0.09434234350919724,126,,,,,,,,
0.0001,19899,,,,,,,,,,,,,
,19899,0.3442623019218445,2.3527302742004395,0.0024401769042015076,0.10654912143945694,126,,,,,,,,
,19938,,,,,126,0.40228480100631714,2.8224050998687744,0.00927583035081625,0.11076845973730087,,,,
,19938,,,,,126,,,,,0.38976526260375977,2.6956539154052734,0.01182915922254324,0.10837075114250183
0.0001,19949,,,,,,,,,,,,,
,19949,0.41777873039245605,2.516505241394043,0.004527456127107143,0.1616007387638092,127,,,,,,,,
0.0001,19999,,,,,,,,,,,,,
,19999,0.26290297508239746,1.5833117961883545,0.007191854529082775,0.09737993776798248,127,,,,,,,,
0.0001,20049,,,,,,,,,,,,,
,20049,0.4191102981567383,2.894448757171631,0.014159086160361767,0.11550634354352951,127,,,,,,,,
,20095,,,,,127,0.4178946614265442,2.929074287414551,0.011633288115262985,0.11335399746894836,,,,
,20095,,,,,127,,,,,0.3932737410068512,2.746796131134033,0.009880210272967815,0.10871393978595734
0.0001,20099,,,,,,,,,,,,,
,20099,0.48341259360313416,3.5224552154541016,0.020351391285657883,0.11081569641828537,128,,,,,,,,
0.0001,20149,,,,,,,,,,,,,
,20149,0.31138861179351807,1.9004552364349365,0.012591348960995674,0.10875172913074493,128,,,,,,,,
0.0001,20199,,,,,,,,,,,,,
,20199,0.590781569480896,4.22274923324585,0.024645576253533363,0.1438610851764679,128,,,,,,,,
0.0001,20249,,,,,,,,,,,,,
,20249,0.3960531949996948,2.583690643310547,0.010317942127585411,0.12736618518829346,128,,,,,,,,
,20252,,,,,128,0.3933868408203125,2.709261655807495,0.011532651260495186,0.11092796921730042,,,,
,20252,,,,,128,,,,,0.38780689239501953,2.735870122909546,0.010933746583759785,0.10328598320484161
0.0001,20299,,,,,,,,,,,,,
,20299,0.5230517983436584,4.204499244689941,0.005305060185492039,0.09729679673910141,129,,,,,,,,
0.0001,20349,,,,,,,,,,,,,
,20349,0.2715604901313782,1.9571826457977295,0.0038306606002151966,0.0720115527510643,129,,,,,,,,
0.0001,20399,,,,,,,,,,,,,
,20399,0.4103533625602722,2.719245195388794,0.014158220961689949,0.12427060306072235,129,,,,,,,,
,20409,,,,,129,0.387221097946167,2.6836488246917725,0.007996970787644386,0.1108592078089714,,,,
,20409,,,,,129,,,,,0.38757866621017456,2.706204652786255,0.00988807063549757,0.10707010328769684
0.0001,20449,,,,,,,,,,,,,
,20449,0.5744577646255493,4.221007347106934,0.030944596976041794,0.12141244113445282,130,,,,,,,,
0.0001,20499,,,,,,,,,,,,,
,20499,0.2701774835586548,1.9004801511764526,0.005991857964545488,0.0741376057267189,130,,,,,,,,
0.0001,20549,,,,,,,,,,,,,
,20549,0.34718626737594604,2.199753761291504,0.029525162652134895,0.09768567979335785,130,,,,,,,,
,20566,,,,,130,0.4282892346382141,3.0061686038970947,0.011111928150057793,0.11656049638986588,,,,
,20566,,,,,130,,,,,0.39084598422050476,2.7534594535827637,0.008866410702466965,0.10663346946239471
0.0001,20599,,,,,,,,,,,,,
,20599,0.43536797165870667,2.9588310718536377,0.031155327335000038,0.10832950472831726,131,,,,,,,,
0.0001,20649,,,,,,,,,,,,,
,20649,0.2643868625164032,1.4895493984222412,0.0061188507825136185,0.10931307077407837,131,,,,,,,,
0.0001,20699,,,,,,,,,,,,,
,20699,0.4459775686264038,3.3273508548736572,0.004415682516992092,0.10882681608200073,131,,,,,,,,
,20723,,,,,131,0.40144217014312744,2.8724324703216553,0.00970755610615015,0.1044914573431015,,,,
,20723,,,,,131,,,,,0.39342817664146423,2.7738475799560547,0.00956440344452858,0.10647902637720108
0.0001,20749,,,,,,,,,,,,,
,20749,0.32470589876174927,2.034705638885498,0.0032197346445173025,0.1180156022310257,132,,,,,,,,
0.0001,20799,,,,,,,,,,,,,
,20799,0.36306989192962646,2.297304630279541,0.029409674927592278,0.10392974317073822,132,,,,,,,,
0.0001,20849,,,,,,,,,,,,,
,20849,0.2606716454029083,1.6590576171875,0.004221152979880571,0.09054473042488098,132,,,,,,,,
,20880,,,,,132,0.397372305393219,2.7281405925750732,0.012697717174887657,0.11186060309410095,,,,
,20880,,,,,132,,,,,0.39496609568595886,2.7454893589019775,0.010255263186991215,0.11016198992729187
0.0001,20899,,,,,,,,,,,,,
,20899,0.33847373723983765,2.092132091522217,0.004439646378159523,0.12482088059186935,133,,,,,,,,
0.0001,20949,,,,,,,,,,,,,
,20949,0.356897234916687,2.396334171295166,0.010464643128216267,0.10679920017719269,133,,,,,,,,
0.0001,20999,,,,,,,,,,,,,
,20999,0.49085772037506104,3.9118247032165527,0.0049948007799685,0.09468039870262146,133,,,,,,,,
,21037,,,,,133,0.38246288895606995,2.5381546020507812,0.017732983455061913,0.1109144389629364,,,,
,21037,,,,,133,,,,,0.39506009221076965,2.767038345336914,0.009684166871011257,0.10867208242416382
0.0001,21049,,,,,,,,,,,,,
,21049,0.3914980888366699,2.753145217895508,0.011480603367090225,0.10470294952392578,134,,,,,,,,
0.0001,21099,,,,,,,,,,,,,
,21099,0.5279744863510132,3.979034423828125,0.009062939323484898,0.12100808322429657,134,,,,,,,,
0.0001,21149,,,,,,,,,,,,,
,21149,0.3959640860557556,2.600938320159912,0.007039550691843033,0.128830686211586,134,,,,,,,,
,21194,,,,,134,0.39227327704429626,2.6881914138793945,0.0119332829490304,0.11152088642120361,,,,
,21194,,,,,134,,,,,0.38542479276657104,2.701789379119873,0.009174617007374763,0.10607139021158218
0.0001,21199,,,,,,,,,,,,,
,21199,0.3228578269481659,2.3598062992095947,0.007977094501256943,0.07890009880065918,135,,,,,,,,
0.0001,21249,,,,,,,,,,,,,
,21249,0.29898327589035034,1.9824215173721313,0.007651735097169876,0.09308937937021255,135,,,,,,,,
0.0001,21299,,,,,,,,,,,,,
,21299,0.44601303339004517,3.199113368988037,0.0038160006515681744,0.12228571623563766,135,,,,,,,,
0.0001,21349,,,,,,,,,,,,,
,21349,0.3723936676979065,2.430234909057617,0.008335312828421593,0.12103486806154251,135,,,,,,,,
,21351,,,,,135,0.3800579905509949,2.608853816986084,0.008509697392582893,0.11066292971372604,,,,
,21351,,,,,135,,,,,0.3791370093822479,2.614088773727417,0.009108155965805054,0.108619824051857
0.0001,21399,,,,,,,,,,,,,
,21399,0.37101560831069946,2.5020978450775146,0.00953004602342844,0.11127577722072601,136,,,,,,,,
0.0001,21449,,,,,,,,,,,,,
,21449,0.3934774696826935,2.5094752311706543,0.0028728689067065716,0.13965708017349243,136,,,,,,,,
0.0001,21499,,,,,,,,,,,,,
,21499,0.35323962569236755,2.3134541511535645,0.01778329722583294,0.10411088913679123,136,,,,,,,,
,21508,,,,,136,0.4089433550834656,2.884633779525757,0.010704725049436092,0.10977533459663391,,,,
,21508,,,,,136,,,,,0.4014277458190918,2.8512301445007324,0.00980487558990717,0.10649994015693665
0.0001,21549,,,,,,,,,,,,,
,21549,0.4221552312374115,3.5171620845794678,0.010736370459198952,0.059702660888433456,137,,,,,,,,
0.0001,21599,,,,,,,,,,,,,
,21599,0.3240088224411011,2.55688738822937,0.004306914284825325,0.06401319801807404,137,,,,,,,,
0.0001,21649,,,,,,,,,,,,,
,21649,0.35350728034973145,2.0706787109375,0.008120584301650524,0.13831879198551178,137,,,,,,,,
,21665,,,,,137,0.38811516761779785,2.70285964012146,0.008489426225423813,0.10933968424797058,,,,
,21665,,,,,137,,,,,0.3913513422012329,2.7470526695251465,0.010685796849429607,0.10596030205488205
0.0001,21699,,,,,,,,,,,,,
,21699,0.4887600541114807,3.678706645965576,0.00837127398699522,0.11251810193061829,138,,,,,,,,
0.0001,21749,,,,,,,,,,,,,
,21749,0.5555593967437744,4.054398059844971,0.007580930832773447,0.1425386369228363,138,,,,,,,,
0.0001,21799,,,,,,,,,,,,,
,21799,0.2753506600856781,1.4569145441055298,0.002279233420267701,0.12737996876239777,138,,,,,,,,
,21822,,,,,138,0.3933309316635132,2.722541332244873,0.009689954109489918,0.11138681322336197,,,,
,21822,,,,,138,,,,,0.3880171477794647,2.678903579711914,0.010041845962405205,0.1100848987698555
0.0001,21849,,,,,,,,,,,,,
,21849,0.2964310348033905,1.8188176155090332,0.008796321228146553,0.10575294494628906,139,,,,,,,,
0.0001,21899,,,,,,,,,,,,,
,21899,0.37504470348358154,2.386840343475342,0.012333786115050316,0.12402689456939697,139,,,,,,,,
0.0001,21949,,,,,,,,,,,,,
,21949,0.3868372142314911,3.021653890609741,0.019915685057640076,0.06475615501403809,139,,,,,,,,
,21979,,,,,139,0.4091682434082031,2.8781118392944336,0.01198340393602848,0.10937352478504181,,,,
,21979,,,,,139,,,,,0.3832128942012787,2.6860227584838867,0.009614001028239727,0.10499656945466995
0.0001,21999,,,,,,,,,,,,,
,21999,0.31024885177612305,1.8787038326263428,0.0022405439522117376,0.12013792991638184,140,,,,,,,,
0.0001,22049,,,,,,,,,,,,,
,22049,0.3976379632949829,3.195788621902466,0.019152771681547165,0.05890632048249245,140,,,,,,,,
0.0001,22099,,,,,,,,,,,,,
,22099,0.45460084080696106,3.492502450942993,0.007325700018554926,0.0980248674750328,140,,,,,,,,
,22136,,,,,140,0.3869682550430298,2.6198039054870605,0.009543508291244507,0.11544433236122131,,,,
,22136,,,,,140,,,,,0.39842092990875244,2.828847885131836,0.009743149392306805,0.10579301416873932
0.0001,22149,,,,,,,,,,,,,
,22149,0.2485068142414093,1.581010341644287,0.02227449044585228,0.06813129037618637,141,,,,,,,,
0.0001,22199,,,,,,,,,,,,,
,22199,0.37185928225517273,2.581819534301758,0.0073838308453559875,0.10629348456859589,141,,,,,,,,
0.0001,22249,,,,,,,,,,,,,
,22249,0.47336456179618835,3.6819331645965576,0.015247371979057789,0.08992384374141693,141,,,,,,,,
,22293,,,,,141,0.40543848276138306,2.815967559814453,0.010543892160058022,0.11329781264066696,,,,
,22293,,,,,141,,,,,0.3956334888935089,2.7902376651763916,0.011286160908639431,0.10532360523939133
0.0001,22299,,,,,,,,,,,,,
,22299,0.5010862946510315,3.7457501888275146,0.01877741888165474,0.1077338382601738,142,,,,,,,,
0.0001,22349,,,,,,,,,,,,,
,22349,0.502190113067627,3.661112070083618,0.013197888620197773,0.12288103997707367,142,,,,,,,,
0.0001,22399,,,,,,,,,,,,,
,22399,0.3629803955554962,2.167051315307617,0.005575693212449551,0.14069953560829163,142,,,,,,,,
0.0001,22449,,,,,,,,,,,,,
,22449,0.39307084679603577,2.527688980102539,0.012464217841625214,0.12783770263195038,142,,,,,,,,
,22450,,,,,142,0.3856750726699829,2.728970527648926,0.012848526239395142,0.09992954879999161,,,,
,22450,,,,,142,,,,,0.39619699120521545,2.7613627910614014,0.009101704694330692,0.1109590232372284
0.0001,22499,,,,,,,,,,,,,
,22499,0.4167014956474304,3.03609037399292,0.003486506873741746,0.10960598289966583,143,,,,,,,,
0.0001,22549,,,,,,,,,,,,,
,22549,0.4238273799419403,3.3827784061431885,0.0054647368378937244,0.08008480072021484,143,,,,,,,,
0.0001,22599,,,,,,,,,,,,,
,22599,0.4530268907546997,2.770867347717285,0.03221755474805832,0.1437225639820099,143,,,,,,,,
,22607,,,,,143,0.39012739062309265,2.6552460193634033,0.01231534406542778,0.11228739470243454,,,,
,22607,,,,,143,,,,,0.39232200384140015,2.7460834980010986,0.010610638186335564,0.10710306465625763
0.0001,22649,,,,,,,,,,,,,
,22649,0.43268460035324097,3.4679789543151855,0.008837907575070858,0.07704875618219376,144,,,,,,,,
0.0001,22699,,,,,,,,,,,,,
,22699,0.2753315269947052,1.4449400901794434,0.0036366148851811886,0.1272009015083313,144,,,,,,,,
0.0001,22749,,,,,,,,,,,,,
,22749,0.3193770945072174,2.403104782104492,0.005408644676208496,0.07365795969963074,144,,,,,,,,
,22764,,,,,144,0.380573570728302,2.6428725719451904,0.010451389476656914,0.10583491623401642,,,,
,22764,,,,,144,,,,,0.40134915709495544,2.862915515899658,0.010241818614304066,0.10481564700603485
0.0001,22799,,,,,,,,,,,,,
,22799,0.2966756224632263,1.9271879196166992,0.006224672310054302,0.09773214161396027,145,,,,,,,,
0.0001,22849,,,,,,,,,,,,,
,22849,0.28358781337738037,1.759843111038208,0.007882023230195045,0.0997215136885643,145,,,,,,,,
0.0001,22899,,,,,,,,,,,,,
,22899,0.28674328327178955,1.6197307109832764,0.006611799355596304,0.11815838515758514,145,,,,,,,,
,22921,,,,,145,0.37005719542503357,2.5507476329803467,0.012699133716523647,0.10228327661752701,,,,
,22921,,,,,145,,,,,0.3940446376800537,2.780496835708618,0.011206348426640034,0.10478860884904861
0.0001,22949,,,,,,,,,,,,,
,22949,0.44085150957107544,2.856740951538086,0.07915607839822769,0.07602131366729736,146,,,,,,,,
0.0001,22999,,,,,,,,,,,,,
,22999,0.4021223783493042,2.780977249145508,0.007872644811868668,0.11615197360515594,146,,,,,,,,
0.0001,23049,,,,,,,,,,,,,
,23049,0.3081134557723999,1.9468986988067627,0.004660533741116524,0.10876303166151047,146,,,,,,,,
,23078,,,,,146,0.38804110884666443,2.7200541496276855,0.011177455075085163,0.1048581674695015,,,,
,23078,,,,,146,,,,,0.3855738341808319,2.6783528327941895,0.010643623769283295,0.10709486156702042
0.0001,23099,,,,,,,,,,,,,
,23099,0.5140818357467651,3.918949842453003,0.01747976243495941,0.10470712929964066,147,,,,,,,,
0.0001,23149,,,,,,,,,,,,,
,23149,0.3457934856414795,2.3065667152404785,0.01924651488661766,0.09589026123285294,147,,,,,,,,
0.0001,23199,,,,,,,,,,,,,
,23199,0.39989393949508667,3.0108871459960938,0.006278291344642639,0.09252692759037018,147,,,,,,,,
,23235,,,,,147,0.4225705564022064,2.9935264587402344,0.01094108633697033,0.11227678507566452,,,,
,23235,,,,,147,,,,,0.3916630744934082,2.731271982192993,0.010741421021521091,0.10779441148042679
0.0001,23249,,,,,,,,,,,,,
,23249,0.35164517164230347,2.5049829483032227,0.009306691586971283,0.09184017777442932,148,,,,,,,,
0.0001,23299,,,,,,,,,,,,,
,23299,0.385357141494751,2.7855441570281982,0.00478291604667902,0.10201983898878098,148,,,,,,,,
0.0001,23349,,,,,,,,,,,,,
,23349,0.3794233202934265,2.455763101577759,0.009839178994297981,0.12400783598423004,148,,,,,,,,
,23392,,,,,148,0.40795955061912537,2.9080896377563477,0.011647061444818974,0.10550349205732346,,,,
,23392,,,,,148,,,,,0.3935103118419647,2.7634105682373047,0.009542059153318405,0.1076272577047348
0.0001,23399,,,,,,,,,,,,,
,23399,0.3155335485935211,2.0872509479522705,0.005207785405218601,0.10160064697265625,149,,,,,,,,
0.0001,23449,,,,,,,,,,,,,
,23449,0.4952292740345001,3.8883919715881348,0.01485653966665268,0.09153350442647934,149,,,,,,,,
0.0001,23499,,,,,,,,,,,,,
,23499,0.3433280289173126,1.5410361289978027,0.013821820728480816,0.17540259659290314,149,,,,,,,,
0.0001,23549,,,,,,,,,,,,,
,23549,0.1189756914973259,1.0886001586914062,0.0021321955136954784,0.007983481511473656,149,,,,,,,,
,23549,,,,,149,0.39454197883605957,2.7389140129089355,0.01029635313898325,0.11035417020320892,,,,
,23549,,,,,149,,,,,0.39666488766670227,2.789139986038208,0.010408638045191765,0.1073421761393547
0.0001,23599,,,,,,,,,,,,,
,23599,0.342184454202652,2.2271108627319336,0.004499560687690973,0.11497381329536438,150,,,,,,,,
0.0001,23649,,,,,,,,,,,,,
,23649,0.45912808179855347,3.4352874755859375,0.05169445276260376,0.06390486657619476,150,,,,,,,,
0.0001,23699,,,,,,,,,,,,,
,23699,0.3720027208328247,2.4737322330474854,0.006788815371692181,0.11784065514802933,150,,,,,,,,
,23706,,,,,150,0.39330291748046875,2.760974168777466,0.010232743807137012,0.10697278380393982,,,,
,23706,,,,,150,,,,,0.396412193775177,2.8194198608398438,0.008594675920903683,0.10587557405233383
0.0001,23749,,,,,,,,,,,,,
,23749,0.3656621277332306,2.874540328979492,0.01250489428639412,0.06570316851139069,151,,,,,,,,
0.0001,23799,,,,,,,,,,,,,
,23799,0.3791361451148987,2.368191957473755,0.01309589110314846,0.12922100722789764,151,,,,,,,,
0.0001,23849,,,,,,,,,,,,,
,23849,0.4781228303909302,3.588125705718994,0.013939812779426575,0.1053704097867012,151,,,,,,,,
,23863,,,,,151,0.36691412329673767,2.521965742111206,0.008001776412129402,0.10671570897102356,,,,
,23863,,,,,151,,,,,0.3893766701221466,2.7289488315582275,0.010686219669878483,0.10579554736614227
0.0001,23899,,,,,,,,,,,,,
,23899,0.3289121091365814,2.0916361808776855,0.011731350794434547,0.10801713168621063,152,,,,,,,,
0.0001,23949,,,,,,,,,,,,,
,23949,0.314362108707428,2.141209363937378,0.002437406685203314,0.09780373424291611,152,,,,,,,,
0.0001,23999,,,,,,,,,,,,,
,23999,0.47152820229530334,3.5052337646484375,0.006878823507577181,0.11412595212459564,152,,,,,,,,
,24020,,,,,152,0.4035335183143616,2.742624282836914,0.010402348823845387,0.11886872351169586,,,,
,24020,,,,,152,,,,,0.3922206163406372,2.770171642303467,0.009535461664199829,0.10566797107458115
0.0001,24049,,,,,,,,,,,,,
,24049,0.30366432666778564,2.472446918487549,0.005710438825190067,0.05070916563272476,153,,,,,,,,
0.0001,24099,,,,,,,,,,,,,
,24099,0.4197576642036438,3.226125955581665,0.007375176530331373,0.08976992964744568,153,,,,,,,,
0.0001,24149,,,,,,,,,,,,,
,24149,0.39201584458351135,2.0870089530944824,0.019148394465446472,0.16416653990745544,153,,,,,,,,
,24177,,,,,153,0.39672619104385376,2.782397747039795,0.010779551230370998,0.10770680010318756,,,,
,24177,,,,,153,,,,,0.3880338966846466,2.7297725677490234,0.00998497661203146,0.10507158190011978
0.0001,24199,,,,,,,,,,,,,
,24199,0.26344895362854004,1.478522539138794,0.004119846038520336,0.1114768460392952,154,,,,,,,,
0.0001,24249,,,,,,,,,,,,,
,24249,0.318229079246521,2.1225528717041016,0.0017694790149107575,0.10420431196689606,154,,,,,,,,
0.0001,24299,,,,,,,,,,,,,
,24299,0.4079492688179016,2.9245870113372803,0.005126968491822481,0.11036358773708344,154,,,,,,,,
,24334,,,,,154,0.3985380530357361,2.8019979000091553,0.00973557960242033,0.10860267281532288,,,,
,24334,,,,,154,,,,,0.3905242085456848,2.732238531112671,0.009752782061696053,0.10754749923944473
0.0001,24349,,,,,,,,,,,,,
,24349,0.40986329317092896,2.9639387130737305,0.005488411523401737,0.10798102617263794,155,,,,,,,,
0.0001,24399,,,,,,,,,,,,,
,24399,0.2874980866909027,1.9464877843856812,0.005536937154829502,0.08731235563755035,155,,,,,,,,
0.0001,24449,,,,,,,,,,,,,
,24449,0.4551675319671631,3.3963656425476074,0.036954231560230255,0.0785766988992691,155,,,,,,,,
,24491,,,,,155,0.4072190821170807,2.7778632640838623,0.013801745139062405,0.11563105136156082,,,,
,24491,,,,,155,,,,,0.38255518674850464,2.705160140991211,0.01054887194186449,0.10149040818214417
0.0001,24499,,,,,,,,,,,,,
,24499,0.3342522978782654,2.1393868923187256,0.006709916517138481,0.11360371112823486,156,,,,,,,,
0.0001,24549,,,,,,,,,,,,,
,24549,0.33700433373451233,2.3798773288726807,0.003978248685598373,0.09503836184740067,156,,,,,,,,
0.0001,24599,,,,,,,,,,,,,
,24599,0.3148101270198822,2.0623717308044434,0.0046243323013186455,0.10394862294197083,156,,,,,,,,
,24648,,,,,156,0.3809378445148468,2.6396801471710205,0.007847340777516365,0.10912248492240906,,,,
,24648,,,,,156,,,,,0.3986039161682129,2.769092321395874,0.011606583371758461,0.11008814722299576
0.0001,24649,,,,,,,,,,,,,
,24649,0.3687395453453064,2.696486234664917,0.006442104931920767,0.09264879673719406,157,,,,,,,,
0.0001,24699,,,,,,,,,,,,,
,24699,0.4770791828632355,3.5782880783081055,0.010372336953878403,0.10887803882360458,157,,,,,,,,
0.0001,24749,,,,,,,,,,,,,
,24749,0.37984389066696167,2.9729654788970947,0.009806403890252113,0.07274092733860016,157,,,,,,,,
0.0001,24799,,,,,,,,,,,,,
,24799,0.360542356967926,2.403895616531372,0.0077490247786045074,0.1124037653207779,157,,,,,,,,
,24805,,,,,157,0.37542638182640076,2.5659797191619873,0.009981700219213963,0.10884673148393631,,,,
,24805,,,,,157,,,,,0.39080357551574707,2.7366232872009277,0.010518240742385387,0.1066230833530426
0.0001,24849,,,,,,,,,,,,,
,24849,0.5017259120941162,3.597749948501587,0.01559173408895731,0.12635916471481323,158,,,,,,,,
0.0001,24899,,,,,,,,,,,,,
,24899,0.2464946210384369,1.759732723236084,0.005985768511891365,0.06453555822372437,158,,,,,,,,
0.0001,24949,,,,,,,,,,,,,
,24949,0.5328741073608398,4.070608139038086,0.014122768305242062,0.11169056594371796,158,,,,,,,,
,24962,,,,,158,0.39405348896980286,2.7389490604400635,0.008790429681539536,0.11136817932128906,,,,
,24962,,,,,158,,,,,0.390459805727005,2.7533862590789795,0.009633206762373447,0.10548807680606842
0.0001,24999,,,,,,,,,,,,,
,24999,0.34968724846839905,2.311424970626831,0.003483656095340848,0.11506110429763794,159,,,,,,,,
0.0001,25049,,,,,,,,,,,,,
,25049,0.41244879364967346,3.095827102661133,0.004850966390222311,0.09801511466503143,159,,,,,,,,
0.0001,25099,,,,,,,,,,,,,
,25099,0.3639340400695801,2.677750587463379,0.022329671308398247,0.0738293007016182,159,,,,,,,,
,25119,,,,,159,0.385286808013916,2.5793116092681885,0.011236685328185558,0.1161188930273056,,,,
,25119,,,,,159,,,,,0.3919961452484131,2.729768753051758,0.0102396160364151,0.10877954959869385
0.0001,25149,,,,,,,,,,,,,
,25149,0.3532564640045166,2.85896635055542,0.01758250780403614,0.049777284264564514,160,,,,,,,,
0.0001,25199,,,,,,,,,,,,,
,25199,0.31813889741897583,1.764890432357788,0.010810562409460545,0.1308392882347107,160,,,,,,,,
0.0001,25249,,,,,,,,,,,,,
,25249,0.3399985432624817,2.3460235595703125,0.0067786965519189835,0.09861750900745392,160,,,,,,,,
,25276,,,,,160,0.38203081488609314,2.629891872406006,0.008530264720320702,0.1105114296078682,,,,
,25276,,,,,160,,,,,0.3834747076034546,2.689256191253662,0.01004814449697733,0.10450094193220139
0.0001,25299,,,,,,,,,,,,,
,25299,0.35758113861083984,2.9159419536590576,0.0038677107077091932,0.062119245529174805,161,,,,,,,,
0.0001,25349,,,,,,,,,,,,,
,25349,0.4497896432876587,3.3697776794433594,0.007945123128592968,0.10486678779125214,161,,,,,,,,
0.0001,25399,,,,,,,,,,,,,
,25399,0.324535071849823,1.8294677734375,0.009047036059200764,0.1325412392616272,161,,,,,,,,
,25433,,,,,161,0.407600462436676,2.8512661457061768,0.008778159506618977,0.11369563639163971,,,,
,25433,,,,,161,,,,,0.39455536007881165,2.722902297973633,0.010771860368549824,0.11149317771196365
0.0001,25449,,,,,,,,,,,,,
,25449,0.45343732833862305,3.4417922496795654,0.00482040224596858,0.1044376790523529,162,,,,,,,,
0.0001,25499,,,,,,,,,,,,,
,25499,0.4200604259967804,2.6581673622131348,0.027299221605062485,0.12694448232650757,162,,,,,,,,
0.0001,25549,,,,,,,,,,,,,
,25549,0.3630305528640747,2.2553610801696777,0.00955765787512064,0.12793675065040588,162,,,,,,,,
,25590,,,,,162,0.3750417232513428,2.5593225955963135,0.009948242455720901,0.10916125774383545,,,,
,25590,,,,,162,,,,,0.40224313735961914,2.8465049266815186,0.010015553794801235,0.10757706314325333
0.0001,25599,,,,,,,,,,,,,
,25599,0.47520604729652405,3.8756704330444336,0.015004459768533707,0.07263455539941788,163,,,,,,,,
0.0001,25649,,,,,,,,,,,,,
,25649,0.4276803135871887,2.776942014694214,0.006053311750292778,0.14393280446529388,163,,,,,,,,
0.0001,25699,,,,,,,,,,,,,
,25699,0.44118812680244446,3.262418746948242,0.00893497746437788,0.1060112714767456,163,,,,,,,,
,25747,,,,,163,0.41486266255378723,2.9638757705688477,0.010823414660990238,0.10765170305967331,,,,
,25747,,,,,163,,,,,0.39782416820526123,2.767073154449463,0.009872564114630222,0.11124428361654282
0.0001,25749,,,,,,,,,,,,,
,25749,0.4527144730091095,3.4339253902435303,0.006134028546512127,0.10318788886070251,164,,,,,,,,
0.0001,25799,,,,,,,,,,,,,
,25799,0.4230617880821228,3.1943864822387695,0.0251319520175457,0.07849113643169403,164,,,,,,,,
0.0001,25849,,,,,,,,,,,,,
,25849,0.3113725781440735,1.9159375429153442,0.01870104856789112,0.10107778012752533,164,,,,,,,,
0.0001,25899,,,,,,,,,,,,,
,25899,0.2747151851654053,1.3234951496124268,0.002187186386436224,0.14017850160598755,164,,,,,,,,
,25904,,,,,164,0.39050236344337463,2.7581875324249268,0.012246853671967983,0.10243678838014603,,,,
,25904,,,,,164,,,,,0.3968685269355774,2.8133745193481445,0.009343073703348637,0.10618791729211807
0.0001,25949,,,,,,,,,,,,,
,25949,0.3989330530166626,2.5823593139648438,0.006872527301311493,0.13382461667060852,165,,,,,,,,
0.0001,25999,,,,,,,,,,,,,
,25999,0.4871501326560974,3.7665224075317383,0.01543497759848833,0.09506290405988693,165,,,,,,,,
0.0001,26049,,,,,,,,,,,,,
,26049,0.3691444396972656,2.497901439666748,0.012654474936425686,0.10669980943202972,165,,,,,,,,
,26061,,,,,165,0.38234612345695496,2.5897107124328613,0.008862562477588654,0.11451253294944763,,,,
,26061,,,,,165,,,,,0.3954278528690338,2.7685792446136475,0.009910068474709988,0.10865991562604904
0.0001,26099,,,,,,,,,,,,,
,26099,0.3604010343551636,2.275310754776001,0.015564117580652237,0.11730583012104034,166,,,,,,,,
0.0001,26149,,,,,,,,,,,,,
,26149,0.31695467233657837,2.0135083198547363,0.010214167647063732,0.10538968443870544,166,,,,,,,,
0.0001,26199,,,,,,,,,,,,,
,26199,0.31676602363586426,2.2244365215301514,0.00750617915764451,0.08681620657444,166,,,,,,,,
,26218,,,,,166,0.37128493189811707,2.601146697998047,0.00857495702803135,0.10259535163640976,,,,
,26218,,,,,166,,,,,0.3840925991535187,2.6547374725341797,0.008750260807573795,0.10986869037151337
0.0001,26249,,,,,,,,,,,,,
,26249,0.4061509668827057,2.692788600921631,0.02132241241633892,0.11554969847202301,167,,,,,,,,
0.0001,26299,,,,,,,,,,,,,
,26299,0.3628578782081604,2.501462459564209,0.004525268450379372,0.10818637162446976,167,,,,,,,,
0.0001,26349,,,,,,,,,,,,,
,26349,0.3584632873535156,2.895141124725342,0.01033302117139101,0.05861612409353256,167,,,,,,,,
,26375,,,,,167,0.3837951719760895,2.6727840900421143,0.01036303211003542,0.10615367442369461,,,,
,26375,,,,,167,,,,,0.3904868960380554,2.726213216781616,0.010838937945663929,0.10702665150165558
0.0001,26399,,,,,,,,,,,,,
,26399,0.5218080282211304,3.918997287750244,0.007991914637386799,0.12191636115312576,168,,,,,,,,
0.0001,26449,,,,,,,,,,,,,
,26449,0.3084011673927307,1.882274866104126,0.0041442811489105225,0.11602936685085297,168,,,,,,,,
0.0001,26499,,,,,,,,,,,,,
,26499,0.5659301280975342,4.076959609985352,0.007147008553147316,0.15108716487884521,168,,,,,,,,
,26532,,,,,168,0.4128555655479431,2.9229979515075684,0.010417244397103786,0.11013860255479813,,,,
,26532,,,,,168,,,,,0.3972032070159912,2.7811219692230225,0.010800864547491074,0.10829007625579834
0.0001,26549,,,,,,,,,,,,,
,26549,0.349687397480011,2.4750945568084717,0.007038900628685951,0.0951390415430069,169,,,,,,,,
0.0001,26599,,,,,,,,,,,,,
,26599,0.359418660402298,2.597787380218506,0.00502580963075161,0.09461414068937302,169,,,,,,,,
0.0001,26649,,,,,,,,,,,,,
,26649,0.34444892406463623,2.3798913955688477,0.027995796874165535,0.07846397161483765,169,,,,,,,,
,26689,,,,,169,0.410194456577301,2.8603265285491943,0.008354706689715385,0.11580711603164673,,,,
,26689,,,,,169,,,,,0.3943353593349457,2.773716926574707,0.01154280360788107,0.10542089492082596
0.0001,26699,,,,,,,,,,,,,
,26699,0.42130589485168457,2.2662649154663086,0.017745885998010635,0.17693349719047546,170,,,,,,,,
0.0001,26749,,,,,,,,,,,,,
,26749,0.4191700220108032,2.943894386291504,0.02598874643445015,0.09879181534051895,170,,,,,,,,
0.0001,26799,,,,,,,,,,,,,
,26799,0.3819772005081177,2.6986656188964844,0.017076706513762474,0.0950339138507843,170,,,,,,,,
,26846,,,,,170,0.42450276017189026,3.010998249053955,0.01130714826285839,0.11209572851657867,,,,
,26846,,,,,170,,,,,0.39314258098602295,2.7501237392425537,0.010310222394764423,0.1078200414776802
0.0001,26849,,,,,,,,,,,,,
,26849,0.354538232088089,2.387601613998413,0.004278760403394699,0.11149929463863373,171,,,,,,,,
0.0001,26899,,,,,,,,,,,,,
,26899,0.4029962122440338,2.887188673019409,0.005719641223549843,0.10855767875909805,171,,,,,,,,
0.0001,26949,,,,,,,,,,,,,
,26949,0.5430548787117004,4.158072471618652,0.01586710847914219,0.11138048022985458,171,,,,,,,,
0.0001,26999,,,,,,,,,,,,,
,26999,0.3046911954879761,2.2363929748535156,0.0074812984094023705,0.07357059419155121,171,,,,,,,,
,27003,,,,,171,0.39333677291870117,2.6694798469543457,0.011353954672813416,0.1150347962975502,,,,
,27003,,,,,171,,,,,0.39802196621894836,2.7870547771453857,0.010792150162160397,0.10852433741092682
0.0001,27049,,,,,,,,,,,,,
,27049,0.4295840263366699,3.1122782230377197,0.02114267647266388,0.0972135066986084,172,,,,,,,,
0.0001,27099,,,,,,,,,,,,,
,27099,0.3812626004219055,2.6075589656829834,0.006737718358635902,0.11376897990703583,172,,,,,,,,
0.0001,27149,,,,,,,,,,,,,
,27149,0.48861587047576904,3.665381908416748,0.007570552174001932,0.11450713872909546,172,,,,,,,,
,27160,,,,,172,0.3887127637863159,2.6469461917877197,0.020124059170484543,0.10389406234025955,,,,
,27160,,,,,172,,,,,0.3952809274196625,2.765202283859253,0.011042731814086437,0.10771791636943817
0.0001,27199,,,,,,,,,,,,,
,27199,0.2952675223350525,2.391010046005249,0.01342095248401165,0.04274558648467064,173,,,,,,,,
0.0001,27249,,,,,,,,,,,,,
,27249,0.3769837021827698,2.521810293197632,0.01745477505028248,0.10734789073467255,173,,,,,,,,
0.0001,27299,,,,,,,,,,,,,
,27299,0.4228615164756775,2.998861312866211,0.007479594089090824,0.11549574136734009,173,,,,,,,,
,27317,,,,,173,0.40747421979904175,2.8776612281799316,0.011022181250154972,0.10868588089942932,,,,
,27317,,,,,173,,,,,0.38928622007369995,2.7093346118927,0.010924018919467926,0.10742879658937454
0.0001,27349,,,,,,,,,,,,,
,27349,0.220294788479805,1.2235276699066162,0.007577833719551563,0.09036418795585632,174,,,,,,,,
0.0001,27399,,,,,,,,,,,,,
,27399,0.35054919123649597,2.4559216499328613,0.010110011324286461,0.09484700113534927,174,,,,,,,,
0.0001,27449,,,,,,,,,,,,,
,27449,0.43578532338142395,3.229964017868042,0.0028908124659210443,0.10989812016487122,174,,,,,,,,
,27474,,,,,174,0.37634238600730896,2.5693726539611816,0.013745277188718319,0.10565981268882751,,,,
,27474,,,,,174,,,,,0.3796396851539612,2.637888193130493,0.009376809000968933,0.10647408664226532
0.0001,27499,,,,,,,,,,,,,
,27499,0.4301203489303589,2.984029769897461,0.005275050178170204,0.1264423131942749,175,,,,,,,,
0.0001,27549,,,,,,,,,,,,,
,27549,0.3853517770767212,2.633596658706665,0.00754719041287899,0.11444491147994995,175,,,,,,,,
0.0001,27599,,,,,,,,,,,,,
,27599,0.37759870290756226,2.7960119247436523,0.010565534234046936,0.08743195235729218,175,,,,,,,,
,27631,,,,,175,0.40081700682640076,2.7561261653900146,0.012933275662362576,0.11227116733789444,,,,
,27631,,,,,175,,,,,0.3899364173412323,2.7436413764953613,0.010626071132719517,0.1049463152885437
0.0001,27649,,,,,,,,,,,,,
,27649,0.3266962170600891,2.250398874282837,0.009988449513912201,0.09166786074638367,176,,,,,,,,
0.0001,27699,,,,,,,,,,,,,
,27699,0.3973965048789978,2.62361478805542,0.003913513850420713,0.13112150132656097,176,,,,,,,,
0.0001,27749,,,,,,,,,,,,,
,27749,0.48205631971359253,3.5399017333984375,0.00790533609688282,0.12016081809997559,176,,,,,,,,
,27788,,,,,176,0.41864338517189026,2.9969072341918945,0.00994151085615158,0.10901114344596863,,,,
,27788,,,,,176,,,,,0.3888900876045227,2.700253963470459,0.011486409232020378,0.10737833380699158
0.0001,27799,,,,,,,,,,,,,
,27799,0.30386441946029663,1.7480576038360596,0.007762477267533541,0.12129616737365723,177,,,,,,,,
0.0001,27849,,,,,,,,,,,,,
,27849,0.25286778807640076,1.447129726409912,0.004998871125280857,0.1031559556722641,177,,,,,,,,
0.0001,27899,,,,,,,,,,,,,
,27899,0.4032529890537262,3.302478551864624,0.01103699579834938,0.061968136578798294,177,,,,,,,,
,27945,,,,,177,0.40028563141822815,2.882267475128174,0.008026751689612865,0.10403206944465637,,,,
,27945,,,,,177,,,,,0.3909274935722351,2.748918294906616,0.009398812428116798,0.1066369116306305
0.0001,27949,,,,,,,,,,,,,
,27949,0.3915911912918091,2.8577771186828613,0.00792195275425911,0.09789153933525085,178,,,,,,,,
0.0001,27999,,,,,,,,,,,,,
,27999,0.39536967873573303,2.514340877532959,0.007841064594686031,0.13609454035758972,178,,,,,,,,
0.0001,28049,,,,,,,,,,,,,
,28049,0.3883497714996338,2.3941030502319336,0.0071045998483896255,0.14183485507965088,178,,,,,,,,
0.0001,28099,,,,,,,,,,,,,
,28099,0.3185468018054962,2.2625973224639893,0.007456960156559944,0.08483010530471802,178,,,,,,,,
,28102,,,,,178,0.41300344467163086,2.9941961765289307,0.008637625724077225,0.10494624823331833,,,,
,28102,,,,,178,,,,,0.3968314826488495,2.818941116333008,0.009754476137459278,0.10518288612365723
0.0001,28149,,,,,,,,,,,,,
,28149,0.531075656414032,4.036087989807129,0.014211421832442284,0.11325544118881226,179,,,,,,,,
0.0001,28199,,,,,,,,,,,,,
,28199,0.507178783416748,4.058367729187012,0.0042258212342858315,0.09711615741252899,179,,,,,,,,
0.0001,28249,,,,,,,,,,,,,
,28249,0.41766059398651123,3.051307439804077,0.004618250299245119,0.1079116091132164,179,,,,,,,,
,28259,,,,,179,0.3851095139980316,2.68448543548584,0.011926177889108658,0.10473485291004181,,,,
,28259,,,,,179,,,,,0.39330777525901794,2.780597686767578,0.010256490670144558,0.1049913838505745
0.0001,28299,,,,,,,,,,,,,
,28299,0.5149900913238525,3.822190999984741,0.004858830943703651,0.12791216373443604,180,,,,,,,,
0.0001,28349,,,,,,,,,,,,,
,28349,0.34596988558769226,2.183122158050537,0.009094463661313057,0.1185631975531578,180,,,,,,,,
0.0001,28399,,,,,,,,,,,,,
,28399,0.37607985734939575,2.6151063442230225,0.0031066073570400476,0.11146260797977448,180,,,,,,,,
,28416,,,,,180,0.3974546492099762,2.677877426147461,0.00953605119138956,0.12013082951307297,,,,
,28416,,,,,180,,,,,0.38754966855049133,2.699659585952759,0.008474976755678654,0.10910866409540176
0.0001,28449,,,,,,,,,,,,,
,28449,0.5312181711196899,4.210528373718262,0.006156995426863432,0.10400830209255219,181,,,,,,,,
0.0001,28499,,,,,,,,,,,,,
,28499,0.48298707604408264,3.5057811737060547,0.012948745861649513,0.11946018040180206,181,,,,,,,,
0.0001,28549,,,,,,,,,,,,,
,28549,0.3614707589149475,2.3817217350006104,0.008464297279715538,0.11483427882194519,181,,,,,,,,
,28573,,,,,181,0.3933711349964142,2.697643518447876,0.012583894655108452,0.11102287471294403,,,,
,28573,,,,,181,,,,,0.3948124349117279,2.792616844177246,0.008681691251695156,0.106869176030159
0.0001,28599,,,,,,,,,,,,,
,28599,0.3460427224636078,2.115783929824829,0.012285293079912663,0.12217903882265091,182,,,,,,,,
0.0001,28649,,,,,,,,,,,,,
,28649,0.38925349712371826,2.9832592010498047,0.005691646598279476,0.08523594588041306,182,,,,,,,,
0.0001,28699,,,,,,,,,,,,,
,28699,0.5117882490158081,3.7839412689208984,0.013939999975264072,0.11945413798093796,182,,,,,,,,
,28730,,,,,182,0.42104971408843994,2.9295334815979004,0.011234917677938938,0.11686147749423981,,,,
,28730,,,,,182,,,,,0.3892466127872467,2.740624189376831,0.009741831570863724,0.10544232279062271
0.0001,28749,,,,,,,,,,,,,
,28749,0.30313563346862793,2.098116874694824,0.009875869378447533,0.08344807475805283,183,,,,,,,,
0.0001,28799,,,,,,,,,,,,,
,28799,0.3208715319633484,2.33059024810791,0.010961946099996567,0.07685056328773499,183,,,,,,,,
0.0001,28849,,,,,,,,,,,,,
,28849,0.29264912009239197,2.0840001106262207,0.014176970347762108,0.07007215172052383,183,,,,,,,,
,28887,,,,,183,0.4011261761188507,2.8078222274780273,0.01031486876308918,0.11002900451421738,,,,
,28887,,,,,183,,,,,0.39045748114585876,2.753896474838257,0.009792583994567394,0.10527520626783371
0.0001,28899,,,,,,,,,,,,,
,28899,0.47600677609443665,3.236638069152832,0.005405174568295479,0.14693781733512878,184,,,,,,,,
0.0001,28949,,,,,,,,,,,,,
,28949,0.32059746980667114,1.8003212213516235,0.005899613723158836,0.13466571271419525,184,,,,,,,,
0.0001,28999,,,,,,,,,,,,,
,28999,0.3121533691883087,1.923056721687317,0.0038729545194655657,0.11597473919391632,184,,,,,,,,
,29044,,,,,184,0.3785819709300995,2.6333751678466797,0.009732533246278763,0.10551190376281738,,,,
,29044,,,,,184,,,,,0.3875184953212738,2.730048894882202,0.008884403854608536,0.10562913864850998
0.0001,29049,,,,,,,,,,,,,
,29049,0.22839298844337463,1.8330416679382324,0.00508881825953722,0.040000006556510925,185,,,,,,,,
0.0001,29099,,,,,,,,,,,,,
,29099,0.35112008452415466,2.307253837585449,0.008592155762016773,0.11180252581834793,185,,,,,,,,
0.0001,29149,,,,,,,,,,,,,
,29149,0.3725413382053375,2.572246551513672,0.008376294746994972,0.10694040358066559,185,,,,,,,,
0.0001,29199,,,,,,,,,,,,,
,29199,0.3279147744178772,2.484816789627075,0.006100556347519159,0.0733325257897377,185,,,,,,,,
,29201,,,,,185,0.3876263201236725,2.752263069152832,0.009307858534157276,0.10309208929538727,,,,
,29201,,,,,185,,,,,0.39635005593299866,2.8005871772766113,0.009883561171591282,0.10640782117843628
0.0001,29249,,,,,,,,,,,,,
,29249,0.319511353969574,2.207371711730957,0.007761548273265362,0.09101266413927078,186,,,,,,,,
0.0001,29299,,,,,,,,,,,,,
,29299,0.43375223875045776,2.900869369506836,0.002212299033999443,0.14145296812057495,186,,,,,,,,
0.0001,29349,,,,,,,,,,,,,
,29349,0.27350926399230957,1.7723610401153564,0.018021155148744583,0.07825201749801636,186,,,,,,,,
,29358,,,,,186,0.3698217272758484,2.493617534637451,0.009850064292550087,0.11060988157987595,,,,
,29358,,,,,186,,,,,0.3918805718421936,2.768371343612671,0.00989220105111599,0.10515126585960388
0.0001,29399,,,,,,,,,,,,,
,29399,0.49941301345825195,3.7086901664733887,0.013273678719997406,0.11527033150196075,187,,,,,,,,
0.0001,29449,,,,,,,,,,,,,
,29449,0.41104573011398315,2.668165683746338,0.011258730664849281,0.1329704225063324,187,,,,,,,,
0.0001,29499,,,,,,,,,,,,,
,29499,0.2875140309333801,1.8890101909637451,0.0038724588230252266,0.09474054723978043,187,,,,,,,,
,29515,,,,,187,0.377737820148468,2.5577690601348877,0.011097392067313194,0.11086353659629822,,,,
,29515,,,,,187,,,,,0.3950398862361908,2.7582390308380127,0.011567221954464912,0.10764865577220917
0.0001,29549,,,,,,,,,,,,,
,29549,0.3794974088668823,2.703111171722412,0.005337405018508434,0.103848896920681,188,,,,,,,,
0.0001,29599,,,,,,,,,,,,,
,29599,0.461300790309906,3.6340231895446777,0.008600380271673203,0.08929803967475891,188,,,,,,,,
0.0001,29649,,,,,,,,,,,,,
,29649,0.33566510677337646,2.4740562438964844,0.01055886223912239,0.0777006521821022,188,,,,,,,,
,29672,,,,,188,0.39095136523246765,2.633636951446533,0.011791407130658627,0.11579622328281403,,,,
,29672,,,,,188,,,,,0.39286836981773376,2.732102632522583,0.009231139905750751,0.11042697727680206
0.0001,29699,,,,,,,,,,,,,
,29699,0.4714803695678711,3.657013177871704,0.004197237081825733,0.10158178210258484,189,,,,,,,,
0.0001,29749,,,,,,,,,,,,,
,29749,0.3830367922782898,2.5942275524139404,0.003942569252103567,0.11967149376869202,189,,,,,,,,
0.0001,29799,,,,,,,,,,,,,
,29799,0.2878516912460327,1.7790755033493042,0.015196269378066063,0.0947478860616684,189,,,,,,,,
,29829,,,,,189,0.3958335518836975,2.731102466583252,0.010603710077702999,0.11211956292390823,,,,
,29829,,,,,189,,,,,0.39606326818466187,2.7787463665008545,0.011257229372859001,0.10693151503801346
0.0001,29849,,,,,,,,,,,,,
,29849,0.46453237533569336,2.555400848388672,0.11836709827184677,0.09062516689300537,190,,,,,,,,
0.0001,29899,,,,,,,,,,,,,
,29899,0.2429298609495163,1.6494286060333252,0.0046716490760445595,0.07331535220146179,190,,,,,,,,
0.0001,29949,,,,,,,,,,,,,
,29949,0.49105018377304077,3.6729631423950195,0.006494254805147648,0.11725962162017822,190,,,,,,,,
,29986,,,,,190,0.37636125087738037,2.5740480422973633,0.010085337795317173,0.10887109488248825,,,,
,29986,,,,,190,,,,,0.3957667350769043,2.790189743041992,0.010683899745345116,0.10606397688388824
0.0001,29999,,,,,,,,,,,,,
,29999,0.3614494502544403,2.484560012817383,0.004108800552785397,0.10888465493917465,191,,,,,,,,
0.0001,30049,,,,,,,,,,,,,
,30049,0.43080341815948486,3.547234058380127,0.006127451546490192,0.06995255500078201,191,,,,,,,,
0.0001,30099,,,,,,,,,,,,,
,30099,0.35504376888275146,2.273538827896118,0.007315860129892826,0.12037402391433716,191,,,,,,,,
,30143,,,,,191,0.38519710302352905,2.7571218013763428,0.01073988527059555,0.09874497354030609,,,,
,30143,,,,,191,,,,,0.39293405413627625,2.798640489578247,0.009914839640259743,0.10315520316362381
0.0001,30149,,,,,,,,,,,,,
,30149,0.4278297424316406,2.5871036052703857,0.010381735861301422,0.15873759984970093,192,,,,,,,,
0.0001,30199,,,,,,,,,,,,,
,30199,0.32165229320526123,2.010737180709839,0.004298050422221422,0.11628049612045288,192,,,,,,,,
0.0001,30249,,,,,,,,,,,,,
,30249,0.3209400177001953,2.1052520275115967,0.00321637443266809,0.10719846934080124,192,,,,,,,,
0.0001,30299,,,,,,,,,,,,,
,30299,0.4259967803955078,3.0998504161834717,0.011248381808400154,0.10476335883140564,192,,,,,,,,
,30300,,,,,192,0.37410399317741394,2.5322494506835938,0.010328621603548527,0.11055044829845428,,,,
,30300,,,,,192,,,,,0.3959578275680542,2.8016741275787354,0.00967582780867815,0.10611468553543091
0.0001,30349,,,,,,,,,,,,,
,30349,0.3733861446380615,2.138293743133545,0.012331144884228706,0.14722561836242676,193,,,,,,,,
0.0001,30399,,,,,,,,,,,,,
,30399,0.34896689653396606,2.622546434402466,0.004506470635533333,0.08220577239990234,193,,,,,,,,
0.0001,30449,,,,,,,,,,,,,
,30449,0.2314527928829193,1.4606318473815918,0.01259586401283741,0.07279373705387115,193,,,,,,,,
,30457,,,,,193,0.40868285298347473,2.9281318187713623,0.009116423316299915,0.10675324499607086,,,,
,30457,,,,,193,,,,,0.3881714344024658,2.7215511798858643,0.009201615117490292,0.10681484639644623
0.0001,30499,,,,,,,,,,,,,
,30499,0.33412325382232666,2.379542350769043,0.010211847722530365,0.08595719933509827,194,,,,,,,,
0.0001,30549,,,,,,,,,,,,,
,30549,0.5224868059158325,3.4720699787139893,0.0617157407104969,0.11356409639120102,194,,,,,,,,
0.0001,30599,,,,,,,,,,,,,
,30599,0.568625271320343,4.125807285308838,0.01102505810558796,0.14501942694187164,194,,,,,,,,
,30614,,,,,194,0.40326765179634094,2.7800374031066895,0.012343652546405792,0.11292022466659546,,,,
,30614,,,,,194,,,,,0.3927399218082428,2.7232792377471924,0.00976872444152832,0.11064314842224121
0.0001,30649,,,,,,,,,,,,,
,30649,0.3519279360771179,2.201490640640259,0.007229398470371962,0.12454946339130402,195,,,,,,,,
0.0001,30699,,,,,,,,,,,,,
,30699,0.421796590089798,2.917625904083252,0.0071244374848902225,0.1229095607995987,195,,,,,,,,
0.0001,30749,,,,,,,,,,,,,
,30749,0.5350090265274048,4.460450172424316,0.009514285251498222,0.07944972068071365,195,,,,,,,,
,30771,,,,,195,0.42415159940719604,3.076956033706665,0.011904425919055939,0.10455154627561569,,,,
,30771,,,,,195,,,,,0.387332946062088,2.746103048324585,0.009820468723773956,0.10290221124887466
0.0001,30799,,,,,,,,,,,,,
,30799,0.43908923864364624,2.851033926010132,0.00813560001552105,0.1458502560853958,196,,,,,,,,
0.0001,30849,,,,,,,,,,,,,
,30849,0.3603445887565613,2.385329008102417,0.0072048623114824295,0.1146068349480629,196,,,,,,,,
0.0001,30899,,,,,,,,,,,,,
,30899,0.41173237562179565,2.964240074157715,0.004834733437746763,0.1104736402630806,196,,,,,,,,
,30928,,,,,196,0.3738825023174286,2.581437826156616,0.010087528266012669,0.10565116256475449,,,,
,30928,,,,,196,,,,,0.3859487771987915,2.6769330501556396,0.009033550508320332,0.109221912920475
0.0001,30949,,,,,,,,,,,,,
,30949,0.39759549498558044,2.9907352924346924,0.007885279133915901,0.09063669294118881,197,,,,,,,,
0.0001,30999,,,,,,,,,,,,,
,30999,0.336292564868927,2.1476330757141113,0.01348497997969389,0.10804424434900284,197,,,,,,,,
0.0001,31049,,,,,,,,,,,,,
,31049,0.3279612064361572,2.1851372718811035,0.013952093198895454,0.09549535810947418,197,,,,,,,,
,31085,,,,,197,0.40552520751953125,2.8522520065307617,0.01392235979437828,0.10637763887643814,,,,
,31085,,,,,197,,,,,0.39481478929519653,2.7853527069091797,0.010038991458714008,0.10624062269926071
0.0001,31099,,,,,,,,,,,,,
,31099,0.38391977548599243,2.9141855239868164,0.004237324930727482,0.08826389163732529,198,,,,,,,,
0.0001,31149,,,,,,,,,,,,,
,31149,0.44388431310653687,3.085197925567627,0.008261963725090027,0.1271025687456131,198,,,,,,,,
0.0001,31199,,,,,,,,,,,,,
,31199,0.4132568836212158,2.932490348815918,0.0061480458825826645,0.11385980248451233,198,,,,,,,,
,31242,,,,,198,0.3924182951450348,2.6852855682373047,0.009555594995617867,0.11433418095111847,,,,
,31242,,,,,198,,,,,0.3884681761264801,2.711174249649048,0.009372581727802753,0.10797794163227081
0.0001,31249,,,,,,,,,,,,,
,31249,0.3682031035423279,2.3089170455932617,0.021481649950146675,0.11582976579666138,199,,,,,,,,
0.0001,31299,,,,,,,,,,,,,
,31299,0.41325247287750244,2.607520341873169,0.016357818618416786,0.1361425817012787,199,,,,,,,,
0.0001,31349,,,,,,,,,,,,,
,31349,0.3344610333442688,2.3451955318450928,0.006731347180902958,0.0932101160287857,199,,,,,,,,
0.0001,31399,,,,,,,,,,,,,
,31399,0.6725127696990967,2.4261040687561035,0.3198562562465668,0.11004608869552612,199,,,,,,,,
,31399,,,,,199,0.40123629570007324,2.8709959983825684,0.00829591229557991,0.10584074258804321,,,,
,31399,,,,,199,,,,,0.3861158490180969,2.7041261196136475,0.010264633223414421,0.10543859750032425
