lr-Adam,step,loss_train_step,pos_train_step,cell_train_step,atomic_numbers_train_step,epoch,loss_val,pos_val,cell_val,atomic_numbers_val,loss_train_epoch,pos_train_epoch,cell_train_epoch,atomic_numbers_train_epoch
5e-05,49,,,,,,,,,,,,,
,49,0.5104182958602905,4.187877655029297,0.00803238432854414,0.08359813690185547,0,,,,,,,,
5e-05,99,,,,,,,,,,,,,
,99,0.6110917329788208,5.085028171539307,0.010775502771139145,0.09181345999240875,0,,,,,,,,
5e-05,149,,,,,,,,,,,,,
,149,0.3244810104370117,1.9425816535949707,0.009419466368854046,0.1208033636212349,0,,,,,,,,
,156,,,,,0,0.40047991275787354,2.774425983428955,0.01226618979126215,0.11077116429805756,,,,
,156,,,,,0,,,,,0.417545348405838,2.8412013053894043,0.013774066232144833,0.11965120583772659
5e-05,199,,,,,,,,,,,,,
,199,0.3495168387889862,2.4821271896362305,0.005110723432153463,0.09619339555501938,1,,,,,,,,
5e-05,249,,,,,,,,,,,,,
,249,0.39626485109329224,3.0998575687408447,0.007195935118943453,0.07908317446708679,1,,,,,,,,
5e-05,299,,,,,,,,,,,,,
,299,0.32324421405792236,1.885472297668457,0.018492311239242554,0.11620470881462097,1,,,,,,,,
,313,,,,,1,0.3995569050312042,2.8591110706329346,0.012263678945600986,0.10138220340013504,,,,
,313,,,,,1,,,,,0.412814199924469,2.9281482696533203,0.012003623880445957,0.10799591988325119
5e-05,349,,,,,,,,,,,,,
,349,0.38991913199424744,2.8260791301727295,0.010445675812661648,0.09686550498008728,2,,,,,,,,
5e-05,399,,,,,,,,,,,,,
,399,0.3541199564933777,2.095104455947876,0.007909002713859081,0.13670051097869873,2,,,,,,,,
5e-05,449,,,,,,,,,,,,,
,449,0.5253476500511169,4.328403949737549,0.0055285110138356686,0.08697874844074249,2,,,,,,,,
,470,,,,,2,0.39827266335487366,2.762680768966675,0.01347624696791172,0.10852839797735214,,,,
,470,,,,,2,,,,,0.39344826340675354,2.7571873664855957,0.011817271821200848,0.10591234266757965
5e-05,499,,,,,,,,,,,,,
,499,0.29761072993278503,1.7248164415359497,0.009585512802004814,0.11554358154535294,3,,,,,,,,
5e-05,549,,,,,,,,,,,,,
,549,0.40382689237594604,2.9624576568603516,0.007451241835951805,0.10012988746166229,3,,,,,,,,
5e-05,599,,,,,,,,,,,,,
,599,0.41251111030578613,2.8529653549194336,0.012866419740021229,0.11434818804264069,3,,,,,,,,
,627,,,,,3,0.4146018624305725,3.014737129211426,0.011027761735022068,0.10210037976503372,,,,
,627,,,,,3,,,,,0.40233102440834045,2.864414930343628,0.013567675836384296,0.10232178866863251
5e-05,649,,,,,,,,,,,,,
,649,0.6110317707061768,4.799881935119629,0.010661325417459011,0.1203821450471878,4,,,,,,,,
5e-05,699,,,,,,,,,,,,,
,699,0.31433045864105225,2.0519165992736816,0.010290275327861309,0.09884852916002274,4,,,,,,,,
5e-05,749,,,,,,,,,,,,,
,749,0.3512774109840393,2.2924306392669678,0.004198567941784859,0.11783581972122192,4,,,,,,,,
,784,,,,,4,0.4100906550884247,2.871434211730957,0.013879736885428429,0.10906744748353958,,,,
,784,,,,,4,,,,,0.4056752324104309,2.8899595737457275,0.011859158985316753,0.10482008010149002
5e-05,799,,,,,,,,,,,,,
,799,0.35827672481536865,2.8715853691101074,0.008659041486680508,0.06245916336774826,5,,,,,,,,
5e-05,849,,,,,,,,,,,,,
,849,0.48006129264831543,3.6741719245910645,0.016630250960588455,0.0960138589143753,5,,,,,,,,
5e-05,899,,,,,,,,,,,,,
,899,0.5930681228637695,4.846860885620117,0.021293412894010544,0.08708863705396652,5,,,,,,,,
,941,,,,,5,0.411709189414978,2.980938196182251,0.012242065742611885,0.10137335956096649,,,,
,941,,,,,5,,,,,0.40162336826324463,2.8908798694610596,0.011416350491344929,0.10111907869577408
5e-05,949,,,,,,,,,,,,,
,949,0.5037970542907715,3.820110559463501,0.007460103835910559,0.11432589590549469,6,,,,,,,,
5e-05,999,,,,,,,,,,,,,
,999,0.45487162470817566,3.6208267211914062,0.009930206462740898,0.08285874873399734,6,,,,,,,,
5e-05,1049,,,,,,,,,,,,,
,1049,0.35057681798934937,2.594931125640869,0.005705251358449459,0.08537843078374863,6,,,,,,,,
,1098,,,,,6,0.39980340003967285,2.7665233612060547,0.01138982456177473,0.11176125705242157,,,,
,1098,,,,,6,,,,,0.4082351326942444,2.904827356338501,0.012260529212653637,0.10549192875623703
5e-05,1099,,,,,,,,,,,,,
,1099,0.34133219718933105,2.5498275756835938,0.008440429344773293,0.07790897786617279,7,,,,,,,,
5e-05,1149,,,,,,,,,,,,,
,1149,0.3949092626571655,2.905158042907715,0.008716795593500137,0.09567670524120331,7,,,,,,,,
5e-05,1199,,,,,,,,,,,,,
,1199,0.3600623309612274,2.484494924545288,0.008170953020453453,0.10344186425209045,7,,,,,,,,
5e-05,1249,,,,,,,,,,,,,
,1249,0.33973947167396545,2.275970458984375,0.05165963992476463,0.06048276647925377,7,,,,,,,,
,1255,,,,,7,0.38198548555374146,2.7459940910339355,0.01009715162217617,0.09728889912366867,,,,
,1255,,,,,7,,,,,0.4018300175666809,2.847602605819702,0.012047582305967808,0.10502221435308456
5e-05,1299,,,,,,,,,,,,,
,1299,0.41197407245635986,3.138151168823242,0.03347935900092125,0.06467956304550171,8,,,,,,,,
5e-05,1349,,,,,,,,,,,,,
,1349,0.34671518206596375,2.2322895526885986,0.007850335910916328,0.11563587933778763,8,,,,,,,,
5e-05,1399,,,,,,,,,,,,,
,1399,0.5792725086212158,4.4997053146362305,0.008657005615532398,0.12064500153064728,8,,,,,,,,
,1412,,,,,8,0.39846912026405334,2.8303592205047607,0.009780708700418472,0.10565248876810074,,,,
,1412,,,,,8,,,,,0.38930976390838623,2.73886775970459,0.011318053118884563,0.10410505533218384
5e-05,1449,,,,,,,,,,,,,
,1449,0.35921967029571533,2.31923508644104,0.004659286700189114,0.12263688445091248,9,,,,,,,,
5e-05,1499,,,,,,,,,,,,,
,1499,0.5132584571838379,4.003696441650391,0.00965414009988308,0.10323466360569,9,,,,,,,,
5e-05,1549,,,,,,,,,,,,,
,1549,0.44366464018821716,3.62800931930542,0.005774820223450661,0.07508890330791473,9,,,,,,,,
,1569,,,,,9,0.41086545586586,2.936660051345825,0.01106895599514246,0.10613055527210236,,,,
,1569,,,,,9,,,,,0.39938631653785706,2.8458030223846436,0.01085450779646635,0.10395155102014542
5e-05,1599,,,,,,,,,,,,,
,1599,0.4271683394908905,3.1311769485473633,0.008611710742115974,0.1054389625787735,10,,,,,,,,
5e-05,1649,,,,,,,,,,,,,
,1649,0.34546130895614624,2.0939981937408447,0.018207944929599762,0.11785353720188141,10,,,,,,,,
5e-05,1699,,,,,,,,,,,,,
,1699,0.36658185720443726,2.192884922027588,0.0028405943885445595,0.1444527804851532,10,,,,,,,,
,1726,,,,,10,0.41030997037887573,2.9334046840667725,0.012219533324241638,0.10475000739097595,,,,
,1726,,,,,10,,,,,0.38840022683143616,2.758179187774658,0.011134395375847816,0.10144775360822678
5e-05,1749,,,,,,,,,,,,,
,1749,0.47761815786361694,3.71793270111084,0.008091853000223637,0.0977330133318901,11,,,,,,,,
5e-05,1799,,,,,,,,,,,,,
,1799,0.4622887372970581,3.424604892730713,0.008706707507371902,0.11112155020236969,11,,,,,,,,
5e-05,1849,,,,,,,,,,,,,
,1849,0.40334394574165344,2.9064536094665527,0.009773454628884792,0.10292511433362961,11,,,,,,,,
,1883,,,,,11,0.39507800340652466,2.7936601638793945,0.009963423945009708,0.10574854910373688,,,,
,1883,,,,,11,,,,,0.40312284231185913,2.9213807582855225,0.010569439269602299,0.10041531920433044
5e-05,1899,,,,,,,,,,,,,
,1899,0.4894441068172455,3.9314637184143066,0.037608109414577484,0.058689624071121216,12,,,,,,,,
5e-05,1949,,,,,,,,,,,,,
,1949,0.40209394693374634,3.0807244777679443,0.018247943371534348,0.07577352970838547,12,,,,,,,,
5e-05,1999,,,,,,,,,,,,,
,1999,0.5069983005523682,4.003543376922607,0.008116379380226135,0.09852756559848785,12,,,,,,,,
,2040,,,,,12,0.4056353271007538,2.8049979209899902,0.012145373970270157,0.11299016326665878,,,,
,2040,,,,,12,,,,,0.40066179633140564,2.896806240081787,0.010450160130858421,0.10053104162216187
5e-05,2049,,,,,,,,,,,,,
,2049,0.3376774191856384,2.2139508724212646,0.006091773975640535,0.11019058525562286,13,,,,,,,,
5e-05,2099,,,,,,,,,,,,,
,2099,0.3641977906227112,2.732481002807617,0.010984714142978191,0.07996495068073273,13,,,,,,,,
5e-05,2149,,,,,,,,,,,,,
,2149,0.46128445863723755,3.688042402267456,0.004200756549835205,0.08827944099903107,13,,,,,,,,
,2197,,,,,13,0.405204713344574,2.8719193935394287,0.010510887019336224,0.10750181972980499,,,,
,2197,,,,,13,,,,,0.3991197347640991,2.876307725906372,0.011456593871116638,0.10003224015235901
5e-05,2199,,,,,,,,,,,,,
,2199,0.32974186539649963,2.101383686065674,0.008231371641159058,0.11137209832668304,14,,,,,,,,
5e-05,2249,,,,,,,,,,,,,
,2249,0.275968074798584,1.5854920148849487,0.005369169171899557,0.11204972863197327,14,,,,,,,,
5e-05,2299,,,,,,,,,,,,,
,2299,0.24719735980033875,1.575921654701233,0.006280302070081234,0.08332488685846329,14,,,,,,,,
5e-05,2349,,,,,,,,,,,,,
,2349,0.4675481617450714,3.2615866661071777,0.004565776325762272,0.13682371377944946,14,,,,,,,,
,2354,,,,,14,0.4151671528816223,3.021205186843872,0.011298497207462788,0.10174819827079773,,,,
,2354,,,,,14,,,,,0.4003705680370331,2.861849069595337,0.011367648839950562,0.102818064391613
5e-05,2399,,,,,,,,,,,,,
,2399,0.35057830810546875,2.3294639587402344,0.005589761771261692,0.1120421513915062,15,,,,,,,,
5e-05,2449,,,,,,,,,,,,,
,2449,0.38581693172454834,2.556147575378418,0.009499946609139442,0.12070219963788986,15,,,,,,,,
5e-05,2499,,,,,,,,,,,,,
,2499,0.32689177989959717,2.1242408752441406,0.005633313674479723,0.10883437842130661,15,,,,,,,,
,2511,,,,,15,0.40357711911201477,2.9370276927948,0.00970411952584982,0.1001703143119812,,,,
,2511,,,,,15,,,,,0.3932209610939026,2.8171608448028564,0.01032340433448553,0.10118143260478973
5e-05,2549,,,,,,,,,,,,,
,2549,0.43742287158966064,2.978604555130005,0.0046843914315104485,0.134878009557724,16,,,,,,,,
5e-05,2599,,,,,,,,,,,,,
,2599,0.4063536524772644,3.084197998046875,0.009930494241416454,0.08800338208675385,16,,,,,,,,
5e-05,2649,,,,,,,,,,,,,
,2649,0.5853581428527832,4.615280628204346,0.010948716662824154,0.11288133263587952,16,,,,,,,,
,2668,,,,,16,0.40590763092041016,2.9278221130371094,0.011593871749937534,0.10153163969516754,,,,
,2668,,,,,16,,,,,0.3968261778354645,2.835092306137085,0.011616410687565804,0.10170058906078339
5e-05,2699,,,,,,,,,,,,,
,2699,0.3186444044113159,2.1448302268981934,0.008764122612774372,0.09539724886417389,17,,,,,,,,
5e-05,2749,,,,,,,,,,,,,
,2749,0.39491429924964905,3.24050235748291,0.006227137055248022,0.06463693082332611,17,,,,,,,,
5e-05,2799,,,,,,,,,,,,,
,2799,0.3079553544521332,2.1187562942504883,0.014546244405210018,0.08153347671031952,17,,,,,,,,
,2825,,,,,17,0.3945152163505554,2.789783477783203,0.015001730062067509,0.10053515434265137,,,,
,2825,,,,,17,,,,,0.3924512565135956,2.812105417251587,0.010411949828267097,0.10082870721817017
5e-05,2849,,,,,,,,,,,,,
,2849,0.4701496958732605,3.5710036754608154,0.007922554388642311,0.1051267459988594,18,,,,,,,,
5e-05,2899,,,,,,,,,,,,,
,2899,0.35237741470336914,2.6968297958374023,0.008279955014586449,0.07441446930170059,18,,,,,,,,
5e-05,2949,,,,,,,,,,,,,
,2949,0.4136233627796173,2.6620402336120605,0.0236661359667778,0.12375320494174957,18,,,,,,,,
,2982,,,,,18,0.3886632025241852,2.772054672241211,0.010583278723061085,0.10087453573942184,,,,
,2982,,,,,18,,,,,0.3929246962070465,2.7828168869018555,0.010872452519834042,0.10377070307731628
5e-05,2999,,,,,,,,,,,,,
,2999,0.44014135003089905,3.2408275604248047,0.007037109695374966,0.10902146250009537,19,,,,,,,,
5e-05,3049,,,,,,,,,,,,,
,3049,0.36090177297592163,2.370391368865967,0.00423151720315218,0.1196310818195343,19,,,,,,,,
5e-05,3099,,,,,,,,,,,,,
,3099,0.37287819385528564,2.6701555252075195,0.010334966704249382,0.09552764147520065,19,,,,,,,,
,3139,,,,,19,0.4276593029499054,3.0904297828674316,0.013707540929317474,0.10490889847278595,,,,
,3139,,,,,19,,,,,0.3943464159965515,2.783334493637085,0.01294609997421503,0.10306678712368011
5e-05,3149,,,,,,,,,,,,,
,3149,0.33062100410461426,2.3709936141967773,0.01182804349809885,0.0816936120390892,20,,,,,,,,
5e-05,3199,,,,,,,,,,,,,
,3199,0.4165568947792053,2.6974611282348633,0.011709082871675491,0.13510167598724365,20,,,,,,,,
5e-05,3249,,,,,,,,,,,,,
,3249,0.40280377864837646,2.6912753582000732,0.009718443267047405,0.1239577904343605,20,,,,,,,,
,3296,,,,,20,0.3956257998943329,2.837151288986206,0.012328705750405788,0.09958188980817795,,,,
,3296,,,,,20,,,,,0.3979167342185974,2.8679423332214355,0.010340385138988495,0.10078206658363342
5e-05,3299,,,,,,,,,,,,,
,3299,0.41324180364608765,3.2939980030059814,0.007383940741419792,0.07645805180072784,21,,,,,,,,
5e-05,3349,,,,,,,,,,,,,
,3349,0.29664450883865356,2.1374754905700684,0.007094173692166805,0.0758027657866478,21,,,,,,,,
5e-05,3399,,,,,,,,,,,,,
,3399,0.46183282136917114,3.5162200927734375,0.01384275034070015,0.09636807441711426,21,,,,,,,,
5e-05,3449,,,,,,,,,,,,,
,3449,0.3658863306045532,2.758354663848877,0.028347622603178024,0.06170322373509407,21,,,,,,,,
,3453,,,,,21,0.4154031276702881,2.9860305786132812,0.010495005175471306,0.10630510002374649,,,,
,3453,,,,,21,,,,,0.3808456063270569,2.6985878944396973,0.011665466241538525,0.0993214026093483
5e-05,3499,,,,,,,,,,,,,
,3499,0.45837193727493286,3.3430676460266113,0.027448467910289764,0.09661669284105301,22,,,,,,,,
5e-05,3549,,,,,,,,,,,,,
,3549,0.4148375391960144,2.731475830078125,0.006353818345814943,0.13533616065979004,22,,,,,,,,
5e-05,3599,,,,,,,,,,,,,
,3599,0.3425607681274414,2.4490621089935303,0.00910256803035736,0.08855195343494415,22,,,,,,,,
,3610,,,,,22,0.3991629481315613,2.8410158157348633,0.009701253846287727,0.10536010563373566,,,,
,3610,,,,,22,,,,,0.38778066635131836,2.7950899600982666,0.009620856493711472,0.09865088760852814
5e-05,3649,,,,,,,,,,,,,
,3649,0.3560466766357422,2.0577380657196045,0.04294155165553093,0.10733133554458618,23,,,,,,,,
5e-05,3699,,,,,,,,,,,,,
,3699,0.4576103091239929,3.3994526863098145,0.021905235946178436,0.09575983881950378,23,,,,,,,,
5e-05,3749,,,,,,,,,,,,,
,3749,0.390768438577652,2.8898563385009766,0.0044279200956225395,0.09735489636659622,23,,,,,,,,
,3767,,,,,23,0.3860243558883667,2.6647772789001465,0.01108445506542921,0.1084621325135231,,,,
,3767,,,,,23,,,,,0.39802172780036926,2.849424362182617,0.011183197610080242,0.10189599543809891
5e-05,3799,,,,,,,,,,,,,
,3799,0.445151150226593,3.4638352394104004,0.006291002035140991,0.09247660636901855,24,,,,,,,,
5e-05,3849,,,,,,,,,,,,,
,3849,0.4133206009864807,3.368009090423584,0.008811462670564651,0.06770823150873184,24,,,,,,,,
5e-05,3899,,,,,,,,,,,,,
,3899,0.2692168653011322,1.9287866353988647,0.004720531404018402,0.07161767780780792,24,,,,,,,,
,3924,,,,,24,0.39354363083839417,2.772919178009033,0.013370963744819164,0.10288073867559433,,,,
,3924,,,,,24,,,,,0.38412007689476013,2.7756576538085938,0.01084177102893591,0.09571239352226257
5e-05,3949,,,,,,,,,,,,,
,3949,0.35210689902305603,2.6209819316864014,0.005732025019824505,0.08427663892507553,25,,,,,,,,
5e-05,3999,,,,,,,,,,,,,
,3999,0.5099705457687378,4.034388542175293,0.008090974763035774,0.09844070672988892,25,,,,,,,,
5e-05,4049,,,,,,,,,,,,,
,4049,0.41890019178390503,3.2328884601593018,0.011134384199976921,0.08447693288326263,25,,,,,,,,
,4081,,,,,25,0.4260958135128021,2.997075080871582,0.020340286195278168,0.10604801028966904,,,,
,4081,,,,,25,,,,,0.38876721262931824,2.7680585384368896,0.012091031298041344,0.09987030923366547
5e-05,4099,,,,,,,,,,,,,
,4099,0.443220317363739,3.2110955715179443,0.004195643588900566,0.11791513115167618,26,,,,,,,,
5e-05,4149,,,,,,,,,,,,,
,4149,0.6012711524963379,4.845822334289551,0.009749025106430054,0.10693981498479843,26,,,,,,,,
5e-05,4199,,,,,,,,,,,,,
,4199,0.4149996042251587,3.0387651920318604,0.010189964435994625,0.10093309730291367,26,,,,,,,,
,4238,,,,,26,0.3918081521987915,2.739884614944458,0.011875297874212265,0.1059444323182106,,,,
,4238,,,,,26,,,,,0.3947286605834961,2.855414390563965,0.010113325901329517,0.0990738496184349
5e-05,4249,,,,,,,,,,,,,
,4249,0.3907383680343628,2.9393041133880615,0.02602412737905979,0.0707838162779808,27,,,,,,,,
5e-05,4299,,,,,,,,,,,,,
,4299,0.2743741273880005,2.023186683654785,0.008162661455571651,0.06389281153678894,27,,,,,,,,
5e-05,4349,,,,,,,,,,,,,
,4349,0.31962352991104126,2.3969781398773193,0.008787471801042557,0.07113827764987946,27,,,,,,,,
,4395,,,,,27,0.41933783888816833,3.0402238368988037,0.012522287666797638,0.1027931272983551,,,,
,4395,,,,,27,,,,,0.3801751732826233,2.723684787750244,0.010554362088441849,0.09725217521190643
5e-05,4399,,,,,,,,,,,,,
,4399,0.45557209849357605,3.4610233306884766,0.041498810052871704,0.06797093898057938,28,,,,,,,,
5e-05,4449,,,,,,,,,,,,,
,4449,0.41063523292541504,2.74480938911438,0.009897470474243164,0.1262568086385727,28,,,,,,,,
5e-05,4499,,,,,,,,,,,,,
,4499,0.4001990854740143,3.103107452392578,0.003277020761743188,0.0866113230586052,28,,,,,,,,
5e-05,4549,,,,,,,,,,,,,
,4549,0.5272303819656372,4.052111625671387,0.020292174071073532,0.10172703862190247,28,,,,,,,,
,4552,,,,,28,0.39812734723091125,2.8246753215789795,0.011695104651153088,0.10396470874547958,,,,
,4552,,,,,28,,,,,0.38235363364219666,2.7376763820648193,0.010035966522991657,0.09855007380247116
5e-05,4599,,,,,,,,,,,,,
,4599,0.33328700065612793,2.318582534790039,0.007897766306996346,0.09353098273277283,29,,,,,,,,
5e-05,4649,,,,,,,,,,,,,
,4649,0.453265905380249,3.1951475143432617,0.007416347973048687,0.1263348013162613,29,,,,,,,,
5e-05,4699,,,,,,,,,,,,,
,4699,0.47138115763664246,3.827272891998291,0.01616746187210083,0.07248637825250626,29,,,,,,,,
,4709,,,,,29,0.4201016426086426,3.0581724643707275,0.012566684745252132,0.10171771794557571,,,,
,4709,,,,,29,,,,,0.3961227238178253,2.8379173278808594,0.012302357703447342,0.10002877563238144
5e-05,4749,,,,,,,,,,,,,
,4749,0.3000754714012146,1.8459150791168213,0.008256160654127598,0.10722781717777252,30,,,,,,,,
5e-05,4799,,,,,,,,,,,,,
,4799,0.55168616771698,4.588305473327637,0.02052813023328781,0.07232747972011566,30,,,,,,,,
5e-05,4849,,,,,,,,,,,,,
,4849,0.4140300750732422,3.252086639404297,0.014506478793919086,0.07431494444608688,30,,,,,,,,
,4866,,,,,30,0.40745800733566284,2.9393908977508545,0.016339655965566635,0.0971793383359909,,,,
,4866,,,,,30,,,,,0.3802093267440796,2.694136619567871,0.01232402678579092,0.09847160428762436
5e-05,4899,,,,,,,,,,,,,
,4899,0.461323082447052,3.399683952331543,0.012655850499868393,0.10869880020618439,31,,,,,,,,
5e-05,4949,,,,,,,,,,,,,
,4949,0.4303884506225586,2.9200830459594727,0.004317650105804205,0.1340624988079071,31,,,,,,,,
5e-05,4999,,,,,,,,,,,,,
,4999,0.3576809763908386,2.5504939556121826,0.0035035181790590286,0.09912807494401932,31,,,,,,,,
,5023,,,,,31,0.3894689083099365,2.818519115447998,0.007694330532103777,0.09992257505655289,,,,
,5023,,,,,31,,,,,0.3906887471675873,2.7814834117889404,0.010623913258314133,0.10191643983125687
5e-05,5049,,,,,,,,,,,,,
,5049,0.39682507514953613,2.744863748550415,0.013822765089571476,0.10851593315601349,32,,,,,,,,
5e-05,5099,,,,,,,,,,,,,
,5099,0.4691391885280609,3.571342945098877,0.007972135208547115,0.1040327399969101,32,,,,,,,,
5e-05,5149,,,,,,,,,,,,,
,5149,0.5006930828094482,3.9864463806152344,0.004205997567623854,0.09784248471260071,32,,,,,,,,
,5180,,,,,32,0.39159196615219116,2.779754638671875,0.01021456066519022,0.10340201109647751,,,,
,5180,,,,,32,,,,,0.3806106150150299,2.7176759243011475,0.010432770475745201,0.09841033816337585
5e-05,5199,,,,,,,,,,,,,
,5199,0.4896785318851471,3.9754254817962646,0.015356971882283688,0.07677903771400452,33,,,,,,,,
5e-05,5249,,,,,,,,,,,,,
,5249,0.4219842553138733,3.0474071502685547,0.00696412893012166,0.11027942597866058,33,,,,,,,,
5e-05,5299,,,,,,,,,,,,,
,5299,0.3687790036201477,2.6853580474853516,0.009102871641516685,0.09114032983779907,33,,,,,,,,
,5337,,,,,33,0.3962872326374054,2.783285140991211,0.010557367466390133,0.10740137845277786,,,,
,5337,,,,,33,,,,,0.3833441734313965,2.749969959259033,0.010306335054337978,0.09804090112447739
5e-05,5349,,,,,,,,,,,,,
,5349,0.4369591474533081,3.3687140941619873,0.00780477374792099,0.09228293597698212,34,,,,,,,,
5e-05,5399,,,,,,,,,,,,,
,5399,0.3642053008079529,2.4630770683288574,0.004426713101565838,0.11347085237503052,34,,,,,,,,
5e-05,5449,,,,,,,,,,,,,
,5449,0.4020422101020813,2.6025524139404297,0.011389488354325294,0.13039743900299072,34,,,,,,,,
,5494,,,,,34,0.4076710045337677,2.926983594894409,0.013801643624901772,0.10117099434137344,,,,
,5494,,,,,34,,,,,0.37745147943496704,2.6924068927764893,0.010862977243959904,0.09734780341386795
5e-05,5499,,,,,,,,,,,,,
,5499,0.26182782649993896,1.3742773532867432,0.008940674364566803,0.11545941233634949,35,,,,,,,,
5e-05,5549,,,,,,,,,,,,,
,5549,0.5085543394088745,3.4345788955688477,0.014170723967254162,0.15092569589614868,35,,,,,,,,
5e-05,5599,,,,,,,,,,,,,
,5599,0.2852102220058441,1.9642517566680908,0.004024895839393139,0.0847601518034935,35,,,,,,,,
5e-05,5649,,,,,,,,,,,,,
,5649,0.39601123332977295,2.963533401489258,0.01065276749432087,0.08900512009859085,35,,,,,,,,
,5651,,,,,35,0.4135802686214447,2.933511972427368,0.014135942794382572,0.10609310120344162,,,,
,5651,,,,,35,,,,,0.3860897421836853,2.7730469703674316,0.010112558491528034,0.09867268055677414
5e-05,5699,,,,,,,,,,,,,
,5699,0.40221065282821655,2.815864086151123,0.010674795135855675,0.10994945466518402,36,,,,,,,,
5e-05,5749,,,,,,,,,,,,,
,5749,0.3541710376739502,2.315636157989502,0.011172154918313026,0.11143523454666138,36,,,,,,,,
5e-05,5799,,,,,,,,,,,,,
,5799,0.49303871393203735,4.1916303634643555,0.004372749477624893,0.06950297951698303,36,,,,,,,,
,5808,,,,,36,0.4060615599155426,2.842545986175537,0.014340952038764954,0.10746610164642334,,,,
,5808,,,,,36,,,,,0.39340701699256897,2.818941116333008,0.00954859796911478,0.10196447372436523
5e-05,5849,,,,,,,,,,,,,
,5849,0.44538450241088867,2.9041433334350586,0.006966560613363981,0.14800360798835754,37,,,,,,,,
5e-05,5899,,,,,,,,,,,,,
,5899,0.4003635048866272,2.8087401390075684,0.00747670466080308,0.11201278865337372,37,,,,,,,,
5e-05,5949,,,,,,,,,,,,,
,5949,0.371468186378479,2.3987653255462646,0.029051460325717926,0.10254020988941193,37,,,,,,,,
,5965,,,,,37,0.3883337378501892,2.752718210220337,0.013460434041917324,0.09960145503282547,,,,
,5965,,,,,37,,,,,0.39066141843795776,2.8272171020507812,0.009942946955561638,0.09799667447805405
5e-05,5999,,,,,,,,,,,,,
,5999,0.3941594362258911,2.778127431869507,0.008479624055325985,0.10786709189414978,38,,,,,,,,
5e-05,6049,,,,,,,,,,,,,
,6049,0.3044168949127197,2.160217523574829,0.004283564630895853,0.08411156386137009,38,,,,,,,,
5e-05,6099,,,,,,,,,,,,,
,6099,0.3664827346801758,2.6528947353363037,0.004854533821344376,0.09633871912956238,38,,,,,,,,
,6122,,,,,38,0.393442302942276,2.816307783126831,0.010534005239605904,0.10127758234739304,,,,
,6122,,,,,38,,,,,0.3942025899887085,2.8491692543029785,0.01028377190232277,0.09900201112031937
5e-05,6149,,,,,,,,,,,,,
,6149,0.4653623402118683,3.7651853561401367,0.008325853385031223,0.08051791787147522,39,,,,,,,,
5e-05,6199,,,,,,,,,,,,,
,6199,0.4351864755153656,2.812399387359619,0.013561916537582874,0.14038464426994324,39,,,,,,,,
5e-05,6249,,,,,,,,,,,,,
,6249,0.4168242812156677,2.9367308616638184,0.009658291935920715,0.11349287629127502,39,,,,,,,,
,6279,,,,,39,0.40491098165512085,2.867077589035034,0.010844895616173744,0.10735833644866943,,,,
,6279,,,,,39,,,,,0.3880411386489868,2.773902654647827,0.010959348641335964,0.09969157725572586
5e-05,6299,,,,,,,,,,,,,
,6299,0.31927525997161865,2.0618996620178223,0.004598233848810196,0.10848706215620041,40,,,,,,,,
5e-05,6349,,,,,,,,,,,,,
,6349,0.3699362576007843,2.527385711669922,0.009119272232055664,0.10807840526103973,40,,,,,,,,
5e-05,6399,,,,,,,,,,,,,
,6399,0.31693387031555176,2.0710039138793945,0.003775490913540125,0.10605797916650772,40,,,,,,,,
,6436,,,,,40,0.39815422892570496,2.8616838455200195,0.010648363269865513,0.1013375073671341,,,,
,6436,,,,,40,,,,,0.3728475570678711,2.6559817790985107,0.010329113341867924,0.09692026674747467
5e-05,6449,,,,,,,,,,,,,
,6449,0.33319324254989624,1.9068683385849,0.008945617824792862,0.13356079161167145,41,,,,,,,,
5e-05,6499,,,,,,,,,,,,,
,6499,0.33750399947166443,2.3034253120422363,0.00630711205303669,0.10085434466600418,41,,,,,,,,
5e-05,6549,,,,,,,,,,,,,
,6549,0.27199864387512207,1.8062653541564941,0.007856101728975773,0.08351600170135498,41,,,,,,,,
,6593,,,,,41,0.3981572389602661,2.8458080291748047,0.01448864210397005,0.09908781945705414,,,,
,6593,,,,,41,,,,,0.38716360926628113,2.786073923110962,0.01125727966427803,0.0972990021109581
5e-05,6599,,,,,,,,,,,,,
,6599,0.34079742431640625,2.431845188140869,0.00835975632071495,0.08925315737724304,42,,,,,,,,
5e-05,6649,,,,,,,,,,,,,
,6649,0.4202166497707367,3.150315284729004,0.005946176126599312,0.09923894703388214,42,,,,,,,,
5e-05,6699,,,,,,,,,,,,,
,6699,0.4263363480567932,3.1090312004089355,0.00957082025706768,0.10586240887641907,42,,,,,,,,
5e-05,6749,,,,,,,,,,,,,
,6749,0.3975238502025604,2.704002618789673,0.006617167964577675,0.12050637602806091,42,,,,,,,,
,6750,,,,,42,0.41066616773605347,2.969714879989624,0.015019253827631474,0.09867547452449799,,,,
,6750,,,,,42,,,,,0.3742711544036865,2.6456308364868164,0.010478775948286057,0.09922926127910614
5e-05,6799,,,,,,,,,,,,,
,6799,0.3703819513320923,2.9342501163482666,0.006420073099434376,0.07053688168525696,43,,,,,,,,
5e-05,6849,,,,,,,,,,,,,
,6849,0.5845208168029785,4.893519401550293,0.007815363816916943,0.08735351264476776,43,,,,,,,,
5e-05,6899,,,,,,,,,,,,,
,6899,0.27071017026901245,1.3313120603561401,0.007645857520401478,0.12993308901786804,43,,,,,,,,
,6907,,,,,43,0.39820635318756104,2.8865749835968018,0.012289340607821941,0.097259521484375,,,,
,6907,,,,,43,,,,,0.3909464478492737,2.839852809906006,0.009479583241045475,0.09748147428035736
5e-05,6949,,,,,,,,,,,,,
,6949,0.3596963882446289,2.268526077270508,0.006369113922119141,0.12647466361522675,44,,,,,,,,
5e-05,6999,,,,,,,,,,,,,
,6999,0.4143785238265991,2.939488172531128,0.004404574166983366,0.11602512001991272,44,,,,,,,,
5e-05,7049,,,,,,,,,,,,,
,7049,0.3401561975479126,2.7292261123657227,0.013535536825656891,0.053698018193244934,44,,,,,,,,
,7064,,,,,44,0.38602495193481445,2.7530322074890137,0.009195537306368351,0.1015261709690094,,,,
,7064,,,,,44,,,,,0.3748343884944916,2.651702404022217,0.009849349036812782,0.09981480985879898
5e-05,7099,,,,,,,,,,,,,
,7099,0.5565820336341858,4.3718109130859375,0.011772090569138527,0.10762884467840195,45,,,,,,,,
5e-05,7149,,,,,,,,,,,,,
,7149,0.3864731788635254,2.8352222442626953,0.006955015938729048,0.0959959551692009,45,,,,,,,,
5e-05,7199,,,,,,,,,,,,,
,7199,0.33294591307640076,2.312440872192383,0.014191512949764729,0.08751032501459122,45,,,,,,,,
,7221,,,,,45,0.3865308463573456,2.749802350997925,0.011058183386921883,0.1004924401640892,,,,
,7221,,,,,45,,,,,0.3829028010368347,2.739290952682495,0.010460165329277515,0.09851358830928802
5e-05,7249,,,,,,,,,,,,,
,7249,0.45328664779663086,3.63834285736084,0.006733463145792484,0.08271889388561249,46,,,,,,,,
5e-05,7299,,,,,,,,,,,,,
,7299,0.6275526285171509,5.2065958976745605,0.007761317305266857,0.09913171827793121,46,,,,,,,,
5e-05,7349,,,,,,,,,,,,,
,7349,0.3101091682910919,2.203763961791992,0.005838027689605951,0.08389472961425781,46,,,,,,,,
,7378,,,,,46,0.40037569403648376,2.864762306213379,0.012833919376134872,0.10106561332941055,,,,
,7378,,,,,46,,,,,0.38345375657081604,2.731001853942871,0.01108638010919094,0.09926726669073105
5e-05,7399,,,,,,,,,,,,,
,7399,0.32289546728134155,2.2039170265197754,0.011453215032815933,0.09105054289102554,47,,,,,,,,
5e-05,7449,,,,,,,,,,,,,
,7449,0.37700051069259644,2.1977086067199707,0.005079875700175762,0.1521497517824173,47,,,,,,,,
5e-05,7499,,,,,,,,,,,,,
,7499,0.41729971766471863,2.9756107330322266,0.025329886004328728,0.09440876543521881,47,,,,,,,,
,7535,,,,,47,0.3964464068412781,2.8817286491394043,0.01059937197715044,0.09767415374517441,,,,
,7535,,,,,47,,,,,0.3919210433959961,2.822455406188965,0.010748976841568947,0.0989266186952591
5e-05,7549,,,,,,,,,,,,,
,7549,0.3764149248600006,3.0540177822113037,0.011614743620157242,0.05939837545156479,48,,,,,,,,
5e-05,7599,,,,,,,,,,,,,
,7599,0.3681004047393799,2.811357021331787,0.006952539086341858,0.08001220226287842,48,,,,,,,,
5e-05,7649,,,,,,,,,,,,,
,7649,0.32714951038360596,2.3543734550476074,0.011101335287094116,0.08061080425977707,48,,,,,,,,
,7692,,,,,48,0.3962070941925049,2.786475658416748,0.01097585167735815,0.1065836250782013,,,,
,7692,,,,,48,,,,,0.3942001461982727,2.838977336883545,0.011529686860740185,0.09877276420593262
5e-05,7699,,,,,,,,,,,,,
,7699,0.3943091630935669,3.0353052616119385,0.007422873750329018,0.08335576206445694,49,,,,,,,,
5e-05,7749,,,,,,,,,,,,,
,7749,0.43217551708221436,3.0857720375061035,0.04591285437345505,0.07768542319536209,49,,,,,,,,
5e-05,7799,,,,,,,,,,,,,
,7799,0.3853543996810913,2.51647686958313,0.009768158197402954,0.12393856048583984,49,,,,,,,,
5e-05,7849,,,,,,,,,,,,,
,7849,0.5858618021011353,5.263681888580322,0.013009732589125633,0.04648387432098389,49,,,,,,,,
,7849,,,,,49,0.3931717574596405,2.7632992267608643,0.015953244641423225,0.10088854283094406,,,,
,7849,,,,,49,,,,,0.38049471378326416,2.727813243865967,0.010599781759083271,0.09711358696222305
5e-05,7899,,,,,,,,,,,,,
,7899,0.3956671953201294,2.3050904273986816,0.006970414891839027,0.15818771719932556,50,,,,,,,,
5e-05,7949,,,,,,,,,,,,,
,7949,0.36353200674057007,2.773725748062134,0.004884179215878248,0.08127524703741074,50,,,,,,,,
5e-05,7999,,,,,,,,,,,,,
,7999,0.21730834245681763,1.1407854557037354,0.01649671606719494,0.08673308044672012,50,,,,,,,,
,8006,,,,,50,0.3975071609020233,2.8410260677337646,0.01129730325192213,0.10210730880498886,,,,
,8006,,,,,50,,,,,0.3777100145816803,2.707773447036743,0.010200439020991325,0.09673197567462921
5e-05,8049,,,,,,,,,,,,,
,8049,0.32570356130599976,2.7034566402435303,0.004773281514644623,0.05058460682630539,51,,,,,,,,
5e-05,8099,,,,,,,,,,,,,
,8099,0.36537492275238037,2.3400988578796387,0.0076515451073646545,0.12371348589658737,51,,,,,,,,
5e-05,8149,,,,,,,,,,,,,
,8149,0.42718255519866943,3.169231414794922,0.01010311022400856,0.10015633702278137,51,,,,,,,,
,8163,,,,,51,0.38523998856544495,2.68904709815979,0.012896813452243805,0.10343851149082184,,,,
,8163,,,,,51,,,,,0.38722318410873413,2.787513256072998,0.009192847646772861,0.099279023706913
5e-05,8199,,,,,,,,,,,,,
,8199,0.39580363035202026,2.3419601917266846,0.005431669298559427,0.1561759114265442,52,,,,,,,,
5e-05,8249,,,,,,,,,,,,,
,8249,0.38408607244491577,2.881181240081787,0.0058771781623363495,0.09009076654911041,52,,,,,,,,
5e-05,8299,,,,,,,,,,,,,
,8299,0.32170283794403076,2.1749632358551025,0.0057883355766534805,0.09841816127300262,52,,,,,,,,
,8320,,,,,52,0.38963019847869873,2.787363290786743,0.009335475973784924,0.10155832767486572,,,,
,8320,,,,,52,,,,,0.3860544264316559,2.7509875297546387,0.011537380516529083,0.09941829741001129
5e-05,8349,,,,,,,,,,,,,
,8349,0.3854537904262543,2.580150604248047,0.007996506057679653,0.11944221705198288,53,,,,,,,,
5e-05,8399,,,,,,,,,,,,,
,8399,0.40198373794555664,2.757497787475586,0.01993502862751484,0.10629895329475403,53,,,,,,,,
5e-05,8449,,,,,,,,,,,,,
,8449,0.37098103761672974,2.61759614944458,0.0043749683536589146,0.10484649986028671,53,,,,,,,,
,8477,,,,,53,0.40480804443359375,2.814985752105713,0.0105543602257967,0.11275506764650345,,,,
,8477,,,,,53,,,,,0.39629819989204407,2.8432540893554688,0.00989348255097866,0.10207932442426682
5e-05,8499,,,,,,,,,,,,,
,8499,0.4879341423511505,3.547170639038086,0.009954524226486683,0.12326253205537796,54,,,,,,,,
5e-05,8549,,,,,,,,,,,,,
,8549,0.3354135751724243,2.735971212387085,0.004617009777575731,0.057199425995349884,54,,,,,,,,
5e-05,8599,,,,,,,,,,,,,
,8599,0.3971780240535736,2.865902900695801,0.007190178148448467,0.10339754074811935,54,,,,,,,,
,8634,,,,,54,0.3937273919582367,2.814105987548828,0.011972595937550068,0.1003442257642746,,,,
,8634,,,,,54,,,,,0.3730611503124237,2.666576385498047,0.009787481278181076,0.09661604464054108
5e-05,8649,,,,,,,,,,,,,
,8649,0.3774362802505493,2.9548521041870117,0.007115816697478294,0.07483525574207306,55,,,,,,,,
5e-05,8699,,,,,,,,,,,,,
,8699,0.48588114976882935,3.1442954540252686,0.06603559106588364,0.10541601479053497,55,,,,,,,,
5e-05,8749,,,,,,,,,,,,,
,8749,0.45278289914131165,3.550476551055908,0.01753687672317028,0.08019834011793137,55,,,,,,,,
,8791,,,,,55,0.40989211201667786,2.953278064727783,0.011713244952261448,0.10285110771656036,,,,
,8791,,,,,55,,,,,0.37955012917518616,2.7072787284851074,0.010511421598494053,0.09831079095602036
5e-05,8799,,,,,,,,,,,,,
,8799,0.3988294005393982,2.8473992347717285,0.011990508064627647,0.1020989716053009,56,,,,,,,,
5e-05,8849,,,,,,,,,,,,,
,8849,0.3846461772918701,2.841104507446289,0.003243607236072421,0.09729214757680893,56,,,,,,,,
5e-05,8899,,,,,,,,,,,,,
,8899,0.2941834330558777,1.605746865272522,0.008404022082686424,0.12520471215248108,56,,,,,,,,
,8948,,,,,56,0.3826574981212616,2.722299814224243,0.008100315928459167,0.10232722014188766,,,,
,8948,,,,,56,,,,,0.37999704480171204,2.7056703567504883,0.010071993805468082,0.09935808181762695
5e-05,8949,,,,,,,,,,,,,
,8949,0.4101865589618683,3.2422995567321777,0.00955312792211771,0.07640346884727478,57,,,,,,,,
5e-05,8999,,,,,,,,,,,,,
,8999,0.3481120467185974,2.343940258026123,0.011927606537938118,0.1017904207110405,57,,,,,,,,
5e-05,9049,,,,,,,,,,,,,
,9049,0.3385266661643982,2.3347713947296143,0.007165831513702869,0.09788370132446289,57,,,,,,,,
5e-05,9099,,,,,,,,,,,,,
,9099,0.36570310592651367,2.693363666534424,0.016244616359472275,0.08012212067842484,57,,,,,,,,
,9105,,,,,57,0.40993329882621765,2.9641923904418945,0.013522089459002018,0.09999197721481323,,,,
,9105,,,,,57,,,,,0.37913060188293457,2.714855909347534,0.01079205796122551,0.0968528538942337
5e-05,9149,,,,,,,,,,,,,
,9149,0.40322744846343994,2.596891403198242,0.015046924352645874,0.1284913718700409,58,,,,,,,,
5e-05,9199,,,,,,,,,,,,,
,9199,0.3794439435005188,2.366020917892456,0.006899031810462475,0.13594284653663635,58,,,,,,,,
5e-05,9249,,,,,,,,,,,,,
,9249,0.4801601767539978,3.8395042419433594,0.007204589433968067,0.08900514245033264,58,,,,,,,,
,9262,,,,,58,0.41372913122177124,2.9267804622650146,0.01203047577291727,0.10902062058448792,,,,
,9262,,,,,58,,,,,0.3920525908470154,2.8358893394470215,0.010801790282130241,0.09766185283660889
5e-05,9299,,,,,,,,,,,,,
,9299,0.3566173315048218,2.4693870544433594,0.006984624080359936,0.10269399732351303,59,,,,,,,,
5e-05,9349,,,,,,,,,,,,,
,9349,0.39045047760009766,2.9606752395629883,0.008365143090486526,0.08601783961057663,59,,,,,,,,
5e-05,9399,,,,,,,,,,,,,
,9399,0.348888635635376,2.104673385620117,0.009830531664192677,0.12859076261520386,59,,,,,,,,
,9419,,,,,59,0.3968430459499359,2.844536066055298,0.013627368956804276,0.09876208007335663,,,,
,9419,,,,,59,,,,,0.38581085205078125,2.7459592819213867,0.010867303237318993,0.10034764558076859
5e-05,9449,,,,,,,,,,,,,
,9449,0.36948177218437195,2.555518388748169,0.02360045537352562,0.09032949805259705,60,,,,,,,,
5e-05,9499,,,,,,,,,,,,,
,9499,0.4256637990474701,2.813617467880249,0.004558370914310217,0.1397436559200287,60,,,,,,,,
5e-05,9549,,,,,,,,,,,,,
,9549,0.3228699862957001,2.210278034210205,0.009953552857041359,0.09188862144947052,60,,,,,,,,
,9576,,,,,60,0.40503042936325073,2.9501686096191406,0.012592777609825134,0.09742072969675064,,,,
,9576,,,,,60,,,,,0.3836197257041931,2.7532684803009033,0.010263694450259209,0.09802920371294022
5e-05,9599,,,,,,,,,,,,,
,9599,0.4019535779953003,3.107387065887451,0.005499448627233505,0.0857154056429863,61,,,,,,,,
5e-05,9649,,,,,,,,,,,,,
,9649,0.4770677983760834,3.8943958282470703,0.007976710796356201,0.07965149730443954,61,,,,,,,,
5e-05,9699,,,,,,,,,,,,,
,9699,0.27265477180480957,2.00469970703125,0.004460472613573074,0.06772434711456299,61,,,,,,,,
,9733,,,,,61,0.4180249869823456,3.002612352371216,0.01237401645630598,0.10538973659276962,,,,
,9733,,,,,61,,,,,0.37795543670654297,2.7156503200531006,0.009475722908973694,0.09691473096609116
5e-05,9749,,,,,,,,,,,,,
,9749,0.3073256015777588,2.0907094478607178,0.010045386850833893,0.08820929378271103,62,,,,,,,,
5e-05,9799,,,,,,,,,,,,,
,9799,0.286114364862442,2.058104991912842,0.006655668839812279,0.07364820688962936,62,,,,,,,,
5e-05,9849,,,,,,,,,,,,,
,9849,0.41728276014328003,3.365638494491577,0.004246419761329889,0.07647246867418289,62,,,,,,,,
,9890,,,,,62,0.40652501583099365,2.9573168754577637,0.011193426325917244,0.0995999276638031,,,,
,9890,,,,,62,,,,,0.37946954369544983,2.7163374423980713,0.009983143769204617,0.09785274416208267
5e-05,9899,,,,,,,,,,,,,
,9899,0.3265841007232666,2.2980728149414062,0.005937002599239349,0.09083983302116394,63,,,,,,,,
5e-05,9949,,,,,,,,,,,,,
,9949,0.5501600503921509,4.496974945068359,0.021786164492368698,0.07867640256881714,63,,,,,,,,
5e-05,9999,,,,,,,,,,,,,
,9999,0.3762950301170349,2.6463091373443604,0.007764733862131834,0.10389935225248337,63,,,,,,,,
,10047,,,,,63,0.37619298696517944,2.6831350326538086,0.010786961764097214,0.09709254652261734,,,,
,10047,,,,,63,,,,,0.37569481134414673,2.6845901012420654,0.010665114037692547,0.09657077491283417
5e-05,10049,,,,,,,,,,,,,
,10049,0.3001423478126526,2.2346267700195312,0.002116139978170395,0.07456352561712265,64,,,,,,,,
5e-05,10099,,,,,,,,,,,,,
,10099,0.37628984451293945,2.540804624557495,0.015215178951621056,0.10699419677257538,64,,,,,,,,
5e-05,10149,,,,,,,,,,,,,
,10149,0.30969542264938354,2.3336384296417236,0.007955212146043777,0.06837637722492218,64,,,,,,,,
5e-05,10199,,,,,,,,,,,,,
,10199,0.22704648971557617,1.3204317092895508,0.012716052122414112,0.0822872593998909,64,,,,,,,,
,10204,,,,,64,0.3816104233264923,2.719696521759033,0.010653884150087833,0.09898681938648224,,,,
,10204,,,,,64,,,,,0.3708495497703552,2.653823137283325,0.009570199064910412,0.09589704871177673
5e-05,10249,,,,,,,,,,,,,
,10249,0.44702357053756714,3.3116540908813477,0.008981369435787201,0.10687677562236786,65,,,,,,,,
5e-05,10299,,,,,,,,,,,,,
,10299,0.30417776107788086,1.7004789113998413,0.011225576512515545,0.12290430068969727,65,,,,,,,,
5e-05,10349,,,,,,,,,,,,,
,10349,0.3564329147338867,2.4698867797851562,0.005172142293304205,0.10427208244800568,65,,,,,,,,
,10361,,,,,65,0.42219847440719604,3.0745794773101807,0.010434536263346672,0.10430597513914108,,,,
,10361,,,,,65,,,,,0.37897253036499023,2.693233013153076,0.01012487430125475,0.0995243564248085
5e-05,10399,,,,,,,,,,,,,
,10399,0.4037742614746094,2.9115262031555176,0.0038654643576592207,0.1087561845779419,66,,,,,,,,
5e-05,10449,,,,,,,,,,,,,
,10449,0.3849610686302185,2.4278438091278076,0.003362242830917239,0.13881447911262512,66,,,,,,,,
5e-05,10499,,,,,,,,,,,,,
,10499,0.390224814414978,2.80584716796875,0.007478086277842522,0.10216198861598969,66,,,,,,,,
,10518,,,,,66,0.42910489439964294,3.153209924697876,0.017571600154042244,0.09621220827102661,,,,
,10518,,,,,66,,,,,0.3820120096206665,2.7506344318389893,0.010681791231036186,0.09626682847738266
5e-05,10549,,,,,,,,,,,,,
,10549,0.4359843134880066,2.9658846855163574,0.013358991593122482,0.1260368525981903,67,,,,,,,,
5e-05,10599,,,,,,,,,,,,,
,10599,0.32582929730415344,2.711682081222534,0.010412154719233513,0.04424893483519554,67,,,,,,,,
5e-05,10649,,,,,,,,,,,,,
,10649,0.44839200377464294,3.3917500972747803,0.003916251473128796,0.10530070960521698,67,,,,,,,,
,10675,,,,,67,0.3918384611606598,2.8027968406677246,0.0111739756539464,0.10038480907678604,,,,
,10675,,,,,67,,,,,0.3801026940345764,2.7313485145568848,0.01008390448987484,0.09688397496938705
5e-05,10699,,,,,,,,,,,,,
,10699,0.4303421974182129,3.0877866744995117,0.02573717013001442,0.09582635760307312,68,,,,,,,,
5e-05,10749,,,,,,,,,,,,,
,10749,0.22144731879234314,1.4994981288909912,0.007079376373440027,0.06441812217235565,68,,,,,,,,
5e-05,10799,,,,,,,,,,,,,
,10799,0.328155517578125,2.095327854156494,0.008510023355484009,0.11011269688606262,68,,,,,,,,
,10832,,,,,68,0.4084724485874176,2.913085699081421,0.01250278577208519,0.10466115176677704,,,,
,10832,,,,,68,,,,,0.38113605976104736,2.7435390949249268,0.009955319575965405,0.09682680666446686
5e-05,10849,,,,,,,,,,,,,
,10849,0.37570178508758545,3.105663776397705,0.00574025884270668,0.05939511954784393,69,,,,,,,,
5e-05,10899,,,,,,,,,,,,,
,10899,0.4358806312084198,3.030773639678955,0.03660726919770241,0.0961960032582283,69,,,,,,,,
5e-05,10949,,,,,,,,,,,,,
,10949,0.3877456784248352,3.155978202819824,0.004455190151929855,0.06769266724586487,69,,,,,,,,
,10989,,,,,69,0.4044538736343384,2.8430874347686768,0.013770697638392448,0.10637446492910385,,,,
,10989,,,,,69,,,,,0.38834288716316223,2.8203961849212646,0.010953794233500957,0.09534952789545059
5e-05,10999,,,,,,,,,,,,,
,10999,0.4526517391204834,2.8982043266296387,0.016190502792596817,0.1466408222913742,70,,,,,,,,
5e-05,11049,,,,,,,,,,,,,
,11049,0.42988595366477966,3.474179744720459,0.011256525292992592,0.07121145725250244,70,,,,,,,,
5e-05,11099,,,,,,,,,,,,,
,11099,0.27179470658302307,1.8212463855743408,0.0035960108507424593,0.08607405424118042,70,,,,,,,,
,11146,,,,,70,0.405336856842041,2.910019874572754,0.013341600075364113,0.10099330544471741,,,,
,11146,,,,,70,,,,,0.3791734576225281,2.736974000930786,0.009556084871292114,0.09591999650001526
5e-05,11149,,,,,,,,,,,,,
,11149,0.41124898195266724,3.2025532722473145,0.008952613919973373,0.08204103261232376,71,,,,,,,,
5e-05,11199,,,,,,,,,,,,,
,11199,0.5149478912353516,4.03218412399292,0.0052857547998428345,0.10644369572401047,71,,,,,,,,
5e-05,11249,,,,,,,,,,,,,
,11249,0.37318044900894165,2.5769858360290527,0.006201563868671656,0.1092802956700325,71,,,,,,,,
5e-05,11299,,,,,,,,,,,,,
,11299,0.29033204913139343,1.9436261653900146,0.018160656094551086,0.07780879735946655,71,,,,,,,,
,11303,,,,,71,0.40471020340919495,2.9689064025878906,0.011890881694853306,0.09592869877815247,,,,
,11303,,,,,71,,,,,0.3817999064922333,2.7382822036743164,0.009711131453514099,0.09826087951660156
5e-05,11349,,,,,,,,,,,,,
,11349,0.42891019582748413,3.0902295112609863,0.003878063289448619,0.1160091757774353,72,,,,,,,,
5e-05,11399,,,,,,,,,,,,,
,11399,0.23485533893108368,1.3464747667312622,0.0025462128687649965,0.09766165167093277,72,,,,,,,,
5e-05,11449,,,,,,,,,,,,,
,11449,0.35949742794036865,2.502673864364624,0.0039519439451396465,0.10527807474136353,72,,,,,,,,
,11460,,,,,72,0.3962082862854004,2.7848246097564697,0.011232229880988598,0.10649355500936508,,,,
,11460,,,,,72,,,,,0.3625345528125763,2.5655465126037598,0.009356156922876835,0.09662371128797531
5e-05,11499,,,,,,,,,,,,,
,11499,0.3732706606388092,2.7866220474243164,0.014050763100385666,0.08055773377418518,73,,,,,,,,
5e-05,11549,,,,,,,,,,,,,
,11549,0.5135819911956787,4.336739540100098,0.011175884865224361,0.06873220205307007,73,,,,,,,,
5e-05,11599,,,,,,,,,,,,,
,11599,0.4975661635398865,3.6436767578125,0.0060085454024374485,0.12718996405601501,73,,,,,,,,
,11617,,,,,73,0.4171297550201416,3.0496671199798584,0.01262393593788147,0.09953910857439041,,,,
,11617,,,,,73,,,,,0.3802033066749573,2.7065927982330322,0.010592477396130562,0.09895163774490356
5e-05,11649,,,,,,,,,,,,,
,11649,0.3037247359752655,1.9542310237884521,0.022416530176997185,0.08588507771492004,74,,,,,,,,
5e-05,11699,,,,,,,,,,,,,
,11699,0.31195399165153503,1.712532877922058,0.006844683084636927,0.13385602831840515,74,,,,,,,,
5e-05,11749,,,,,,,,,,,,,
,11749,0.459541916847229,3.365243434906006,0.011205844581127167,0.11181171238422394,74,,,,,,,,
,11774,,,,,74,0.42613035440444946,3.140425443649292,0.011559019796550274,0.10052882879972458,,,,
,11774,,,,,74,,,,,0.3755684792995453,2.694977045059204,0.0106672877445817,0.0954035148024559
5e-05,11799,,,,,,,,,,,,,
,11799,0.3598647713661194,2.5414845943450928,0.00830410048365593,0.09741224348545074,75,,,,,,,,
5e-05,11849,,,,,,,,,,,,,
,11849,0.3704867959022522,2.4273552894592285,0.003188160713762045,0.1245630756020546,75,,,,,,,,
5e-05,11899,,,,,,,,,,,,,
,11899,0.4117351770401001,3.0526340007781982,0.004583508707582951,0.1018882617354393,75,,,,,,,,
,11931,,,,,75,0.41353839635849,2.928184747695923,0.013739426620304585,0.10698056221008301,,,,
,11931,,,,,75,,,,,0.3794727921485901,2.725923538208008,0.010062298737466335,0.0968182161450386
5e-05,11949,,,,,,,,,,,,,
,11949,0.36485400795936584,2.4605727195739746,0.004276404157280922,0.11452032625675201,76,,,,,,,,
5e-05,11999,,,,,,,,,,,,,
,11999,0.27645793557167053,1.8792804479599,0.0024910797365009785,0.08603880554437637,76,,,,,,,,
5e-05,12049,,,,,,,,,,,,,
,12049,0.5032270550727844,3.4607491493225098,0.03331177681684494,0.12384036183357239,76,,,,,,,,
,12088,,,,,76,0.40536797046661377,2.9133782386779785,0.012184197083115578,0.10184598714113235,,,,
,12088,,,,,76,,,,,0.388477623462677,2.8124799728393555,0.00962320901453495,0.09760630875825882
5e-05,12099,,,,,,,,,,,,,
,12099,0.27422434091567993,1.6355440616607666,0.03104010969400406,0.0796298235654831,77,,,,,,,,
5e-05,12149,,,,,,,,,,,,,
,12149,0.42075902223587036,3.2654945850372314,0.00965480413287878,0.08455473929643631,77,,,,,,,,
5e-05,12199,,,,,,,,,,,,,
,12199,0.5076847672462463,4.028421401977539,0.005714732222259045,0.09912790358066559,77,,,,,,,,
,12245,,,,,77,0.40169110894203186,2.836519718170166,0.012068720534443855,0.10597040504217148,,,,
,12245,,,,,77,,,,,0.37426021695137024,2.7128777503967285,0.008527368307113647,0.09444503486156464
5e-05,12249,,,,,,,,,,,,,
,12249,0.2643290162086487,1.7176131010055542,0.00440575648099184,0.08816196024417877,78,,,,,,,,
5e-05,12299,,,,,,,,,,,,,
,12299,0.4580022096633911,3.376129627227783,0.014468291774392128,0.10592092573642731,78,,,,,,,,
5e-05,12349,,,,,,,,,,,,,
,12349,0.4165555238723755,3.2990260124206543,0.007858293130993843,0.07879465073347092,78,,,,,,,,
5e-05,12399,,,,,,,,,,,,,
,12399,0.5008933544158936,3.9326846599578857,0.02860298752784729,0.07902190089225769,78,,,,,,,,
,12402,,,,,78,0.39625513553619385,2.826064109802246,0.012319643050432205,0.10132906585931778,,,,
,12402,,,,,78,,,,,0.3771374523639679,2.732571601867676,0.010844764299690723,0.09303558617830276
5e-05,12449,,,,,,,,,,,,,
,12449,0.31948304176330566,2.056076765060425,0.02167429029941559,0.09220108389854431,79,,,,,,,,
5e-05,12499,,,,,,,,,,,,,
,12499,0.2761797606945038,1.8419435024261475,0.008166398853063583,0.08381900936365128,79,,,,,,,,
5e-05,12549,,,,,,,,,,,,,
,12549,0.3545682430267334,2.3397316932678223,0.004737756215035915,0.1158573180437088,79,,,,,,,,
,12559,,,,,79,0.4233214855194092,3.0629682540893555,0.013061693869531155,0.10396292805671692,,,,
,12559,,,,,79,,,,,0.3746030628681183,2.705652952194214,0.010012662038207054,0.09402494877576828
5e-05,12599,,,,,,,,,,,,,
,12599,0.41436994075775146,3.084667205810547,0.008638540282845497,0.09726468473672867,80,,,,,,,,
5e-05,12649,,,,,,,,,,,,,
,12649,0.2805442214012146,1.800276517868042,0.007532590068876743,0.09298400580883026,80,,,,,,,,
5e-05,12699,,,,,,,,,,,,,
,12699,0.3759966492652893,2.5879054069519043,0.005194042343646288,0.11201205849647522,80,,,,,,,,
,12716,,,,,80,0.4134594202041626,2.9846348762512207,0.013051037676632404,0.10194487869739532,,,,
,12716,,,,,80,,,,,0.3734113872051239,2.6744086742401123,0.00932953879237175,0.09664098173379898
5e-05,12749,,,,,,,,,,,,,
,12749,0.35643649101257324,2.627143144607544,0.0035034073516726494,0.09021873027086258,81,,,,,,,,
5e-05,12799,,,,,,,,,,,,,
,12799,0.4195539057254791,3.268087863922119,0.016993794590234756,0.07575130462646484,81,,,,,,,,
5e-05,12849,,,,,,,,,,,,,
,12849,0.401675283908844,2.8243935108184814,0.004093438386917114,0.11514248698949814,81,,,,,,,,
,12873,,,,,81,0.41425490379333496,2.8991823196411133,0.012902911752462387,0.11143380403518677,,,,
,12873,,,,,81,,,,,0.38270139694213867,2.7524030208587646,0.012464771047234535,0.0949963927268982
5e-05,12899,,,,,,,,,,,,,
,12899,0.4294619560241699,2.983348846435547,0.01916133239865303,0.11196575313806534,82,,,,,,,,
5e-05,12949,,,,,,,,,,,,,
,12949,0.31188422441482544,2.089567184448242,0.004127327352762222,0.09880015254020691,82,,,,,,,,
5e-05,12999,,,,,,,,,,,,,
,12999,0.24932542443275452,1.9232335090637207,0.004223841242492199,0.0527782142162323,82,,,,,,,,
,13030,,,,,82,0.3891323208808899,2.7337734699249268,0.011863818392157555,0.10389114916324615,,,,
,13030,,,,,82,,,,,0.37276801466941833,2.6745078563690186,0.00952821783721447,0.09578895568847656
5e-05,13049,,,,,,,,,,,,,
,13049,0.26664355397224426,2.0657029151916504,0.005493058357387781,0.054580189287662506,83,,,,,,,,
5e-05,13099,,,,,,,,,,,,,
,13099,0.2864241302013397,2.0572173595428467,0.009220975451171398,0.07148139923810959,83,,,,,,,,
5e-05,13149,,,,,,,,,,,,,
,13149,0.33753880858421326,2.2629709243774414,0.006269706413149834,0.1049719825387001,83,,,,,,,,
,13187,,,,,83,0.41764214634895325,3.0935232639312744,0.01258918922394514,0.09570067375898361,,,,
,13187,,,,,83,,,,,0.3742794692516327,2.689527750015259,0.01058683730661869,0.0947398766875267
5e-05,13199,,,,,,,,,,,,,
,13199,0.43993985652923584,3.744493007659912,0.006265203468501568,0.05922535061836243,84,,,,,,,,
5e-05,13249,,,,,,,,,,,,,
,13249,0.3219987452030182,2.0542733669281006,0.0039244601503014565,0.11264695972204208,84,,,,,,,,
5e-05,13299,,,,,,,,,,,,,
,13299,0.3808439075946808,2.8901710510253906,0.01341369841247797,0.07841306924819946,84,,,,,,,,
,13344,,,,,84,0.39396438002586365,2.846642255783081,0.012001433409750462,0.0972987562417984,,,,
,13344,,,,,84,,,,,0.3776286840438843,2.753110647201538,0.009433114901185036,0.09288448840379715
5e-05,13349,,,,,,,,,,,,,
,13349,0.34875553846359253,2.5930142402648926,0.007692023180425167,0.08176207542419434,85,,,,,,,,
5e-05,13399,,,,,,,,,,,,,
,13399,0.30417612195014954,1.7278993129730225,0.0032588571775704622,0.1281273365020752,85,,,,,,,,
5e-05,13449,,,,,,,,,,,,,
,13449,0.3607919216156006,2.2368345260620117,0.003992567304521799,0.13311591744422913,85,,,,,,,,
5e-05,13499,,,,,,,,,,,,,
,13499,0.41262975335121155,3.157561779022217,0.01928415521979332,0.07758942991495132,85,,,,,,,,
,13501,,,,,85,0.39505013823509216,2.782799005508423,0.014994178898632526,0.10177608579397202,,,,
,13501,,,,,85,,,,,0.37251198291778564,2.69112229347229,0.009477043524384499,0.09392276406288147
5e-05,13549,,,,,,,,,,,,,
,13549,0.3255862891674042,2.563772439956665,0.005533216521143913,0.06367583572864532,86,,,,,,,,
5e-05,13599,,,,,,,,,,,,,
,13599,0.32015475630760193,2.4003310203552246,0.009027741849422455,0.07109387218952179,86,,,,,,,,
5e-05,13649,,,,,,,,,,,,,
,13649,0.40872395038604736,3.052739143371582,0.0038392350543290377,0.09961076080799103,86,,,,,,,,
,13658,,,,,86,0.40798914432525635,2.9054605960845947,0.010883200913667679,0.1065598726272583,,,,
,13658,,,,,86,,,,,0.3718200922012329,2.671661615371704,0.009013818576931953,0.09564005583524704
5e-05,13699,,,,,,,,,,,,,
,13699,0.5153734683990479,4.06380033493042,0.047615308314561844,0.06137813627719879,87,,,,,,,,
5e-05,13749,,,,,,,,,,,,,
,13749,0.2446945607662201,1.6827723979949951,0.00489509291946888,0.07152222096920013,87,,,,,,,,
5e-05,13799,,,,,,,,,,,,,
,13799,0.5005442500114441,3.9450480937957764,0.006697139237076044,0.09934229403734207,87,,,,,,,,
,13815,,,,,87,0.3942955434322357,2.8547675609588623,0.011685095727443695,0.09713359922170639,,,,
,13815,,,,,87,,,,,0.3738957345485687,2.678950309753418,0.010159417055547237,0.09584127366542816
5e-05,13849,,,,,,,,,,,,,
,13849,0.6092076897621155,4.501614570617676,0.009298928081989288,0.1497473120689392,88,,,,,,,,
5e-05,13899,,,,,,,,,,,,,
,13899,0.4330301284790039,3.6433417797088623,0.008597999811172485,0.06009797751903534,88,,,,,,,,
5e-05,13949,,,,,,,,,,,,,
,13949,0.555018424987793,4.201586723327637,0.007328220643103123,0.1275315135717392,88,,,,,,,,
,13972,,,,,88,0.4066673219203949,2.864041328430176,0.016682296991348267,0.10358089208602905,,,,
,13972,,,,,88,,,,,0.37962037324905396,2.7413244247436523,0.009286186657845974,0.09620177000761032
5e-05,13999,,,,,,,,,,,,,
,13999,0.43536460399627686,3.547281503677368,0.03308328613638878,0.047553155571222305,89,,,,,,,,
5e-05,14049,,,,,,,,,,,,,
,14049,0.33329978585243225,2.502073287963867,0.004650249611586332,0.07844219356775284,89,,,,,,,,
5e-05,14099,,,,,,,,,,,,,
,14099,0.42066875100135803,3.2794606685638428,0.005651204846799374,0.0870714783668518,89,,,,,,,,
,14129,,,,,89,0.39421606063842773,2.739553689956665,0.014772165566682816,0.10548852384090424,,,,
,14129,,,,,89,,,,,0.38055920600891113,2.7272965908050537,0.00995759479701519,0.09787186980247498
5e-05,14149,,,,,,,,,,,,,
,14149,0.30161017179489136,1.9593422412872314,0.012357337400317192,0.09331860393285751,90,,,,,,,,
5e-05,14199,,,,,,,,,,,,,
,14199,0.33435142040252686,2.662031412124634,0.004919237457215786,0.06322900950908661,90,,,,,,,,
5e-05,14249,,,,,,,,,,,,,
,14249,0.5150353312492371,3.7511768341064453,0.009213502518832684,0.13070416450500488,90,,,,,,,,
,14286,,,,,90,0.4047618508338928,2.8425700664520264,0.015062044374644756,0.10544279962778091,,,,
,14286,,,,,90,,,,,0.3753412365913391,2.6747632026672363,0.010249661281704903,0.09761528670787811
5e-05,14299,,,,,,,,,,,,,
,14299,0.24518847465515137,1.4332637786865234,0.016961006447672844,0.0849011093378067,91,,,,,,,,
5e-05,14349,,,,,,,,,,,,,
,14349,0.3306896388530731,1.9697816371917725,0.005474362522363663,0.12823709845542908,91,,,,,,,,
5e-05,14399,,,,,,,,,,,,,
,14399,0.36308974027633667,2.779022693634033,0.008079682476818562,0.07710778713226318,91,,,,,,,,
,14443,,,,,91,0.4135361611843109,2.938319206237793,0.016259290277957916,0.10344497114419937,,,,
,14443,,,,,91,,,,,0.36557814478874207,2.6053717136383057,0.010000007227063179,0.09504100680351257
5e-05,14449,,,,,,,,,,,,,
,14449,0.3528325855731964,2.4894931316375732,0.014213966205716133,0.08966929465532303,92,,,,,,,,
5e-05,14499,,,,,,,,,,,,,
,14499,0.42711693048477173,3.1436331272125244,0.010146711021661758,0.10260691493749619,92,,,,,,,,
5e-05,14549,,,,,,,,,,,,,
,14549,0.3851722776889801,2.7796506881713867,0.01138448715209961,0.09582272171974182,92,,,,,,,,
5e-05,14599,,,,,,,,,,,,,
,14599,0.4162698984146118,2.9496910572052,0.003711868077516556,0.11758892983198166,92,,,,,,,,
,14600,,,,,92,0.40382513403892517,2.8886327743530273,0.013215560466051102,0.10174626857042313,,,,
,14600,,,,,92,,,,,0.3802725672721863,2.773414134979248,0.009651059284806252,0.09328002482652664
5e-05,14649,,,,,,,,,,,,,
,14649,0.3129841387271881,2.160921096801758,0.005210679490119219,0.09168131649494171,93,,,,,,,,
5e-05,14699,,,,,,,,,,,,,
,14699,0.38892096281051636,2.562108278274536,0.027269283309578896,0.10544084012508392,93,,,,,,,,
5e-05,14749,,,,,,,,,,,,,
,14749,0.284186989068985,1.957933783531189,0.0023632224183529615,0.08603039383888245,93,,,,,,,,
,14757,,,,,93,0.39062291383743286,2.7502710819244385,0.012631981633603573,0.10296382009983063,,,,
,14757,,,,,93,,,,,0.376979798078537,2.73581600189209,0.009477661922574043,0.09392069280147552
5e-05,14799,,,,,,,,,,,,,
,14799,0.32007789611816406,2.207845687866211,0.009203014895319939,0.0900903269648552,94,,,,,,,,
5e-05,14849,,,,,,,,,,,,,
,14849,0.3875274062156677,2.8066766262054443,0.018208052963018417,0.08865171670913696,94,,,,,,,,
5e-05,14899,,,,,,,,,,,,,
,14899,0.4815139174461365,3.9324026107788086,0.009763412177562714,0.07851024717092514,94,,,,,,,,
,14914,,,,,94,0.3969508111476898,2.7553749084472656,0.013145304284989834,0.10826800763607025,,,,
,14914,,,,,94,,,,,0.37396517395973206,2.6930665969848633,0.009428439661860466,0.09523016214370728
5e-05,14949,,,,,,,,,,,,,
,14949,0.33920347690582275,2.4088592529296875,0.007207113318145275,0.09111040085554123,95,,,,,,,,
5e-05,14999,,,,,,,,,,,,,
,14999,0.36395663022994995,2.7867448329925537,0.005884985439479351,0.07939713448286057,95,,,,,,,,
5e-05,15049,,,,,,,,,,,,,
,15049,0.493833065032959,3.562680244445801,0.006516930181533098,0.13104814291000366,95,,,,,,,,
,15071,,,,,95,0.40195000171661377,2.8646459579467773,0.011691681109368801,0.10379374772310257,,,,
,15071,,,,,95,,,,,0.38491493463516235,2.8220436573028564,0.009723450057208538,0.09298710525035858
5e-05,15099,,,,,,,,,,,,,
,15099,0.5055379867553711,3.365063190460205,0.009032163769006729,0.15999947488307953,96,,,,,,,,
5e-05,15149,,,,,,,,,,,,,
,15149,0.3536223769187927,2.6396217346191406,0.01473783515393734,0.0749223530292511,96,,,,,,,,
5e-05,15199,,,,,,,,,,,,,
,15199,0.3773884177207947,3.117278575897217,0.008487271144986153,0.057173293083906174,96,,,,,,,,
,15228,,,,,96,0.3928459584712982,2.7569727897644043,0.012480529956519604,0.10466811060905457,,,,
,15228,,,,,96,,,,,0.3712534010410309,2.676563024520874,0.008845902048051357,0.09475106745958328
5e-05,15249,,,,,,,,,,,,,
,15249,0.30330392718315125,2.281792163848877,0.005027535371482372,0.07009716331958771,97,,,,,,,,
5e-05,15299,,,,,,,,,,,,,
,15299,0.4253540635108948,3.06341552734375,0.014313096180558205,0.10469938069581985,97,,,,,,,,
5e-05,15349,,,,,,,,,,,,,
,15349,0.38352668285369873,2.6599044799804688,0.012229833751916885,0.10530638694763184,97,,,,,,,,
,15385,,,,,97,0.4178760051727295,3.0642733573913574,0.014099078252911568,0.09734959900379181,,,,
,15385,,,,,97,,,,,0.3693181276321411,2.650106906890869,0.010333231650292873,0.09397415816783905
5e-05,15399,,,,,,,,,,,,,
,15399,0.3483213186264038,2.8816418647766113,0.0056034536100924015,0.05455368012189865,98,,,,,,,,
5e-05,15449,,,,,,,,,,,,,
,15449,0.38256609439849854,2.7161612510681152,0.006128712557256222,0.10482121258974075,98,,,,,,,,
5e-05,15499,,,,,,,,,,,,,
,15499,0.42160916328430176,2.8771212100982666,0.00382958073168993,0.13006746768951416,98,,,,,,,,
,15542,,,,,98,0.3787120282649994,2.610628366470337,0.013403774239122868,0.1042453870177269,,,,
,15542,,,,,98,,,,,0.3738788366317749,2.6926915645599365,0.010502589866518974,0.0941070020198822
5e-05,15549,,,,,,,,,,,,,
,15549,0.21292361617088318,1.358640432357788,0.010747583582997322,0.06631199270486832,99,,,,,,,,
5e-05,15599,,,,,,,,,,,,,
,15599,0.32070931792259216,2.4701087474823,0.003563188947737217,0.07013525068759918,99,,,,,,,,
5e-05,15649,,,,,,,,,,,,,
,15649,0.344082772731781,2.5755956172943115,0.006035353057086468,0.08048784732818604,99,,,,,,,,
5e-05,15699,,,,,,,,,,,,,
,15699,0.20866358280181885,0.388439416885376,0.008627844974398613,0.16119179129600525,99,,,,,,,,
,15699,,,,,99,0.3818245828151703,2.646324396133423,0.013331016525626183,0.10386110842227936,,,,
,15699,,,,,99,,,,,0.36386507749557495,2.6293509006500244,0.0095120994374156,0.09141805768013
5e-05,15749,,,,,,,,,,,,,
,15749,0.5093289613723755,3.961121082305908,0.00567573681473732,0.10754111409187317,100,,,,,,,,
5e-05,15799,,,,,,,,,,,,,
,15799,0.2967504560947418,1.7147424221038818,0.015948859974741936,0.10932734608650208,100,,,,,,,,
5e-05,15849,,,,,,,,,,,,,
,15849,0.33532434701919556,2.313816547393799,0.005035819951444864,0.09890686720609665,100,,,,,,,,
,15856,,,,,100,0.3808993995189667,2.7277891635894775,0.009343734011054039,0.09877677261829376,,,,
,15856,,,,,100,,,,,0.37676525115966797,2.719261646270752,0.01092551276087761,0.09391375631093979
5e-05,15899,,,,,,,,,,,,,
,15899,0.3217904269695282,2.135183334350586,0.00462323846295476,0.1036488264799118,101,,,,,,,,
5e-05,15949,,,,,,,,,,,,,
,15949,0.3750191926956177,2.2619619369506836,0.007931395433843136,0.14089161157608032,101,,,,,,,,
5e-05,15999,,,,,,,,,,,,,
,15999,0.46958407759666443,3.331970691680908,0.010893002152442932,0.12549400329589844,101,,,,,,,,
,16013,,,,,101,0.3889736533164978,2.7085392475128174,0.015676002949476242,0.10244376212358475,,,,
,16013,,,,,101,,,,,0.3889833688735962,2.8432490825653076,0.008838781155645847,0.09581958502531052
5e-05,16049,,,,,,,,,,,,,
,16049,0.4186568856239319,3.1780757904052734,0.006714918650686741,0.09413439780473709,102,,,,,,,,
5e-05,16099,,,,,,,,,,,,,
,16099,0.2937873601913452,2.2426533699035645,0.005475131794810295,0.06404690444469452,102,,,,,,,,
5e-05,16149,,,,,,,,,,,,,
,16149,0.2667544484138489,1.600352168083191,0.01083377655595541,0.09588546305894852,102,,,,,,,,
,16170,,,,,102,0.4048190116882324,2.8883144855499268,0.008927004411816597,0.1070605143904686,,,,
,16170,,,,,102,,,,,0.36854973435401917,2.64054012298584,0.01086420752108097,0.0936315506696701
5e-05,16199,,,,,,,,,,,,,
,16199,0.39521676301956177,2.9250407218933105,0.008858369663357735,0.09385431557893753,103,,,,,,,,
5e-05,16249,,,,,,,,,,,,,
,16249,0.5073865056037903,4.201778888702393,0.020955614745616913,0.06625298410654068,103,,,,,,,,
5e-05,16299,,,,,,,,,,,,,
,16299,0.24674442410469055,1.4326415061950684,0.002827714430168271,0.1006525456905365,103,,,,,,,,
,16327,,,,,103,0.3957793414592743,2.7842001914978027,0.010261732153594494,0.1070975735783577,,,,
,16327,,,,,103,,,,,0.3707153797149658,2.690582036972046,0.008803874254226685,0.09285334497690201
5e-05,16349,,,,,,,,,,,,,
,16349,0.3507686257362366,2.609971046447754,0.005524689331650734,0.08424684405326843,104,,,,,,,,
5e-05,16399,,,,,,,,,,,,,
,16399,0.382539838552475,2.495203971862793,0.012734644114971161,0.1202847957611084,104,,,,,,,,
5e-05,16449,,,,,,,,,,,,,
,16449,0.2284105122089386,1.1304110288619995,0.01767239347100258,0.09769700467586517,104,,,,,,,,
,16484,,,,,104,0.3811221122741699,2.7159194946289062,0.011099028401076794,0.09843116253614426,,,,
,16484,,,,,104,,,,,0.3745289444923401,2.683270215988159,0.009984053671360016,0.09621784090995789
5e-05,16499,,,,,,,,,,,,,
,16499,0.4520758092403412,3.4408740997314453,0.012752743437886238,0.09523564577102661,105,,,,,,,,
5e-05,16549,,,,,,,,,,,,,
,16549,0.47603854537010193,3.5063397884368896,0.01091013103723526,0.1144944280385971,105,,,,,,,,
5e-05,16599,,,,,,,,,,,,,
,16599,0.3012402057647705,2.1392593383789062,0.01034313440322876,0.0769711583852768,105,,,,,,,,
,16641,,,,,105,0.4093291163444519,2.951521635055542,0.013415771536529064,0.10076113790273666,,,,
,16641,,,,,105,,,,,0.371665894985199,2.6703178882598877,0.009565206244587898,0.09506884962320328
5e-05,16649,,,,,,,,,,,,,
,16649,0.35973304510116577,2.445127487182617,0.005334996618330479,0.1098853051662445,106,,,,,,,,
5e-05,16699,,,,,,,,,,,,,
,16699,0.5824610590934753,4.753727912902832,0.007326374761760235,0.09976185858249664,106,,,,,,,,
5e-05,16749,,,,,,,,,,,,,
,16749,0.3325805366039276,2.247899293899536,0.009559769183397293,0.09823085367679596,106,,,,,,,,
,16798,,,,,106,0.40210288763046265,2.8615517616271973,0.012600844725966454,0.10334687680006027,,,,
,16798,,,,,106,,,,,0.3726668059825897,2.693866491317749,0.009926540777087212,0.09335365146398544
5e-05,16799,,,,,,,,,,,,,
,16799,0.35233622789382935,2.2797763347625732,0.0038932468742132187,0.12046533823013306,107,,,,,,,,
5e-05,16849,,,,,,,,,,,,,
,16849,0.3246956467628479,1.868168592453003,0.005192189943045378,0.13268661499023438,107,,,,,,,,
5e-05,16899,,,,,,,,,,,,,
,16899,0.4524283707141876,3.3229005336761475,0.007973412051796913,0.11216491460800171,107,,,,,,,,
5e-05,16949,,,,,,,,,,,,,
,16949,0.42405593395233154,2.604033946990967,0.020203925669193268,0.1434485912322998,107,,,,,,,,
,16955,,,,,107,0.4208792448043823,2.986146926879883,0.014973904006183147,0.1072906106710434,,,,
,16955,,,,,107,,,,,0.3755355179309845,2.685683488845825,0.009708314202725887,0.09725891053676605
5e-05,16999,,,,,,,,,,,,,
,16999,0.33143723011016846,2.137376308441162,0.004820200614631176,0.11287940293550491,108,,,,,,,,
5e-05,17049,,,,,,,,,,,,,
,17049,0.44627994298934937,3.192178249359131,0.006922436412423849,0.12013966590166092,108,,,,,,,,
5e-05,17099,,,,,,,,,,,,,
,17099,0.3581762909889221,2.5737757682800293,0.0035724597983062267,0.09722624719142914,108,,,,,,,,
,17112,,,,,108,0.4116332232952118,3.0320727825164795,0.011844846419990063,0.09658107161521912,,,,
,17112,,,,,108,,,,,0.374273419380188,2.7041637897491455,0.00988194439560175,0.09397508203983307
5e-05,17149,,,,,,,,,,,,,
,17149,0.32659459114074707,2.2785804271698,0.0050383745692670345,0.0936981737613678,109,,,,,,,,
5e-05,17199,,,,,,,,,,,,,
,17199,0.34598803520202637,2.0693917274475098,0.005910275503993034,0.13313856720924377,109,,,,,,,,
5e-05,17249,,,,,,,,,,,,,
,17249,0.4085845947265625,3.1037192344665527,0.004269883036613464,0.09394274652004242,109,,,,,,,,
,17269,,,,,109,0.39708638191223145,2.823958158493042,0.014031337574124336,0.10065920650959015,,,,
,17269,,,,,109,,,,,0.3690531849861145,2.677196502685547,0.009453518316149712,0.09187990427017212
5e-05,17299,,,,,,,,,,,,,
,17299,0.48272907733917236,3.1260647773742676,0.0572136715054512,0.11290889978408813,110,,,,,,,,
5e-05,17349,,,,,,,,,,,,,
,17349,0.4276788830757141,3.2438607215881348,0.006164406426250935,0.09712842106819153,110,,,,,,,,
5e-05,17399,,,,,,,,,,,,,
,17399,0.350730836391449,2.707472324371338,0.007090198807418346,0.07289338856935501,110,,,,,,,,
,17426,,,,,110,0.38934341073036194,2.7640154361724854,0.012235864996910095,0.10070603340864182,,,,
,17426,,,,,110,,,,,0.37808364629745483,2.7510077953338623,0.009842650964856148,0.09314017742872238
5e-05,17449,,,,,,,,,,,,,
,17449,0.2808155119419098,1.7287557125091553,0.0022172085009515285,0.10572274029254913,111,,,,,,,,
5e-05,17499,,,,,,,,,,,,,
,17499,0.452847421169281,3.306102752685547,0.0062567852437496185,0.1159803569316864,111,,,,,,,,
5e-05,17549,,,,,,,,,,,,,
,17549,0.4064749479293823,2.9348654747009277,0.013333688490092754,0.09965468943119049,111,,,,,,,,
,17583,,,,,111,0.3962724208831787,2.789452314376831,0.011885123327374458,0.10544200986623764,,,,
,17583,,,,,111,,,,,0.3658391237258911,2.6315174102783203,0.008747587911784649,0.09393979609012604
5e-05,17599,,,,,,,,,,,,,
,17599,0.32707664370536804,2.0401034355163574,0.004066166002303362,0.1190001368522644,112,,,,,,,,
5e-05,17649,,,,,,,,,,,,,
,17649,0.4088607430458069,2.944148302078247,0.031928107142448425,0.08251778781414032,112,,,,,,,,
5e-05,17699,,,,,,,,,,,,,
,17699,0.33767783641815186,2.288564682006836,0.004652610048651695,0.10416877269744873,112,,,,,,,,
,17740,,,,,112,0.40104684233665466,2.9317049980163574,0.011015725322067738,0.09686059504747391,,,,
,17740,,,,,112,,,,,0.37829646468162537,2.7398531436920166,0.009754305705428123,0.09455683082342148
5e-05,17749,,,,,,,,,,,,,
,17749,0.4057958126068115,2.761575937271118,0.0034947791136801243,0.12614339590072632,113,,,,,,,,
5e-05,17799,,,,,,,,,,,,,
,17799,0.35645878314971924,2.523601531982422,0.003036617301404476,0.10106199979782104,113,,,,,,,,
5e-05,17849,,,,,,,,,,,,,
,17849,0.3139989376068115,2.459594249725342,0.009464239701628685,0.05857527628540993,113,,,,,,,,
,17897,,,,,113,0.382694810628891,2.7070376873016357,0.009966621175408363,0.10202445834875107,,,,
,17897,,,,,113,,,,,0.37215477228164673,2.7000732421875,0.0088361706584692,0.09331123530864716
5e-05,17899,,,,,,,,,,,,,
,17899,0.5312399864196777,3.9344470500946045,0.012788200750946999,0.12500707805156708,114,,,,,,,,
5e-05,17949,,,,,,,,,,,,,
,17949,0.49131032824516296,3.6024739742279053,0.004339304752647877,0.12672361731529236,114,,,,,,,,
5e-05,17999,,,,,,,,,,,,,
,17999,0.42173436284065247,3.2452781200408936,0.004057123325765133,0.09314941614866257,114,,,,,,,,
5e-05,18049,,,,,,,,,,,,,
,18049,0.3834748864173889,2.969334363937378,0.006555387284606695,0.07998605817556381,114,,,,,,,,
,18054,,,,,114,0.3871554434299469,2.735379934310913,0.01214215811342001,0.10147536545991898,,,,
,18054,,,,,114,,,,,0.3766506612300873,2.716416597366333,0.010430295020341873,0.09457859396934509
5e-05,18099,,,,,,,,,,,,,
,18099,0.4144166111946106,3.1635537147521973,0.00717937620356679,0.09088187664747238,115,,,,,,,,
5e-05,18149,,,,,,,,,,,,,
,18149,0.44534581899642944,3.293457508087158,0.007206025533378124,0.10879404097795486,115,,,,,,,,
5e-05,18199,,,,,,,,,,,,,
,18199,0.3074249029159546,1.91196608543396,0.004319906700402498,0.11190834641456604,115,,,,,,,,
,18211,,,,,115,0.39637425541877747,2.7928802967071533,0.01342193502932787,0.10366430133581161,,,,
,18211,,,,,115,,,,,0.3666583001613617,2.637755870819092,0.008662685751914978,0.09421993046998978
5e-05,18249,,,,,,,,,,,,,
,18249,0.2689494490623474,1.8974069356918335,0.002611677162349224,0.07659708708524704,116,,,,,,,,
5e-05,18299,,,,,,,,,,,,,
,18299,0.37997162342071533,2.5092716217041016,0.005225531756877899,0.12381893396377563,116,,,,,,,,
5e-05,18349,,,,,,,,,,,,,
,18349,0.34860503673553467,2.4259395599365234,0.01515964139252901,0.09085144102573395,116,,,,,,,,
,18368,,,,,116,0.3872492015361786,2.7515621185302734,0.011463536880910397,0.10062938183546066,,,,
,18368,,,,,116,,,,,0.36964306235313416,2.6303036212921143,0.009074650704860687,0.09753800183534622
5e-05,18399,,,,,,,,,,,,,
,18399,0.35595887899398804,2.57873272895813,0.010250989347696304,0.08783461898565292,117,,,,,,,,
5e-05,18449,,,,,,,,,,,,,
,18449,0.33963096141815186,2.0968527793884277,0.005821180995553732,0.12412451207637787,117,,,,,,,,
5e-05,18499,,,,,,,,,,,,,
,18499,0.3377003073692322,2.4303181171417236,0.005619595758616924,0.08904886245727539,117,,,,,,,,
,18525,,,,,117,0.41594818234443665,3.020901918411255,0.012569448910653591,0.1012885645031929,,,,
,18525,,,,,117,,,,,0.38008132576942444,2.7618932723999023,0.008580545894801617,0.09531137347221375
5e-05,18549,,,,,,,,,,,,,
,18549,0.4877339005470276,3.9445528984069824,0.0053961812518537045,0.087882399559021,118,,,,,,,,
5e-05,18599,,,,,,,,,,,,,
,18599,0.3917275369167328,3.027003765106201,0.007198739796876907,0.08182840049266815,118,,,,,,,,
5e-05,18649,,,,,,,,,,,,,
,18649,0.3113347291946411,2.1615352630615234,0.0036544501781463623,0.09152676165103912,118,,,,,,,,
,18682,,,,,118,0.40183985233306885,2.905303478240967,0.015003743581473827,0.0963057205080986,,,,
,18682,,,,,118,,,,,0.3724812865257263,2.665367603302002,0.010513544082641602,0.09543098509311676
5e-05,18699,,,,,,,,,,,,,
,18699,0.3863960802555084,2.9590439796447754,0.00543189886957407,0.08505977690219879,119,,,,,,,,
5e-05,18749,,,,,,,,,,,,,
,18749,0.39739367365837097,3.217644691467285,0.004752393811941147,0.0708768218755722,119,,,,,,,,
5e-05,18799,,,,,,,,,,,,,
,18799,0.4892762005329132,3.8035199642181396,0.011057534255087376,0.09786663204431534,119,,,,,,,,
,18839,,,,,119,0.3840992748737335,2.756915330886841,0.009472854435443878,0.09893478453159332,,,,
,18839,,,,,119,,,,,0.37195536494255066,2.671757698059082,0.008680218830704689,0.09609929472208023
5e-05,18849,,,,,,,,,,,,,
,18849,0.40506136417388916,2.6312732696533203,0.03650540113449097,0.10542862117290497,120,,,,,,,,
5e-05,18899,,,,,,,,,,,,,
,18899,0.2842835783958435,1.874410629272461,0.007792367599904537,0.08905014395713806,120,,,,,,,,
5e-05,18949,,,,,,,,,,,,,
,18949,0.3804919123649597,2.830306053161621,0.012936923652887344,0.08452437072992325,120,,,,,,,,
,18996,,,,,120,0.39772674441337585,2.8050200939178467,0.014029464684426785,0.10319531708955765,,,,
,18996,,,,,120,,,,,0.3661029040813446,2.6197705268859863,0.008992509916424751,0.09513327479362488
5e-05,18999,,,,,,,,,,,,,
,18999,0.24867522716522217,1.4872727394104004,0.0033945750910788774,0.09655338525772095,121,,,,,,,,
5e-05,19049,,,,,,,,,,,,,
,19049,0.4272559881210327,2.7755279541015625,0.02146676369011402,0.12823641300201416,121,,,,,,,,
5e-05,19099,,,,,,,,,,,,,
,19099,0.3303837478160858,2.4455490112304688,0.007273528259247541,0.07855531573295593,121,,,,,,,,
5e-05,19149,,,,,,,,,,,,,
,19149,0.4040440320968628,2.5976293087005615,0.0028622711542993784,0.14141879975795746,121,,,,,,,,
,19153,,,,,121,0.3962966501712799,2.8166189193725586,0.013597628101706505,0.1010371670126915,,,,
,19153,,,,,121,,,,,0.3695099651813507,2.6405506134033203,0.01089741662144661,0.09455753117799759
5e-05,19199,,,,,,,,,,,,,
,19199,0.28831082582473755,1.4871084690093994,0.017453240230679512,0.12214674055576324,122,,,,,,,,
5e-05,19249,,,,,,,,,,,,,
,19249,0.43063342571258545,3.4319510459899902,0.009137588553130627,0.07830074429512024,122,,,,,,,,
5e-05,19299,,,,,,,,,,,,,
,19299,0.28324007987976074,2.2251298427581787,0.004825796000659466,0.05590129643678665,122,,,,,,,,
,19310,,,,,122,0.384594202041626,2.714181900024414,0.012217894196510315,0.10095808655023575,,,,
,19310,,,,,122,,,,,0.3778626322746277,2.757218360900879,0.009174992330372334,0.09296578913927078
5e-05,19349,,,,,,,,,,,,,
,19349,0.2912946343421936,2.1483709812164307,0.01041181106120348,0.06604570150375366,123,,,,,,,,
5e-05,19399,,,,,,,,,,,,,
,19399,0.3685058653354645,2.874711751937866,0.005933369509875774,0.0751013308763504,123,,,,,,,,
5e-05,19449,,,,,,,,,,,,,
,19449,0.3061649799346924,2.0760607719421387,0.004120082128793001,0.09443885087966919,123,,,,,,,,
,19467,,,,,123,0.3985215425491333,2.8892641067504883,0.010945291258394718,0.09864985197782516,,,,
,19467,,,,,123,,,,,0.368648499250412,2.6638946533203125,0.010300339199602604,0.09195869415998459
5e-05,19499,,,,,,,,,,,,,
,19499,0.4530574083328247,3.3008692264556885,0.019140174612402916,0.10383028537034988,124,,,,,,,,
5e-05,19549,,,,,,,,,,,,,
,19549,0.5030860900878906,4.028473854064941,0.006066510453820229,0.09417213499546051,124,,,,,,,,
5e-05,19599,,,,,,,,,,,,,
,19599,0.3147629499435425,2.2364602088928223,0.008602993562817574,0.08251392841339111,124,,,,,,,,
,19624,,,,,124,0.4103284478187561,2.9048638343811035,0.014895908534526825,0.10494621843099594,,,,
,19624,,,,,124,,,,,0.37930184602737427,2.7010722160339355,0.009975345805287361,0.09921935945749283
5e-05,19649,,,,,,,,,,,,,
,19649,0.45027437806129456,3.490255355834961,0.01116195134818554,0.09008689224720001,125,,,,,,,,
5e-05,19699,,,,,,,,,,,,,
,19699,0.4356599450111389,3.6599855422973633,0.01115027628839016,0.058511074632406235,125,,,,,,,,
5e-05,19749,,,,,,,,,,,,,
,19749,0.3579633831977844,2.3145663738250732,0.004075796343386173,0.1224309653043747,125,,,,,,,,
,19781,,,,,125,0.39389362931251526,2.7537362575531006,0.012347870506346226,0.1061721071600914,,,,
,19781,,,,,125,,,,,0.37310469150543213,2.6813833713531494,0.00986742228269577,0.09509910643100739
5e-05,19799,,,,,,,,,,,,,
,19799,0.39047306776046753,2.7556819915771484,0.008241867646574974,0.10666297376155853,126,,,,,,,,
5e-05,19849,,,,,,,,,,,,,
,19849,0.3290562033653259,2.263110876083374,0.025283165276050568,0.07746192812919617,126,,,,,,,,
5e-05,19899,,,,,,,,,,,,,
,19899,0.31886810064315796,2.199017286300659,0.009947375394403934,0.08901903033256531,126,,,,,,,,
,19938,,,,,126,0.40760016441345215,2.9100759029388428,0.011619064025580883,0.10497347265481949,,,,
,19938,,,,,126,,,,,0.371868759393692,2.6817216873168945,0.010743937455117702,0.09295260906219482
5e-05,19949,,,,,,,,,,,,,
,19949,0.6371368765830994,4.996607780456543,0.026193154975771904,0.11128298938274384,127,,,,,,,,
5e-05,19999,,,,,,,,,,,,,
,19999,0.32249975204467773,2.2076706886291504,0.008806451223790646,0.09292624890804291,127,,,,,,,,
5e-05,20049,,,,,,,,,,,,,
,20049,0.42456287145614624,3.181833267211914,0.04406552389264107,0.0623139850795269,127,,,,,,,,
,20095,,,,,127,0.4009133279323578,2.8078835010528564,0.01888934336602688,0.10123562812805176,,,,
,20095,,,,,127,,,,,0.3760111331939697,2.6944570541381836,0.00914281141012907,0.09742248803377151
5e-05,20099,,,,,,,,,,,,,
,20099,0.3793621361255646,2.404022693634033,0.007839718833565712,0.13112017512321472,128,,,,,,,,
5e-05,20149,,,,,,,,,,,,,
,20149,0.46019136905670166,3.8119988441467285,0.007067879196256399,0.07192355394363403,128,,,,,,,,
5e-05,20199,,,,,,,,,,,,,
,20199,0.319330096244812,2.2509427070617676,0.0036057340912520885,0.09063007682561874,128,,,,,,,,
5e-05,20249,,,,,,,,,,,,,
,20249,0.3384079039096832,2.2120018005371094,0.004490104503929615,0.11271759867668152,128,,,,,,,,
,20252,,,,,128,0.39759743213653564,2.857010841369629,0.011643411591649055,0.1002529188990593,,,,
,20252,,,,,128,,,,,0.37289461493492126,2.6766748428344727,0.010314992628991604,0.09491220861673355
5e-05,20299,,,,,,,,,,,,,
,20299,0.3412996530532837,2.3923959732055664,0.0064756860956549644,0.09558436274528503,129,,,,,,,,
5e-05,20349,,,,,,,,,,,,,
,20349,0.36876773834228516,2.9351980686187744,0.006131933070719242,0.06911598891019821,129,,,,,,,,
5e-05,20399,,,,,,,,,,,,,
,20399,0.42775675654411316,2.9429051876068115,0.013780433684587479,0.11968577653169632,129,,,,,,,,
,20409,,,,,129,0.41396182775497437,3.0023140907287598,0.01261860504746437,0.10111181437969208,,,,
,20409,,,,,129,,,,,0.37053871154785156,2.6376030445098877,0.010054465383291245,0.09672395884990692
5e-05,20449,,,,,,,,,,,,,
,20449,0.24498559534549713,1.4949997663497925,0.019881270825862885,0.07560434192419052,130,,,,,,,,
5e-05,20499,,,,,,,,,,,,,
,20499,0.38681167364120483,2.408846378326416,0.03322162106633186,0.11270538717508316,130,,,,,,,,
5e-05,20549,,,,,,,,,,,,,
,20549,0.4729164242744446,3.9442262649536133,0.005782172083854675,0.07271163165569305,130,,,,,,,,
,20566,,,,,130,0.38830509781837463,2.7822909355163574,0.011130914092063904,0.0989450067281723,,,,
,20566,,,,,130,,,,,0.37151798605918884,2.6924688816070557,0.009824779815971851,0.0924462080001831
5e-05,20599,,,,,,,,,,,,,
,20599,0.4447411894798279,3.493070363998413,0.00649920804426074,0.08893497288227081,131,,,,,,,,
5e-05,20649,,,,,,,,,,,,,
,20649,0.3869100511074066,2.7532732486724854,0.004785471595823765,0.10679725557565689,131,,,,,,,,
5e-05,20699,,,,,,,,,,,,,
,20699,0.4202055335044861,2.8955507278442383,0.017361517995595932,0.11328896880149841,131,,,,,,,,
,20723,,,,,131,0.39007654786109924,2.7023990154266357,0.015039516612887383,0.10479714721441269,,,,
,20723,,,,,131,,,,,0.36895114183425903,2.6715614795684814,0.009541129693388939,0.0922539234161377
5e-05,20749,,,,,,,,,,,,,
,20749,0.28295060992240906,1.9300918579101562,0.003964850679039955,0.08597655594348907,132,,,,,,,,
5e-05,20799,,,,,,,,,,,,,
,20799,0.33487582206726074,2.2880282402038574,0.006133614107966423,0.09993940591812134,132,,,,,,,,
5e-05,20849,,,,,,,,,,,,,
,20849,0.31346261501312256,2.315207004547119,0.004314866848289967,0.0776270255446434,132,,,,,,,,
,20880,,,,,132,0.39459407329559326,2.8253800868988037,0.011581477709114552,0.10047461837530136,,,,
,20880,,,,,132,,,,,0.3756176233291626,2.697598457336426,0.010480666533112526,0.09537716209888458
5e-05,20899,,,,,,,,,,,,,
,20899,0.3465345799922943,2.546950340270996,0.007773342076689005,0.08406619727611542,133,,,,,,,,
5e-05,20949,,,,,,,,,,,,,
,20949,0.35058850049972534,2.718425750732422,0.012067161500453949,0.0666787251830101,133,,,,,,,,
5e-05,20999,,,,,,,,,,,,,
,20999,0.2606953978538513,2.12728214263916,0.00497365090996027,0.04299352318048477,133,,,,,,,,
,21037,,,,,133,0.4088122546672821,2.9689438343048096,0.010648566298186779,0.10126930475234985,,,,
,21037,,,,,133,,,,,0.3678538501262665,2.6462957859039307,0.009042885154485703,0.09418145567178726
5e-05,21049,,,,,,,,,,,,,
,21049,0.3603462278842926,3.016777992248535,0.004261156544089317,0.054407261312007904,134,,,,,,,,
5e-05,21099,,,,,,,,,,,,,
,21099,0.47566327452659607,3.8983259201049805,0.01785777136683464,0.06797289103269577,134,,,,,,,,
5e-05,21149,,,,,,,,,,,,,
,21149,0.3548155725002289,2.788090229034424,0.008072053082287312,0.06793446838855743,134,,,,,,,,
,21194,,,,,134,0.4023197591304779,2.9123127460479736,0.012343020178377628,0.09874539077281952,,,,
,21194,,,,,134,,,,,0.36973482370376587,2.7011215686798096,0.009207271039485931,0.090415358543396
5e-05,21199,,,,,,,,,,,,,
,21199,0.27811428904533386,1.9417297840118408,0.006393996998667717,0.07754730433225632,135,,,,,,,,
5e-05,21249,,,,,,,,,,,,,
,21249,0.30444031953811646,1.9018981456756592,0.03989357501268387,0.07435692846775055,135,,,,,,,,
5e-05,21299,,,,,,,,,,,,,
,21299,0.4275010824203491,2.834184169769287,0.004106234759092331,0.13997645676136017,135,,,,,,,,
5e-05,21349,,,,,,,,,,,,,
,21349,0.2906716465950012,1.9905622005462646,0.006379997357726097,0.08523543924093246,135,,,,,,,,
,21351,,,,,135,0.39569327235221863,2.793325185775757,0.011631953530013561,0.1047288328409195,,,,
,21351,,,,,135,,,,,0.37047165632247925,2.6536145210266113,0.009391357190907001,0.09571875631809235
5e-05,21399,,,,,,,,,,,,,
,21399,0.34887397289276123,2.2913684844970703,0.006843290291726589,0.11289385706186295,136,,,,,,,,
5e-05,21449,,,,,,,,,,,,,
,21449,0.3058507740497589,2.369870185852051,0.0059070102870464325,0.06295674294233322,136,,,,,,,,
5e-05,21499,,,,,,,,,,,,,
,21499,0.2879289984703064,2.001699209213257,0.002849106676876545,0.08490996062755585,136,,,,,,,,
,21508,,,,,136,0.4008692800998688,2.8598289489746094,0.011697215959429741,0.10318920761346817,,,,
,21508,,,,,136,,,,,0.36762675642967224,2.636489152908325,0.009436442516744137,0.09454134106636047
5e-05,21549,,,,,,,,,,,,,
,21549,0.3462482690811157,2.5574285984039307,0.004542087204754353,0.08596333116292953,137,,,,,,,,
5e-05,21599,,,,,,,,,,,,,
,21599,0.34622958302497864,2.3365612030029297,0.004346421919763088,0.10822704434394836,137,,,,,,,,
5e-05,21649,,,,,,,,,,,,,
,21649,0.4201388359069824,2.8310906887054443,0.009977881796658039,0.12705190479755402,137,,,,,,,,
,21665,,,,,137,0.38965505361557007,2.7392642498016357,0.011974542401731014,0.10375408083200455,,,,
,21665,,,,,137,,,,,0.36936885118484497,2.6546366214752197,0.008704766631126404,0.09520041197538376
5e-05,21699,,,,,,,,,,,,,
,21699,0.3547460436820984,2.2905092239379883,0.012657604180276394,0.11303754150867462,138,,,,,,,,
5e-05,21749,,,,,,,,,,,,,
,21749,0.2917686104774475,1.9961577653884888,0.006425153464078903,0.08572770655155182,138,,,,,,,,
5e-05,21799,,,,,,,,,,,,,
,21799,0.28981101512908936,2.2879135608673096,0.007742059417068958,0.05327758938074112,138,,,,,,,,
,21822,,,,,138,0.38943395018577576,2.7546920776367188,0.014464369043707848,0.09950044751167297,,,,
,21822,,,,,138,,,,,0.37295007705688477,2.707625150680542,0.010371171869337559,0.0918164849281311
5e-05,21849,,,,,,,,,,,,,
,21849,0.29179224371910095,2.4113082885742188,0.0031338282860815525,0.04752761125564575,139,,,,,,,,
5e-05,21899,,,,,,,,,,,,,
,21899,0.35796576738357544,2.5931525230407715,0.004323453642427921,0.09432705491781235,139,,,,,,,,
5e-05,21949,,,,,,,,,,,,,
,21949,0.43569034337997437,2.83103609085083,0.0068514966405928135,0.1457352638244629,139,,,,,,,,
,21979,,,,,139,0.3997650444507599,2.8747506141662598,0.011385153979063034,0.10090484470129013,,,,
,21979,,,,,139,,,,,0.37267377972602844,2.676487445831299,0.00986845325678587,0.09515660256147385
5e-05,21999,,,,,,,,,,,,,
,21999,0.3268304765224457,2.083803176879883,0.006860280409455299,0.11158987879753113,140,,,,,,,,
5e-05,22049,,,,,,,,,,,,,
,22049,0.39727237820625305,3.107794761657715,0.01488803792744875,0.07160487771034241,140,,,,,,,,
5e-05,22099,,,,,,,,,,,,,
,22099,0.3894118070602417,2.525496006011963,0.008720563724637032,0.12814167141914368,140,,,,,,,,
,22136,,,,,140,0.38940924406051636,2.671552896499634,0.014901967719197273,0.10735199600458145,,,,
,22136,,,,,140,,,,,0.372423380613327,2.681126356124878,0.009738494642078876,0.09457229822874069
5e-05,22149,,,,,,,,,,,,,
,22149,0.3421786427497864,2.5990874767303467,0.007196533028036356,0.07507333904504776,141,,,,,,,,
5e-05,22199,,,,,,,,,,,,,
,22199,0.32210883498191833,2.296224355697632,0.008073514327406883,0.08441288769245148,141,,,,,,,,
5e-05,22249,,,,,,,,,,,,,
,22249,0.2756386399269104,1.8531737327575684,0.010744068771600723,0.07957716286182404,141,,,,,,,,
,22293,,,,,141,0.3884142339229584,2.7102129459381104,0.011512492783367634,0.10588038712739944,,,,
,22293,,,,,141,,,,,0.3663192093372345,2.644028425216675,0.008853953331708908,0.09306249022483826
5e-05,22299,,,,,,,,,,,,,
,22299,0.4317997395992279,2.741835117340088,0.014951257035136223,0.14266496896743774,142,,,,,,,,
5e-05,22349,,,,,,,,,,,,,
,22349,0.37571045756340027,2.612484931945801,0.03421308472752571,0.0802488923072815,142,,,,,,,,
5e-05,22399,,,,,,,,,,,,,
,22399,0.2836288511753082,1.4063926935195923,0.004262381233274937,0.13872718811035156,142,,,,,,,,
5e-05,22449,,,,,,,,,,,,,
,22449,0.41307497024536133,3.124789237976074,0.009766120463609695,0.09082993865013123,142,,,,,,,,
,22450,,,,,142,0.39122316241264343,2.8101913928985596,0.011940068565309048,0.09826397150754929,,,,
,22450,,,,,142,,,,,0.36913540959358215,2.661764144897461,0.010349810123443604,0.09260925650596619
5e-05,22499,,,,,,,,,,,,,
,22499,0.34025177359580994,2.4061789512634277,0.012986153364181519,0.08664770424365997,143,,,,,,,,
5e-05,22549,,,,,,,,,,,,,
,22549,0.45425325632095337,3.407398223876953,0.013017271645367146,0.10049615800380707,143,,,,,,,,
5e-05,22599,,,,,,,,,,,,,
,22599,0.3460898697376251,2.583254337310791,0.0075460756197571754,0.0802183523774147,143,,,,,,,,
,22607,,,,,143,0.4024865925312042,2.8728249073028564,0.012073375284671783,0.10313063859939575,,,,
,22607,,,,,143,,,,,0.3607816994190216,2.5852468013763428,0.009176937863230705,0.09308009594678879
5e-05,22649,,,,,,,,,,,,,
,22649,0.32013848423957825,2.2686476707458496,0.007914721965789795,0.08535899221897125,144,,,,,,,,
5e-05,22699,,,,,,,,,,,,,
,22699,0.3100503087043762,1.9953479766845703,0.0032618793193250895,0.10725362598896027,144,,,,,,,,
5e-05,22749,,,,,,,,,,,,,
,22749,0.363594114780426,2.691617012023926,0.015724021941423416,0.07870835065841675,144,,,,,,,,
,22764,,,,,144,0.39531996846199036,2.8460896015167236,0.010579214431345463,0.1001318097114563,,,,
,22764,,,,,144,,,,,0.35394179821014404,2.531994581222534,0.009283814579248428,0.09145849198102951
5e-05,22799,,,,,,,,,,,,,
,22799,0.2710803747177124,1.727313756942749,0.0069143809378147125,0.09143462032079697,145,,,,,,,,
5e-05,22849,,,,,,,,,,,,,
,22849,0.33532723784446716,2.465972900390625,0.005381761118769646,0.08334816992282867,145,,,,,,,,
5e-05,22899,,,,,,,,,,,,,
,22899,0.2809523940086365,1.8315088748931885,0.0028616986237466335,0.09493981301784515,145,,,,,,,,
,22921,,,,,145,0.40192514657974243,2.8509531021118164,0.010815771296620369,0.10601410269737244,,,,
,22921,,,,,145,,,,,0.3705049157142639,2.6755549907684326,0.009480888023972511,0.09346850216388702
5e-05,22949,,,,,,,,,,,,,
,22949,0.36910873651504517,2.711520195007324,0.0057447138242423534,0.0922120064496994,146,,,,,,,,
5e-05,22999,,,,,,,,,,,,,
,22999,0.24031879007816315,1.4419260025024414,0.004668370820581913,0.09145782142877579,146,,,,,,,,
5e-05,23049,,,,,,,,,,,,,
,23049,0.3122949004173279,1.8890480995178223,0.008430244401097298,0.11495987325906754,146,,,,,,,,
,23078,,,,,146,0.40286490321159363,2.836337089538574,0.013736037537455559,0.1054951548576355,,,,
,23078,,,,,146,,,,,0.3730051517486572,2.703763961791992,0.010202561505138874,0.09242622554302216
5e-05,23099,,,,,,,,,,,,,
,23099,0.4824482798576355,3.874661684036255,0.004186511039733887,0.09079558402299881,147,,,,,,,,
5e-05,23149,,,,,,,,,,,,,
,23149,0.2827536463737488,1.554823637008667,0.0076713827438652515,0.11959992349147797,147,,,,,,,,
5e-05,23199,,,,,,,,,,,,,
,23199,0.28121083974838257,2.0864384174346924,0.0037748960312455893,0.06879211217164993,147,,,,,,,,
,23235,,,,,147,0.39460355043411255,2.820023536682129,0.010541962459683418,0.10205932706594467,,,,
,23235,,,,,147,,,,,0.3717312812805176,2.6984312534332275,0.01073391828685999,0.09115415811538696
5e-05,23249,,,,,,,,,,,,,
,23249,0.4000585675239563,2.831430435180664,0.007580429315567017,0.10933507978916168,148,,,,,,,,
5e-05,23299,,,,,,,,,,,,,
,23299,0.4372614026069641,3.0851082801818848,0.00829770602285862,0.120452880859375,148,,,,,,,,
5e-05,23349,,,,,,,,,,,,,
,23349,0.4006668031215668,3.035115957260132,0.01954755000770092,0.0776076540350914,148,,,,,,,,
,23392,,,,,148,0.4111257493495941,3.0325229167938232,0.010782303288578987,0.09709111601114273,,,,
,23392,,,,,148,,,,,0.37282341718673706,2.6890511512756348,0.010383040644228458,0.09353525191545486
5e-05,23399,,,,,,,,,,,,,
,23399,0.3618762493133545,2.5392701625823975,0.025992069393396378,0.081957146525383,149,,,,,,,,
5e-05,23449,,,,,,,,,,,,,
,23449,0.3663768470287323,2.852904796600342,0.010159425437450409,0.07092694938182831,149,,,,,,,,
5e-05,23499,,,,,,,,,,,,,
,23499,0.36313098669052124,2.622548818588257,0.004880409687757492,0.09599567949771881,149,,,,,,,,
5e-05,23549,,,,,,,,,,,,,
,23549,0.6543203592300415,5.760295867919922,0.008153548464179039,0.07013721019029617,149,,,,,,,,
,23549,,,,,149,0.3822379410266876,2.6775336265563965,0.010980788618326187,0.10350382328033447,,,,
,23549,,,,,149,,,,,0.37694379687309265,2.7102415561676025,0.01041546743363142,0.09550406783819199
5e-05,23599,,,,,,,,,,,,,
,23599,0.32203787565231323,2.2565250396728516,0.012061679735779762,0.08432366698980331,150,,,,,,,,
5e-05,23649,,,,,,,,,,,,,
,23649,0.3024305999279022,1.8334078788757324,0.002460459480062127,0.11662935465574265,150,,,,,,,,
5e-05,23699,,,,,,,,,,,,,
,23699,0.3858671486377716,2.4058892726898193,0.034361619502305984,0.1109166070818901,150,,,,,,,,
,23706,,,,,150,0.4139917492866516,3.0141470432281494,0.012923427857458591,0.09965358674526215,,,,
,23706,,,,,150,,,,,0.36540496349334717,2.6042540073394775,0.01049234252423048,0.09448705613613129
5e-05,23749,,,,,,,,,,,,,
,23749,0.4110976457595825,3.3663368225097656,0.008642392233014107,0.0658215880393982,151,,,,,,,,
5e-05,23799,,,,,,,,,,,,,
,23799,0.3386930227279663,2.2015457153320312,0.015061236917972565,0.10347719490528107,151,,,,,,,,
5e-05,23849,,,,,,,,,,,,,
,23849,0.3459933400154114,2.6767449378967285,0.007337909657508135,0.07098092883825302,151,,,,,,,,
,23863,,,,,151,0.4006165862083435,2.842409372329712,0.009217344224452972,0.10715825855731964,,,,
,23863,,,,,151,,,,,0.37654682993888855,2.716435194015503,0.00982442032545805,0.09507887810468674
5e-05,23899,,,,,,,,,,,,,
,23899,0.409786581993103,3.229081630706787,0.008807145990431309,0.07807126641273499,152,,,,,,,,
5e-05,23949,,,,,,,,,,,,,
,23949,0.41277068853378296,3.0341432094573975,0.0035317412111908197,0.10582462698221207,152,,,,,,,,
5e-05,23999,,,,,,,,,,,,,
,23999,0.41312485933303833,3.1997251510620117,0.0029921825043857098,0.09016014635562897,152,,,,,,,,
,24020,,,,,152,0.39418190717697144,2.794917106628418,0.014959262683987617,0.0997309461236,,,,
,24020,,,,,152,,,,,0.36723649501800537,2.651892900466919,0.008597477339208126,0.0934496596455574
5e-05,24049,,,,,,,,,,,,,
,24049,0.3690533936023712,2.780672550201416,0.004989370238035917,0.08599677681922913,153,,,,,,,,
5e-05,24099,,,,,,,,,,,,,
,24099,0.40553659200668335,3.0737457275390625,0.010659603402018547,0.0875023677945137,153,,,,,,,,
5e-05,24149,,,,,,,,,,,,,
,24149,0.2594699263572693,1.7483832836151123,0.005714672617614269,0.07891692221164703,153,,,,,,,,
,24177,,,,,153,0.3822513222694397,2.7329647541046143,0.012623266316950321,0.09633158147335052,,,,
,24177,,,,,153,,,,,0.36674654483795166,2.6516735553741455,0.009644569829106331,0.09193477034568787
5e-05,24199,,,,,,,,,,,,,
,24199,0.37423041462898254,2.5445287227630615,0.010061200708150864,0.10971631109714508,154,,,,,,,,
5e-05,24249,,,,,,,,,,,,,
,24249,0.3639335334300995,2.3552162647247314,0.011283045634627342,0.11712883412837982,154,,,,,,,,
5e-05,24299,,,,,,,,,,,,,
,24299,0.35908424854278564,2.5518391132354736,0.017217310145497322,0.0866830050945282,154,,,,,,,,
,24334,,,,,154,0.3999617099761963,2.813023328781128,0.012874213047325611,0.10578510165214539,,,,
,24334,,,,,154,,,,,0.37095189094543457,2.652939796447754,0.009424237534403801,0.09623374044895172
5e-05,24349,,,,,,,,,,,,,
,24349,0.38054800033569336,2.878901958465576,0.004082772880792618,0.08857499063014984,155,,,,,,,,
5e-05,24399,,,,,,,,,,,,,
,24399,0.332050085067749,2.6213107109069824,0.005813678726553917,0.0641053169965744,155,,,,,,,,
5e-05,24449,,,,,,,,,,,,,
,24449,0.3764585852622986,2.528980255126953,0.02180343307554722,0.10175711661577225,155,,,,,,,,
,24491,,,,,155,0.39594560861587524,2.7706689834594727,0.01640813983976841,0.10247054696083069,,,,
,24491,,,,,155,,,,,0.3777855932712555,2.719527006149292,0.010064584203064442,0.09576833248138428
5e-05,24499,,,,,,,,,,,,,
,24499,0.3338477611541748,2.519441604614258,0.007340764626860619,0.07456283271312714,156,,,,,,,,
5e-05,24549,,,,,,,,,,,,,
,24549,0.31658312678337097,2.0040438175201416,0.007598455995321274,0.10858028382062912,156,,,,,,,,
5e-05,24599,,,,,,,,,,,,,
,24599,0.48514923453330994,3.8653101921081543,0.005769890267401934,0.09284836053848267,156,,,,,,,,
,24648,,,,,156,0.4205937087535858,3.044703960418701,0.013560271821916103,0.10256306827068329,,,,
,24648,,,,,156,,,,,0.38109347224235535,2.7670929431915283,0.009104016236960888,0.09528008848428726
5e-05,24649,,,,,,,,,,,,,
,24649,0.3115744888782501,2.165008544921875,0.004864995367825031,0.09020861983299255,157,,,,,,,,
5e-05,24699,,,,,,,,,,,,,
,24699,0.34824690222740173,2.435194969177246,0.013719076290726662,0.09100831300020218,157,,,,,,,,
5e-05,24749,,,,,,,,,,,,,
,24749,0.30704575777053833,2.109513759613037,0.0027953542303293943,0.09329899400472641,157,,,,,,,,
5e-05,24799,,,,,,,,,,,,,
,24799,0.31926241517066956,2.3095037937164307,0.003881182987242937,0.08443087339401245,157,,,,,,,,
,24805,,,,,157,0.3895602524280548,2.7492613792419434,0.009951646439731121,0.10468247532844543,,,,
,24805,,,,,157,,,,,0.3702071011066437,2.683692693710327,0.009071839042007923,0.09276607632637024
5e-05,24849,,,,,,,,,,,,,
,24849,0.3939686417579651,2.8632984161376953,0.005453418008983135,0.10218537598848343,158,,,,,,,,
5e-05,24899,,,,,,,,,,,,,
,24899,0.2783210873603821,1.6210072040557861,0.0038295271806418896,0.11239083111286163,158,,,,,,,,
5e-05,24949,,,,,,,,,,,,,
,24949,0.2143665850162506,1.292616367340088,0.00471772626042366,0.08038723468780518,158,,,,,,,,
,24962,,,,,158,0.4050147533416748,2.9293265342712402,0.011017346754670143,0.1010647788643837,,,,
,24962,,,,,158,,,,,0.3650200366973877,2.6119046211242676,0.009775537066161633,0.0940539762377739
5e-05,24999,,,,,,,,,,,,,
,24999,0.3822036683559418,3.0850672721862793,0.003686340292915702,0.07001058757305145,159,,,,,,,,
5e-05,25049,,,,,,,,,,,,,
,25049,0.3490617275238037,2.4823265075683594,0.004850313533097506,0.09597878158092499,159,,,,,,,,
5e-05,25099,,,,,,,,,,,,,
,25099,0.2983357012271881,1.9903210401535034,0.02739204652607441,0.07191154360771179,159,,,,,,,,
,25119,,,,,159,0.4026435613632202,2.938814401626587,0.011290770024061203,0.09747131913900375,,,,
,25119,,,,,159,,,,,0.3638356328010559,2.6188862323760986,0.009106508456170559,0.0928405374288559
5e-05,25149,,,,,,,,,,,,,
,25149,0.4267578125,3.171187400817871,0.009818144142627716,0.09982091933488846,160,,,,,,,,
5e-05,25199,,,,,,,,,,,,,
,25199,0.4859575033187866,3.9301505088806152,0.00759053323417902,0.08535191416740417,160,,,,,,,,
5e-05,25249,,,,,,,,,,,,,
,25249,0.2746014893054962,1.5284199714660645,0.008862646296620369,0.1128968596458435,160,,,,,,,,
,25276,,,,,160,0.39252737164497375,2.801718235015869,0.01089452300220728,0.10146110504865646,,,,
,25276,,,,,160,,,,,0.3698692321777344,2.671929359436035,0.01013261079788208,0.0925435796380043
5e-05,25299,,,,,,,,,,,,,
,25299,0.2515437602996826,1.3548479080200195,0.003846219275146723,0.11221274733543396,161,,,,,,,,
5e-05,25349,,,,,,,,,,,,,
,25349,0.3130803406238556,2.094857692718506,0.00803232192993164,0.09556223452091217,161,,,,,,,,
5e-05,25399,,,,,,,,,,,,,
,25399,0.2984164357185364,2.3419291973114014,0.01043003425002098,0.05379349738359451,161,,,,,,,,
,25433,,,,,161,0.40735921263694763,2.984849214553833,0.010525759309530258,0.09834843128919601,,,,
,25433,,,,,161,,,,,0.3695017993450165,2.621396780014038,0.008998497389256954,0.0983637347817421
5e-05,25449,,,,,,,,,,,,,
,25449,0.3070377707481384,2.1985421180725098,0.025824598968029022,0.06135899946093559,162,,,,,,,,
5e-05,25499,,,,,,,,,,,,,
,25499,0.31381574273109436,2.4592490196228027,0.006580354180186987,0.061310455203056335,162,,,,,,,,
5e-05,25549,,,,,,,,,,,,,
,25549,0.35348278284072876,2.14271879196167,0.0033413777127861977,0.13586948812007904,162,,,,,,,,
,25590,,,,,162,0.3996252417564392,2.840679407119751,0.010499920696020126,0.10505738854408264,,,,
,25590,,,,,162,,,,,0.37599241733551025,2.7427918910980225,0.009222378954291344,0.09249093383550644
5e-05,25599,,,,,,,,,,,,,
,25599,0.29145362973213196,1.8033831119537354,0.006379623897373676,0.10473567247390747,163,,,,,,,,
5e-05,25649,,,,,,,,,,,,,
,25649,0.3912305533885956,2.5769436359405518,0.010410629212856293,0.12312556803226471,163,,,,,,,,
5e-05,25699,,,,,,,,,,,,,
,25699,0.44815731048583984,3.445150136947632,0.0110315615311265,0.09261070191860199,163,,,,,,,,
,25747,,,,,163,0.3935081362724304,2.810750961303711,0.011786343529820442,0.1006467416882515,,,,
,25747,,,,,163,,,,,0.3629041612148285,2.631284236907959,0.009179075248539448,0.09059687703847885
5e-05,25749,,,,,,,,,,,,,
,25749,0.38625532388687134,2.8913376331329346,0.0051285563968122005,0.09199296683073044,164,,,,,,,,
5e-05,25799,,,,,,,,,,,,,
,25799,0.25144362449645996,1.7126587629318237,0.0027491790242493153,0.07742857187986374,164,,,,,,,,
5e-05,25849,,,,,,,,,,,,,
,25849,0.2574915885925293,1.5608725547790527,0.002605980262160301,0.09879836440086365,164,,,,,,,,
5e-05,25899,,,,,,,,,,,,,
,25899,0.30223172903060913,2.2778897285461426,0.0036708000116050243,0.07077193260192871,164,,,,,,,,
,25904,,,,,164,0.3995247185230255,2.867415428161621,0.01097896508872509,0.10180415958166122,,,,
,25904,,,,,164,,,,,0.3706257939338684,2.664954900741577,0.00876122061163187,0.0953691303730011
5e-05,25949,,,,,,,,,,,,,
,25949,0.3100133538246155,1.9382648468017578,0.006102829705923796,0.11008402705192566,165,,,,,,,,
5e-05,25999,,,,,,,,,,,,,
,25999,0.2673113942146301,1.7370009422302246,0.0082719000056386,0.08533939719200134,165,,,,,,,,
5e-05,26049,,,,,,,,,,,,,
,26049,0.416890025138855,3.1340417861938477,0.004150692839175463,0.09933514893054962,165,,,,,,,,
,26061,,,,,165,0.3899831771850586,2.7731666564941406,0.010824879631400108,0.10184160619974136,,,,
,26061,,,,,165,,,,,0.37875896692276,2.755120277404785,0.009418447501957417,0.09382855892181396
5e-05,26099,,,,,,,,,,,,,
,26099,0.26292258501052856,1.740189552307129,0.002779632341116667,0.0861240029335022,166,,,,,,,,
5e-05,26149,,,,,,,,,,,,,
,26149,0.34640973806381226,2.4140608310699463,0.010182762518525124,0.09482086449861526,166,,,,,,,,
5e-05,26199,,,,,,,,,,,,,
,26199,0.40007856488227844,2.9799644947052,0.005230339709669352,0.09685176610946655,166,,,,,,,,
,26218,,,,,166,0.41440197825431824,3.0415170192718506,0.01326559204608202,0.09698468446731567,,,,
,26218,,,,,166,,,,,0.3722841739654541,2.685976028442383,0.010278375819325447,0.09340807795524597
5e-05,26249,,,,,,,,,,,,,
,26249,0.35417938232421875,2.5881783962249756,0.004072618205100298,0.09128890931606293,167,,,,,,,,
5e-05,26299,,,,,,,,,,,,,
,26299,0.5134580731391907,4.161774635314941,0.0074259210377931595,0.0898546501994133,167,,,,,,,,
5e-05,26349,,,,,,,,,,,,,
,26349,0.33501899242401123,2.263174295425415,0.005695757456123829,0.10300584137439728,167,,,,,,,,
,26375,,,,,167,0.40633076429367065,2.973417282104492,0.011963579803705215,0.09702540934085846,,,,
,26375,,,,,167,,,,,0.3708766996860504,2.700054883956909,0.009015646763145924,0.09185569733381271
5e-05,26399,,,,,,,,,,,,,
,26399,0.3237581253051758,2.2827436923980713,0.005711454898118973,0.0897723138332367,168,,,,,,,,
5e-05,26449,,,,,,,,,,,,,
,26449,0.415514200925827,3.4997987747192383,0.00888475589454174,0.05664953589439392,168,,,,,,,,
5e-05,26499,,,,,,,,,,,,,
,26499,0.3581277132034302,2.515099048614502,0.0047033196315169334,0.10191448032855988,168,,,,,,,,
,26532,,,,,168,0.39491936564445496,2.830381155014038,0.011200346052646637,0.1006808876991272,,,,
,26532,,,,,168,,,,,0.36556029319763184,2.633524179458618,0.009158183820545673,0.09304957836866379
5e-05,26549,,,,,,,,,,,,,
,26549,0.40821343660354614,2.7876486778259277,0.003427613526582718,0.12602093815803528,169,,,,,,,,
5e-05,26599,,,,,,,,,,,,,
,26599,0.36812251806259155,2.7257237434387207,0.014304437674582005,0.08124573528766632,169,,,,,,,,
5e-05,26649,,,,,,,,,,,,,
,26649,0.3908166289329529,3.0652565956115723,0.01989046484231949,0.06440052390098572,169,,,,,,,,
,26689,,,,,169,0.3987194895744324,2.8654091358184814,0.01034941989928484,0.10182909667491913,,,,
,26689,,,,,169,,,,,0.3751929700374603,2.7386436462402344,0.009102989919483662,0.09222541749477386
5e-05,26699,,,,,,,,,,,,,
,26699,0.35082441568374634,2.1399080753326416,0.026501992717385292,0.11033160984516144,170,,,,,,,,
5e-05,26749,,,,,,,,,,,,,
,26749,0.507644772529602,4.134632110595703,0.018746698275208473,0.07543483376502991,170,,,,,,,,
5e-05,26799,,,,,,,,,,,,,
,26799,0.38399288058280945,2.7185869216918945,0.0037564383819699287,0.10837776958942413,170,,,,,,,,
,26846,,,,,170,0.3857003450393677,2.6885571479797363,0.01503382995724678,0.10181081295013428,,,,
,26846,,,,,170,,,,,0.3665861487388611,2.6500892639160156,0.009570226073265076,0.09200702607631683
5e-05,26849,,,,,,,,,,,,,
,26849,0.3501645624637604,2.593700408935547,0.007455606013536453,0.08333888649940491,171,,,,,,,,
5e-05,26899,,,,,,,,,,,,,
,26899,0.38497239351272583,2.5188374519348145,0.0036279852502048016,0.1294606626033783,171,,,,,,,,
5e-05,26949,,,,,,,,,,,,,
,26949,0.3428238332271576,2.444031238555908,0.01086999662220478,0.08755071461200714,171,,,,,,,,
5e-05,26999,,,,,,,,,,,,,
,26999,0.2955169677734375,2.028392791748047,0.0030546903144568205,0.08962298929691315,171,,,,,,,,
,27003,,,,,171,0.40155524015426636,2.8064703941345215,0.015496828593313694,0.10541138797998428,,,,
,27003,,,,,171,,,,,0.36976689100265503,2.677074909210205,0.00870312936604023,0.0933561772108078
5e-05,27049,,,,,,,,,,,,,
,27049,0.3563084900379181,2.3852193355560303,0.007911021821200848,0.10987552255392075,172,,,,,,,,
5e-05,27099,,,,,,,,,,,,,
,27099,0.4139494299888611,3.323915719985962,0.006555285770446062,0.07500255107879639,172,,,,,,,,
5e-05,27149,,,,,,,,,,,,,
,27149,0.333991140127182,2.411740779876709,0.006850549951195717,0.08596651256084442,172,,,,,,,,
,27160,,,,,172,0.38076871633529663,2.696485996246338,0.010672627948224545,0.10044755041599274,,,,
,27160,,,,,172,,,,,0.3607209622859955,2.591238021850586,0.010101527906954288,0.09149563312530518
5e-05,27199,,,,,,,,,,,,,
,27199,0.4449261724948883,3.1767802238464355,0.024542786180973053,0.10270535200834274,173,,,,,,,,
5e-05,27249,,,,,,,,,,,,,
,27249,0.3300141990184784,1.997697353363037,0.005027195904403925,0.1252172589302063,173,,,,,,,,
5e-05,27299,,,,,,,,,,,,,
,27299,0.339806467294693,2.4387881755828857,0.007805914618074894,0.08812173455953598,173,,,,,,,,
,27317,,,,,173,0.4057759940624237,2.869006872177124,0.01222140621393919,0.10665392875671387,,,,
,27317,,,,,173,,,,,0.3708615005016327,2.7034738063812256,0.008986821398139,0.09152723103761673
5e-05,27349,,,,,,,,,,,,,
,27349,0.2907984256744385,1.9736675024032593,0.02630377560853958,0.06712789833545685,174,,,,,,,,
5e-05,27399,,,,,,,,,,,,,
,27399,0.31399697065353394,2.1029391288757324,0.004534871317446232,0.09916819632053375,174,,,,,,,,
5e-05,27449,,,,,,,,,,,,,
,27449,0.4341753125190735,3.0922162532806396,0.005110925994813442,0.11984273046255112,174,,,,,,,,
,27474,,,,,174,0.38863950967788696,2.75930118560791,0.009194275364279747,0.10351499915122986,,,,
,27474,,,,,174,,,,,0.3757806122303009,2.7086589336395264,0.009196414612233639,0.09571836143732071
5e-05,27499,,,,,,,,,,,,,
,27499,0.41522228717803955,3.1636335849761963,0.002945937914773822,0.09591299295425415,175,,,,,,,,
5e-05,27549,,,,,,,,,,,,,
,27549,0.2415110170841217,1.4216477870941162,0.0031459168531000614,0.09620033204555511,175,,,,,,,,
5e-05,27599,,,,,,,,,,,,,
,27599,0.4755657911300659,3.5153913497924805,0.004857687745243311,0.1191689670085907,175,,,,,,,,
,27631,,,,,175,0.38912704586982727,2.7570102214813232,0.01277538575232029,0.1006506085395813,,,,
,27631,,,,,175,,,,,0.3652125597000122,2.619032144546509,0.011074789799749851,0.0922345295548439
5e-05,27649,,,,,,,,,,,,,
,27649,0.5418050289154053,4.543817043304443,0.012111429125070572,0.07531186938285828,176,,,,,,,,
5e-05,27699,,,,,,,,,,,,,
,27699,0.428705096244812,3.031362771987915,0.005622511729598045,0.11994629353284836,176,,,,,,,,
5e-05,27749,,,,,,,,,,,,,
,27749,0.33876609802246094,2.295299768447876,0.002586112357676029,0.10665000975131989,176,,,,,,,,
,27788,,,,,176,0.401309072971344,2.8754231929779053,0.010270096361637115,0.10349662601947784,,,,
,27788,,,,,176,,,,,0.36734047532081604,2.6606130599975586,0.00824239756911993,0.09303677082061768
5e-05,27799,,,,,,,,,,,,,
,27799,0.29809725284576416,2.4243249893188477,0.0037206897977739573,0.0519440621137619,177,,,,,,,,
5e-05,27849,,,,,,,,,,,,,
,27849,0.35036700963974,2.757556200027466,0.01221861969679594,0.06239277124404907,177,,,,,,,,
5e-05,27899,,,,,,,,,,,,,
,27899,0.3328137993812561,2.6025333404541016,0.00938456505537033,0.06317590177059174,177,,,,,,,,
,27945,,,,,177,0.39288175106048584,2.8564863204956055,0.011329902336001396,0.09590322524309158,,,,
,27945,,,,,177,,,,,0.3672405481338501,2.6830573081970215,0.00963698048144579,0.08929787576198578
5e-05,27949,,,,,,,,,,,,,
,27949,0.4626713991165161,3.687804698944092,0.0041971998289227486,0.08969369530677795,178,,,,,,,,
5e-05,27999,,,,,,,,,,,,,
,27999,0.28838467597961426,1.805783987045288,0.0035043428651988506,0.10430191457271576,178,,,,,,,,
5e-05,28049,,,,,,,,,,,,,
,28049,0.40917694568634033,2.879837989807129,0.0046353088691830635,0.11655782163143158,178,,,,,,,,
5e-05,28099,,,,,,,,,,,,,
,28099,0.21775490045547485,1.2857842445373535,0.0030541634187102318,0.0861223042011261,178,,,,,,,,
,28102,,,,,178,0.39581558108329773,2.7933857440948486,0.010086530819535255,0.10639046877622604,,,,
,28102,,,,,178,,,,,0.3662010729312897,2.650364398956299,0.008596873842179775,0.09256786108016968
5e-05,28149,,,,,,,,,,,,,
,28149,0.3165668249130249,2.1345415115356445,0.00561248604208231,0.09750014543533325,179,,,,,,,,
5e-05,28199,,,,,,,,,,,,,
,28199,0.35237517952919006,2.6818790435791016,0.002481963951140642,0.08170531690120697,179,,,,,,,,
5e-05,28249,,,,,,,,,,,,,
,28249,0.41479164361953735,3.092164993286133,0.00637692678719759,0.09919825196266174,179,,,,,,,,
,28259,,,,,179,0.40504515171051025,2.9244306087493896,0.012469443492591381,0.10013266652822495,,,,
,28259,,,,,179,,,,,0.37979909777641296,2.8107903003692627,0.009398048743605614,0.08932200074195862
5e-05,28299,,,,,,,,,,,,,
,28299,0.3835638761520386,2.7085323333740234,0.00740233575925231,0.10530829429626465,180,,,,,,,,
5e-05,28349,,,,,,,,,,,,,
,28349,0.3666841983795166,2.3756392002105713,0.0029108377639204264,0.12620943784713745,180,,,,,,,,
5e-05,28399,,,,,,,,,,,,,
,28399,0.3588549792766571,2.509805202484131,0.0039945682510733604,0.103879913687706,180,,,,,,,,
,28416,,,,,180,0.4063287377357483,2.848074436187744,0.01659584417939186,0.10492554306983948,,,,
,28416,,,,,180,,,,,0.3591315448284149,2.5753860473632812,0.009073933586478233,0.09251904487609863
5e-05,28449,,,,,,,,,,,,,
,28449,0.4097205102443695,3.0409319400787354,0.004792403429746628,0.100834921002388,181,,,,,,,,
5e-05,28499,,,,,,,,,,,,,
,28499,0.38834649324417114,2.743427276611328,0.005051712971180677,0.10895203799009323,181,,,,,,,,
5e-05,28549,,,,,,,,,,,,,
,28549,0.39609378576278687,3.024568557739258,0.007459848187863827,0.08617708086967468,181,,,,,,,,
,28573,,,,,181,0.4088343381881714,2.985177755355835,0.013422351330518723,0.09689419716596603,,,,
,28573,,,,,181,,,,,0.3690737187862396,2.6935386657714844,0.008480644784867764,0.09123926609754562
5e-05,28599,,,,,,,,,,,,,
,28599,0.31828758120536804,2.226710319519043,0.006574778817594051,0.08904176950454712,182,,,,,,,,
5e-05,28649,,,,,,,,,,,,,
,28649,0.3137166500091553,2.0906991958618164,0.004912012256681919,0.09973473846912384,182,,,,,,,,
5e-05,28699,,,,,,,,,,,,,
,28699,0.5081907510757446,4.095062255859375,0.007469173986464739,0.09121531248092651,182,,,,,,,,
,28730,,,,,182,0.4164363741874695,3.006169080734253,0.00926086027175188,0.10655863583087921,,,,
,28730,,,,,182,,,,,0.3620079457759857,2.601212739944458,0.00975137297064066,0.09213533997535706
5e-05,28749,,,,,,,,,,,,,
,28749,0.5214000940322876,4.499555587768555,0.008962586522102356,0.06248192861676216,183,,,,,,,,
5e-05,28799,,,,,,,,,,,,,
,28799,0.33880525827407837,2.6272549629211426,0.004527869634330273,0.07155187427997589,183,,,,,,,,
5e-05,28849,,,,,,,,,,,,,
,28849,0.3589022755622864,2.634708881378174,0.010601222515106201,0.08483016490936279,183,,,,,,,,
,28887,,,,,183,0.3859405815601349,2.7314929962158203,0.011795195750892162,0.10099601745605469,,,,
,28887,,,,,183,,,,,0.36701464653015137,2.6459293365478516,0.010720685124397278,0.09170105308294296
5e-05,28899,,,,,,,,,,,,,
,28899,0.4720280170440674,3.6638152599334717,0.0184013769030571,0.08724509179592133,184,,,,,,,,
5e-05,28949,,,,,,,,,,,,,
,28949,0.38267943263053894,2.733474016189575,0.013627715408802032,0.09570430964231491,184,,,,,,,,
5e-05,28999,,,,,,,,,,,,,
,28999,0.4346003532409668,3.5455915927886963,0.005745068192481995,0.07429610937833786,184,,,,,,,,
,29044,,,,,184,0.38770607113838196,2.8008623123168945,0.011452585458755493,0.09616727381944656,,,,
,29044,,,,,184,,,,,0.36026889085769653,2.6151366233825684,0.008591197431087494,0.09016405791044235
5e-05,29049,,,,,,,,,,,,,
,29049,0.35479506850242615,2.697035074234009,0.01924769952893257,0.065843865275383,185,,,,,,,,
5e-05,29099,,,,,,,,,,,,,
,29099,0.3267081379890442,2.334233522415161,0.008875451982021332,0.08440931141376495,185,,,,,,,,
5e-05,29149,,,,,,,,,,,,,
,29149,0.4059082865715027,3.2378883361816406,0.008633613586425781,0.0734858512878418,185,,,,,,,,
5e-05,29199,,,,,,,,,,,,,
,29199,0.4174899756908417,3.472890853881836,0.017489811405539513,0.052711084485054016,185,,,,,,,,
,29201,,,,,185,0.40148425102233887,2.860276460647583,0.013070199638605118,0.1023864597082138,,,,
,29201,,,,,185,,,,,0.3581066429615021,2.5767273902893066,0.008952278643846512,0.09148142486810684
5e-05,29249,,,,,,,,,,,,,
,29249,0.46214187145233154,3.930959463119507,0.007852106355130672,0.06119382753968239,186,,,,,,,,
5e-05,29299,,,,,,,,,,,,,
,29299,0.26525384187698364,1.4191620349884033,0.005112850572913885,0.11822478473186493,186,,,,,,,,
5e-05,29349,,,,,,,,,,,,,
,29349,0.38325297832489014,2.9295263290405273,0.0083472840487957,0.08195304125547409,186,,,,,,,,
,29358,,,,,186,0.3913472890853882,2.796726942062378,0.009239297360181808,0.10243530571460724,,,,
,29358,,,,,186,,,,,0.37120336294174194,2.6806068420410156,0.009089991450309753,0.09405278414487839
5e-05,29399,,,,,,,,,,,,,
,29399,0.3077061176300049,1.7728890180587769,0.0017874257173389196,0.12862978875637054,187,,,,,,,,
5e-05,29449,,,,,,,,,,,,,
,29449,0.3181588649749756,2.0889182090759277,0.008866345509886742,0.10040071606636047,187,,,,,,,,
5e-05,29499,,,,,,,,,,,,,
,29499,0.37576431035995483,3.1214771270751953,0.011452057398855686,0.05216453969478607,187,,,,,,,,
,29515,,,,,187,0.3970988690853119,2.891897678375244,0.0123294647783041,0.09557969868183136,,,,
,29515,,,,,187,,,,,0.36650902032852173,2.6472671031951904,0.009119517169892788,0.09266270697116852
5e-05,29549,,,,,,,,,,,,,
,29549,0.31430283188819885,1.808941125869751,0.005730854347348213,0.12767785787582397,188,,,,,,,,
5e-05,29599,,,,,,,,,,,,,
,29599,0.42920392751693726,3.1093640327453613,0.013664432801306248,0.10460309684276581,188,,,,,,,,
5e-05,29649,,,,,,,,,,,,,
,29649,0.3731977939605713,2.886949062347412,0.007169980555772781,0.07733289152383804,188,,,,,,,,
,29672,,,,,188,0.3841734826564789,2.648866653442383,0.011972732841968536,0.10731405019760132,,,,
,29672,,,,,188,,,,,0.3703198730945587,2.675969123840332,0.010800599120557308,0.09192242473363876
5e-05,29699,,,,,,,,,,,,,
,29699,0.40712398290634155,3.201737403869629,0.006233683787286282,0.08071654289960861,189,,,,,,,,
5e-05,29749,,,,,,,,,,,,,
,29749,0.4015498757362366,2.901157855987549,0.013318484649062157,0.09811557829380035,189,,,,,,,,
5e-05,29799,,,,,,,,,,,,,
,29799,0.5611730813980103,4.459286689758301,0.007706573698669672,0.10753780603408813,189,,,,,,,,
,29829,,,,,189,0.39177295565605164,2.812501907348633,0.009369139559566975,0.10115370154380798,,,,
,29829,,,,,189,,,,,0.36743369698524475,2.680950880050659,0.008193647488951683,0.0911448746919632
5e-05,29849,,,,,,,,,,,,,
,29849,0.26440882682800293,1.8010928630828857,0.004571464844048023,0.07972806692123413,190,,,,,,,,
5e-05,29899,,,,,,,,,,,,,
,29899,0.4282872676849365,3.2730584144592285,0.009900771081447601,0.09108063578605652,190,,,,,,,,
5e-05,29949,,,,,,,,,,,,,
,29949,0.27760452032089233,1.9461398124694824,0.004180715419352055,0.07880983501672745,190,,,,,,,,
,29986,,,,,190,0.4126049280166626,3.000553846359253,0.011957182548940182,0.10059235990047455,,,,
,29986,,,,,190,,,,,0.3674655854701996,2.668564558029175,0.00921107828617096,0.0913979709148407
5e-05,29999,,,,,,,,,,,,,
,29999,0.3206142485141754,2.420729875564575,0.005824730731546879,0.07271654158830643,191,,,,,,,,
5e-05,30049,,,,,,,,,,,,,
,30049,0.3499681353569031,2.7839181423187256,0.006286851596087217,0.0652894675731659,191,,,,,,,,
5e-05,30099,,,,,,,,,,,,,
,30099,0.3638761639595032,2.8926777839660645,0.006364057771861553,0.0682443231344223,191,,,,,,,,
,30143,,,,,191,0.4032677114009857,2.8692431449890137,0.010950015857815742,0.10539338737726212,,,,
,30143,,,,,191,,,,,0.374922513961792,2.7406206130981445,0.00971788540482521,0.09114234149456024
5e-05,30149,,,,,,,,,,,,,
,30149,0.29597270488739014,1.8943737745285034,0.004536653868854046,0.10199864208698273,192,,,,,,,,
5e-05,30199,,,,,,,,,,,,,
,30199,0.35816407203674316,2.7243456840515137,0.004853182006627321,0.08087634295225143,192,,,,,,,,
5e-05,30249,,,,,,,,,,,,,
,30249,0.5293439626693726,4.320062160491943,0.00813270267099142,0.08920503407716751,192,,,,,,,,
5e-05,30299,,,,,,,,,,,,,
,30299,0.34164583683013916,2.5209503173828125,0.022512461990118027,0.06703831255435944,192,,,,,,,,
,30300,,,,,192,0.436120867729187,3.127051591873169,0.016275521367788315,0.10714026540517807,,,,
,30300,,,,,192,,,,,0.3592767119407654,2.592503309249878,0.008572096936404705,0.09145418554544449
5e-05,30349,,,,,,,,,,,,,
,30349,0.44531887769699097,3.7606067657470703,0.0032787881791591644,0.06597934663295746,193,,,,,,,,
5e-05,30399,,,,,,,,,,,,,
,30399,0.273158460855484,2.0982954502105713,0.0040907165966928005,0.05923818424344063,193,,,,,,,,
5e-05,30449,,,,,,,,,,,,,
,30449,0.3900313377380371,2.925746440887451,0.004380617290735245,0.09307606518268585,193,,,,,,,,
,30457,,,,,193,0.40203753113746643,2.889503002166748,0.008830197155475616,0.10425712168216705,,,,
,30457,,,,,193,,,,,0.3661970794200897,2.6239829063415527,0.008772711269557476,0.09502597898244858
5e-05,30499,,,,,,,,,,,,,
,30499,0.28533440828323364,2.0654711723327637,0.020529216155409813,0.058258071541786194,194,,,,,,,,
5e-05,30549,,,,,,,,,,,,,
,30549,0.408924400806427,2.7495765686035156,0.008940048515796661,0.12502673268318176,194,,,,,,,,
5e-05,30599,,,,,,,,,,,,,
,30599,0.4023498594760895,3.251300811767578,0.011304796673357487,0.06591497361660004,194,,,,,,,,
,30614,,,,,194,0.36319154500961304,2.5054874420166016,0.011375444941222668,0.10126735270023346,,,,
,30614,,,,,194,,,,,0.3668293356895447,2.6494479179382324,0.009136614389717579,0.09274796396493912
5e-05,30649,,,,,,,,,,,,,
,30649,0.28763651847839355,1.854305386543274,0.015600766986608505,0.08660522103309631,195,,,,,,,,
5e-05,30699,,,,,,,,,,,,,
,30699,0.35123345255851746,2.2458927631378174,0.012627150863409042,0.11401702463626862,195,,,,,,,,
5e-05,30749,,,,,,,,,,,,,
,30749,0.3911384642124176,3.039005756378174,0.014943661168217659,0.07229423522949219,195,,,,,,,,
,30771,,,,,195,0.3985699415206909,2.805636405944824,0.01224761176854372,0.10575868934392929,,,,
,30771,,,,,195,,,,,0.36653077602386475,2.6246683597564697,0.009770364500582218,0.09429360181093216
5e-05,30799,,,,,,,,,,,,,
,30799,0.30714043974876404,2.428752899169922,0.008785618469119072,0.055479541420936584,196,,,,,,,,
5e-05,30849,,,,,,,,,,,,,
,30849,0.34648948907852173,2.4548845291137695,0.011429836973547935,0.08957119286060333,196,,,,,,,,
5e-05,30899,,,,,,,,,,,,,
,30899,0.6155977249145508,5.005941867828369,0.012265934608876705,0.1027376651763916,196,,,,,,,,
,30928,,,,,196,0.4017787575721741,2.8717141151428223,0.01768478751182556,0.09692250192165375,,,,
,30928,,,,,196,,,,,0.35839104652404785,2.568816900253296,0.007644476369023323,0.09386492520570755
5e-05,30949,,,,,,,,,,,,,
,30949,0.4326467514038086,3.5581235885620117,0.004748834762722254,0.07208554446697235,197,,,,,,,,
5e-05,30999,,,,,,,,,,,,,
,30999,0.3141093850135803,2.1749627590179443,0.021300552412867546,0.07531257718801498,197,,,,,,,,
5e-05,31049,,,,,,,,,,,,,
,31049,0.3777555823326111,2.5318450927734375,0.0033455416560173035,0.1212255209684372,197,,,,,,,,
,31085,,,,,197,0.4049126207828522,2.935070753097534,0.01197198498994112,0.09943361580371857,,,,
,31085,,,,,197,,,,,0.3717661499977112,2.7404401302337646,0.008304920978844166,0.08941713720560074
5e-05,31099,,,,,,,,,,,,,
,31099,0.3838523030281067,2.736863136291504,0.003733576973900199,0.10643243044614792,198,,,,,,,,
5e-05,31149,,,,,,,,,,,,,
,31149,0.3605765104293823,2.543039321899414,0.00966695137321949,0.09660565853118896,198,,,,,,,,
5e-05,31199,,,,,,,,,,,,,
,31199,0.25421446561813354,1.581225872039795,0.007939383387565613,0.08815251290798187,198,,,,,,,,
,31242,,,,,198,0.4045218229293823,2.925882577896118,0.010740756057202816,0.10119280964136124,,,,
,31242,,,,,198,,,,,0.3690494894981384,2.6795175075531006,0.009764116257429123,0.09133360534906387
5e-05,31249,,,,,,,,,,,,,
,31249,0.3438498377799988,2.5536601543426514,0.008176425471901894,0.08030739426612854,199,,,,,,,,
5e-05,31299,,,,,,,,,,,,,
,31299,0.41681116819381714,3.4763717651367188,0.003557029878720641,0.06561694294214249,199,,,,,,,,
5e-05,31349,,,,,,,,,,,,,
,31349,0.35837119817733765,2.929173231124878,0.005277070216834545,0.0601767934858799,199,,,,,,,,
5e-05,31399,,,,,,,,,,,,,
,31399,0.5468668341636658,4.5121660232543945,0.020251447334885597,0.0753987729549408,199,,,,,,,,
,31399,,,,,199,0.3874067962169647,2.7486164569854736,0.012776102870702744,0.09976907819509506,,,,
,31399,,,,,199,,,,,0.3668147623538971,2.620332956314087,0.00969280768185854,0.09508880972862244
